[0.037s] Invoking command in '/home/GTL/asacks/ros_workspace/build/nav2_msgs': AMENT_PREFIX_PATH=/home/GTL/asacks/ros_workspace/install/nav2_common:${AMENT_PREFIX_PATH} CMAKE_PREFIX_PATH=/home/GTL/asacks/ros_workspace/install/nav2_common:/home/GTL/asacks/ros_workspace/install/vrep4_helpers:/home/GTL/asacks/ros_workspace/install/floor_plane_regression_base:/home/GTL/asacks/ros_workspace/install/floor_plane_ransac_base:/home/GTL/asacks/ros_workspace/install/floor_plane_hough_base:/opt/ros/kilted/opt/gz_sim_vendor:/opt/ros/kilted/opt/gz_sensors_vendor:/opt/ros/kilted/opt/gz_physics_vendor:/opt/ros/kilted/opt/sdformat_vendor:/opt/ros/kilted/opt/gz_gui_vendor:/opt/ros/kilted/opt/gz_transport_vendor:/opt/ros/kilted/opt/gz_rendering_vendor:/opt/ros/kilted/opt/gz_plugin_vendor:/opt/ros/kilted/opt/gz_fuel_tools_vendor:/opt/ros/kilted/opt/gz_msgs_vendor:/opt/ros/kilted/opt/gz_common_vendor:/opt/ros/kilted/opt/gz_math_vendor:/opt/ros/kilted/opt/gz_utils_vendor:/opt/ros/kilted/opt/gz_tools_vendor:/opt/ros/kilted/opt/gz_ogre_next_vendor:/opt/ros/kilted/opt/gz_dartsim_vendor:/opt/ros/kilted/opt/gz_cmake_vendor:/home/GTL/asacks/ros_workspace/install/model_prediction:/home/GTL/asacks/ros_workspace/install/joy_teleop:/opt/ros/kilted DEBUGINFOD_URLS=https://debuginfod.ubuntu.com PYTHONPATH=/home/GTL/asacks/ros_workspace/install/nav2_common/lib/python3.12/site-packages:${PYTHONPATH} /usr/bin/cmake /home/GTL/asacks/ros_workspace/src/nav2_msgs -DAMENT_CMAKE_SYMLINK_INSTALL=1 -DCMAKE_INSTALL_PREFIX=/home/GTL/asacks/ros_workspace/install/nav2_msgs
[0.116s] -- The C compiler identification is GNU 13.3.0
[0.174s] -- The CXX compiler identification is GNU 13.3.0
[0.188s] -- Detecting C compiler ABI info
[0.319s] -- Detecting C compiler ABI info - done
[0.328s] -- Check for working C compiler: /usr/bin/cc - skipped
[0.329s] -- Detecting C compile features
[0.329s] -- Detecting C compile features - done
[0.339s] -- Detecting CXX compiler ABI info
[0.474s] -- Detecting CXX compiler ABI info - done
[0.484s] -- Check for working CXX compiler: /usr/bin/c++ - skipped
[0.485s] -- Detecting CXX compile features
[0.485s] -- Detecting CXX compile features - done
[0.512s] -- Found ament_cmake: 2.7.5 (/opt/ros/kilted/share/ament_cmake/cmake)
[0.697s] -- Found Python3: /usr/bin/python3 (found version "3.12.3") found components: Interpreter 
[0.806s] -- Override CMake install command with custom implementation using symlinks instead of copying resources
[1.078s] -- Found nav2_common: 1.4.0 (/home/GTL/asacks/ros_workspace/install/nav2_common/share/nav2_common/cmake)
[1.100s] -- Found builtin_interfaces: 2.3.2 (/opt/ros/kilted/share/builtin_interfaces/cmake)
[1.259s] -- Found rosidl_generator_c: 4.9.8 (/opt/ros/kilted/share/rosidl_generator_c/cmake)
[1.333s] -- Found rosidl_generator_cpp: 4.9.8 (/opt/ros/kilted/share/rosidl_generator_cpp/cmake)
[1.404s] -- Using all available rosidl_typesupport_c: rosidl_typesupport_fastrtps_c;rosidl_typesupport_introspection_c
[1.473s] -- Using all available rosidl_typesupport_cpp: rosidl_typesupport_fastrtps_cpp;rosidl_typesupport_introspection_cpp
[1.550s] -- Found nav_msgs: 5.5.3 (/opt/ros/kilted/share/nav_msgs/cmake)
[1.704s] -- Found rosidl_default_generators: 1.7.2 (/opt/ros/kilted/share/rosidl_default_generators/cmake)
[1.823s] -- Found rosidl_adapter: 4.9.8 (/opt/ros/kilted/share/rosidl_adapter/cmake)
[1.849s] -- Found geographic_msgs: 1.0.6 (/opt/ros/kilted/share/geographic_msgs/cmake)
[1.929s] -- Found action_msgs: 2.3.2 (/opt/ros/kilted/share/action_msgs/cmake)
[1.946s] -- Setting build type to Release as none was specified.
[3.470s] -- Found ament_cmake_ros_core: 0.14.7 (/opt/ros/kilted/share/ament_cmake_ros_core/cmake)
[5.251s] -- Using all available rosidl_typesupport_c: rosidl_typesupport_fastrtps_c;rosidl_typesupport_introspection_c
[6.234s] -- Using all available rosidl_typesupport_cpp: rosidl_typesupport_fastrtps_cpp;rosidl_typesupport_introspection_cpp
[6.835s] -- Found Python3: /usr/bin/python3 (found version "3.12.3") found components: Interpreter Development NumPy Development.Module Development.Embed 
[7.639s] -- Found Python3: /usr/bin/python3 (found version "3.12.3") found components: Interpreter 
[8.171s] -- Configuring done (8.1s)
[9.952s] -- Generating done (1.6s)
[10.083s] -- Build files have been written to: /home/GTL/asacks/ros_workspace/build/nav2_msgs
[10.098s] Invoked command in '/home/GTL/asacks/ros_workspace/build/nav2_msgs' returned '0': AMENT_PREFIX_PATH=/home/GTL/asacks/ros_workspace/install/nav2_common:${AMENT_PREFIX_PATH} CMAKE_PREFIX_PATH=/home/GTL/asacks/ros_workspace/install/nav2_common:/home/GTL/asacks/ros_workspace/install/vrep4_helpers:/home/GTL/asacks/ros_workspace/install/floor_plane_regression_base:/home/GTL/asacks/ros_workspace/install/floor_plane_ransac_base:/home/GTL/asacks/ros_workspace/install/floor_plane_hough_base:/opt/ros/kilted/opt/gz_sim_vendor:/opt/ros/kilted/opt/gz_sensors_vendor:/opt/ros/kilted/opt/gz_physics_vendor:/opt/ros/kilted/opt/sdformat_vendor:/opt/ros/kilted/opt/gz_gui_vendor:/opt/ros/kilted/opt/gz_transport_vendor:/opt/ros/kilted/opt/gz_rendering_vendor:/opt/ros/kilted/opt/gz_plugin_vendor:/opt/ros/kilted/opt/gz_fuel_tools_vendor:/opt/ros/kilted/opt/gz_msgs_vendor:/opt/ros/kilted/opt/gz_common_vendor:/opt/ros/kilted/opt/gz_math_vendor:/opt/ros/kilted/opt/gz_utils_vendor:/opt/ros/kilted/opt/gz_tools_vendor:/opt/ros/kilted/opt/gz_ogre_next_vendor:/opt/ros/kilted/opt/gz_dartsim_vendor:/opt/ros/kilted/opt/gz_cmake_vendor:/home/GTL/asacks/ros_workspace/install/model_prediction:/home/GTL/asacks/ros_workspace/install/joy_teleop:/opt/ros/kilted DEBUGINFOD_URLS=https://debuginfod.ubuntu.com PYTHONPATH=/home/GTL/asacks/ros_workspace/install/nav2_common/lib/python3.12/site-packages:${PYTHONPATH} /usr/bin/cmake /home/GTL/asacks/ros_workspace/src/nav2_msgs -DAMENT_CMAKE_SYMLINK_INSTALL=1 -DCMAKE_INSTALL_PREFIX=/home/GTL/asacks/ros_workspace/install/nav2_msgs
[10.100s] Invoking command in '/home/GTL/asacks/ros_workspace/build/nav2_msgs': AMENT_PREFIX_PATH=/home/GTL/asacks/ros_workspace/install/nav2_common:${AMENT_PREFIX_PATH} CMAKE_PREFIX_PATH=/home/GTL/asacks/ros_workspace/install/nav2_common:/home/GTL/asacks/ros_workspace/install/vrep4_helpers:/home/GTL/asacks/ros_workspace/install/floor_plane_regression_base:/home/GTL/asacks/ros_workspace/install/floor_plane_ransac_base:/home/GTL/asacks/ros_workspace/install/floor_plane_hough_base:/opt/ros/kilted/opt/gz_sim_vendor:/opt/ros/kilted/opt/gz_sensors_vendor:/opt/ros/kilted/opt/gz_physics_vendor:/opt/ros/kilted/opt/sdformat_vendor:/opt/ros/kilted/opt/gz_gui_vendor:/opt/ros/kilted/opt/gz_transport_vendor:/opt/ros/kilted/opt/gz_rendering_vendor:/opt/ros/kilted/opt/gz_plugin_vendor:/opt/ros/kilted/opt/gz_fuel_tools_vendor:/opt/ros/kilted/opt/gz_msgs_vendor:/opt/ros/kilted/opt/gz_common_vendor:/opt/ros/kilted/opt/gz_math_vendor:/opt/ros/kilted/opt/gz_utils_vendor:/opt/ros/kilted/opt/gz_tools_vendor:/opt/ros/kilted/opt/gz_ogre_next_vendor:/opt/ros/kilted/opt/gz_dartsim_vendor:/opt/ros/kilted/opt/gz_cmake_vendor:/home/GTL/asacks/ros_workspace/install/model_prediction:/home/GTL/asacks/ros_workspace/install/joy_teleop:/opt/ros/kilted DEBUGINFOD_URLS=https://debuginfod.ubuntu.com PYTHONPATH=/home/GTL/asacks/ros_workspace/install/nav2_common/lib/python3.12/site-packages:${PYTHONPATH} /usr/bin/cmake --build /home/GTL/asacks/ros_workspace/build/nav2_msgs -- -j16 -l16
[10.178s] [  0%] Generating type hashes for ROS interfaces
[10.180s] [  0%] Generating Rust code for ROS interfaces
[10.185s] [  0%] Built target ament_cmake_python_symlink_nav2_msgs
[10.408s] running egg_info
[10.409s] creating nav2_msgs.egg-info
[10.431s] writing nav2_msgs.egg-info/PKG-INFO
[10.432s] writing dependency_links to nav2_msgs.egg-info/dependency_links.txt
[10.434s] writing top-level names to nav2_msgs.egg-info/top_level.txt
[10.435s] writing manifest file 'nav2_msgs.egg-info/SOURCES.txt'
[10.502s] reading manifest file 'nav2_msgs.egg-info/SOURCES.txt'
[10.503s] writing manifest file 'nav2_msgs.egg-info/SOURCES.txt'
[10.530s] [  0%] Built target ament_cmake_python_build_nav2_msgs_egg
[12.609s] [  0%] Built target nav2_msgs__rs
[12.752s] [  0%] Built target nav2_msgs__rosidl_generator_type_description
[12.765s] [  0%] Generating C code for ROS interfaces
[12.773s] [  0%] Generating C++ code for ROS interfaces
[21.979s] [  0%] Built target nav2_msgs__cpp
[24.720s] [  0%] Building C object CMakeFiles/nav2_msgs__rosidl_generator_c.dir/rosidl_generator_c/nav2_msgs/msg/detail/collision_detector_state__description.c.o
[24.720s] [  0%] Building C object CMakeFiles/nav2_msgs__rosidl_generator_c.dir/rosidl_generator_c/nav2_msgs/msg/detail/collision_monitor_state__functions.c.o
[24.720s] [  0%] Building C object CMakeFiles/nav2_msgs__rosidl_generator_c.dir/rosidl_generator_c/nav2_msgs/msg/detail/collision_monitor_state__description.c.o
[24.728s] [  2%] Building C object CMakeFiles/nav2_msgs__rosidl_generator_c.dir/rosidl_generator_c/nav2_msgs/msg/detail/costmap__type_support.c.o
[24.730s] [  2%] Building C object CMakeFiles/nav2_msgs__rosidl_generator_c.dir/rosidl_generator_c/nav2_msgs/msg/detail/costmap__description.c.o
[24.730s] [  2%] Building C object CMakeFiles/nav2_msgs__rosidl_generator_c.dir/rosidl_generator_c/nav2_msgs/msg/detail/collision_detector_state__functions.c.o
[24.730s] [  2%] Building C object CMakeFiles/nav2_msgs__rosidl_generator_c.dir/rosidl_generator_c/nav2_msgs/msg/detail/costmap__functions.c.o
[24.730s] [  2%] Building C object CMakeFiles/nav2_msgs__rosidl_generator_c.dir/rosidl_generator_c/nav2_msgs/msg/detail/collision_monitor_state__type_support.c.o
[24.730s] [  2%] Building C object CMakeFiles/nav2_msgs__rosidl_generator_c.dir/rosidl_generator_c/nav2_msgs/msg/detail/collision_detector_state__type_support.c.o
[24.731s] [  2%] Building C object CMakeFiles/nav2_msgs__rosidl_generator_c.dir/rosidl_generator_c/nav2_msgs/msg/detail/costmap_meta_data__functions.c.o
[24.733s] [  2%] Building C object CMakeFiles/nav2_msgs__rosidl_generator_c.dir/rosidl_generator_c/nav2_msgs/msg/detail/costmap_meta_data__type_support.c.o
[24.738s] [  3%] Building C object CMakeFiles/nav2_msgs__rosidl_generator_c.dir/rosidl_generator_c/nav2_msgs/msg/detail/costmap_update__description.c.o
[24.738s] [  3%] Building C object CMakeFiles/nav2_msgs__rosidl_generator_c.dir/rosidl_generator_c/nav2_msgs/msg/detail/costmap_meta_data__description.c.o
[24.753s] [  3%] Building C object CMakeFiles/nav2_msgs__rosidl_generator_c.dir/rosidl_generator_c/nav2_msgs/msg/detail/costmap_filter_info__description.c.o
[24.759s] [  3%] Building C object CMakeFiles/nav2_msgs__rosidl_generator_c.dir/rosidl_generator_c/nav2_msgs/msg/detail/costmap_update__type_support.c.o
[24.760s] [  3%] Building C object CMakeFiles/nav2_msgs__rosidl_generator_c.dir/rosidl_generator_c/nav2_msgs/msg/detail/costmap_update__functions.c.o
[24.835s] [  3%] Building C object CMakeFiles/nav2_msgs__rosidl_generator_c.dir/rosidl_generator_c/nav2_msgs/msg/detail/costmap_filter_info__functions.c.o
[24.843s] [  4%] Building C object CMakeFiles/nav2_msgs__rosidl_generator_c.dir/rosidl_generator_c/nav2_msgs/msg/detail/costmap_filter_info__type_support.c.o
[24.854s] [  4%] Building C object CMakeFiles/nav2_msgs__rosidl_generator_c.dir/rosidl_generator_c/nav2_msgs/msg/detail/speed_limit__description.c.o
[24.864s] [  4%] Building C object CMakeFiles/nav2_msgs__rosidl_generator_c.dir/rosidl_generator_c/nav2_msgs/msg/detail/voxel_grid__functions.c.o
[24.865s] [  4%] Building C object CMakeFiles/nav2_msgs__rosidl_generator_c.dir/rosidl_generator_c/nav2_msgs/msg/detail/speed_limit__type_support.c.o
[24.869s] [  4%] Building C object CMakeFiles/nav2_msgs__rosidl_generator_c.dir/rosidl_generator_c/nav2_msgs/msg/detail/speed_limit__functions.c.o
[24.869s] [  4%] Building C object CMakeFiles/nav2_msgs__rosidl_generator_c.dir/rosidl_generator_c/nav2_msgs/msg/detail/behavior_tree_status_change__description.c.o
[24.869s] [  4%] Building C object CMakeFiles/nav2_msgs__rosidl_generator_c.dir/rosidl_generator_c/nav2_msgs/msg/detail/voxel_grid__description.c.o
[24.871s] [  4%] Building C object CMakeFiles/nav2_msgs__rosidl_generator_c.dir/rosidl_generator_c/nav2_msgs/msg/detail/behavior_tree_status_change__functions.c.o
[24.875s] [  5%] Building C object CMakeFiles/nav2_msgs__rosidl_generator_c.dir/rosidl_generator_c/nav2_msgs/msg/detail/voxel_grid__type_support.c.o
[24.903s] [  5%] Building C object CMakeFiles/nav2_msgs__rosidl_generator_c.dir/rosidl_generator_c/nav2_msgs/msg/detail/behavior_tree_status_change__type_support.c.o
[24.913s] [  5%] Building C object CMakeFiles/nav2_msgs__rosidl_generator_c.dir/rosidl_generator_c/nav2_msgs/msg/detail/behavior_tree_log__description.c.o
[24.926s] [  6%] Building C object CMakeFiles/nav2_msgs__rosidl_generator_c.dir/rosidl_generator_c/nav2_msgs/msg/detail/behavior_tree_log__functions.c.o
[24.943s] [  6%] Building C object CMakeFiles/nav2_msgs__rosidl_generator_c.dir/rosidl_generator_c/nav2_msgs/msg/detail/behavior_tree_log__type_support.c.o
[24.949s] [  6%] Building C object CMakeFiles/nav2_msgs__rosidl_generator_c.dir/rosidl_generator_c/nav2_msgs/msg/detail/particle__description.c.o
[24.949s] [  6%] Building C object CMakeFiles/nav2_msgs__rosidl_generator_c.dir/rosidl_generator_c/nav2_msgs/msg/detail/particle__functions.c.o
[24.950s] [  6%] Building C object CMakeFiles/nav2_msgs__rosidl_generator_c.dir/rosidl_generator_c/nav2_msgs/msg/detail/particle__type_support.c.o
[24.963s] [  7%] Building C object CMakeFiles/nav2_msgs__rosidl_generator_c.dir/rosidl_generator_c/nav2_msgs/msg/detail/particle_cloud__description.c.o
[24.971s] [  7%] Building C object CMakeFiles/nav2_msgs__rosidl_generator_c.dir/rosidl_generator_c/nav2_msgs/msg/detail/particle_cloud__functions.c.o
[24.979s] [  7%] Building C object CMakeFiles/nav2_msgs__rosidl_generator_c.dir/rosidl_generator_c/nav2_msgs/msg/detail/particle_cloud__type_support.c.o
[24.999s] [  7%] Building C object CMakeFiles/nav2_msgs__rosidl_generator_c.dir/rosidl_generator_c/nav2_msgs/msg/detail/waypoint_status__functions.c.o
[25.009s] [  7%] Building C object CMakeFiles/nav2_msgs__rosidl_generator_c.dir/rosidl_generator_c/nav2_msgs/msg/detail/waypoint_status__description.c.o
[25.022s] [  8%] Building C object CMakeFiles/nav2_msgs__rosidl_generator_c.dir/rosidl_generator_c/nav2_msgs/msg/detail/waypoint_status__type_support.c.o
[25.030s] [  8%] Building C object CMakeFiles/nav2_msgs__rosidl_generator_c.dir/rosidl_generator_c/nav2_msgs/msg/detail/route__description.c.o
[25.039s] [  8%] Building C object CMakeFiles/nav2_msgs__rosidl_generator_c.dir/rosidl_generator_c/nav2_msgs/msg/detail/route__functions.c.o
[25.049s] [  8%] Building C object CMakeFiles/nav2_msgs__rosidl_generator_c.dir/rosidl_generator_c/nav2_msgs/msg/detail/route__type_support.c.o
[25.060s] [  8%] Building C object CMakeFiles/nav2_msgs__rosidl_generator_c.dir/rosidl_generator_c/nav2_msgs/msg/detail/route_node__description.c.o
[25.063s] [  8%] Building C object CMakeFiles/nav2_msgs__rosidl_generator_c.dir/rosidl_generator_c/nav2_msgs/msg/detail/route_node__functions.c.o
[25.064s] [  9%] Building C object CMakeFiles/nav2_msgs__rosidl_generator_c.dir/rosidl_generator_c/nav2_msgs/msg/detail/route_node__type_support.c.o
[25.081s] [  9%] Building C object CMakeFiles/nav2_msgs__rosidl_generator_c.dir/rosidl_generator_c/nav2_msgs/msg/detail/route_edge__description.c.o
[25.085s] [  9%] Building C object CMakeFiles/nav2_msgs__rosidl_generator_c.dir/rosidl_generator_c/nav2_msgs/msg/detail/route_edge__type_support.c.o
[25.088s] [  9%] Building C object CMakeFiles/nav2_msgs__rosidl_generator_c.dir/rosidl_generator_c/nav2_msgs/msg/detail/route_edge__functions.c.o
[25.102s] [  9%] Building C object CMakeFiles/nav2_msgs__rosidl_generator_c.dir/rosidl_generator_c/nav2_msgs/msg/detail/edge_cost__description.c.o
[25.129s] [ 10%] Building C object CMakeFiles/nav2_msgs__rosidl_generator_c.dir/rosidl_generator_c/nav2_msgs/msg/detail/edge_cost__functions.c.o
[25.129s] [ 10%] Building C object CMakeFiles/nav2_msgs__rosidl_generator_c.dir/rosidl_generator_c/nav2_msgs/msg/detail/edge_cost__type_support.c.o
[25.137s] [ 10%] Building C object CMakeFiles/nav2_msgs__rosidl_generator_c.dir/rosidl_generator_c/nav2_msgs/msg/detail/trajectory__description.c.o
[25.161s] [ 10%] Building C object CMakeFiles/nav2_msgs__rosidl_generator_c.dir/rosidl_generator_c/nav2_msgs/msg/detail/trajectory__functions.c.o
[25.163s] [ 10%] Building C object CMakeFiles/nav2_msgs__rosidl_generator_c.dir/rosidl_generator_c/nav2_msgs/msg/detail/trajectory__type_support.c.o
[25.176s] [ 11%] Building C object CMakeFiles/nav2_msgs__rosidl_generator_c.dir/rosidl_generator_c/nav2_msgs/msg/detail/trajectory_point__description.c.o
[25.184s] [ 11%] Building C object CMakeFiles/nav2_msgs__rosidl_generator_c.dir/rosidl_generator_c/nav2_msgs/msg/detail/trajectory_point__functions.c.o
[25.184s] [ 11%] Building C object CMakeFiles/nav2_msgs__rosidl_generator_c.dir/rosidl_generator_c/nav2_msgs/msg/detail/trajectory_point__type_support.c.o
[25.186s] [ 11%] Building C object CMakeFiles/nav2_msgs__rosidl_generator_c.dir/rosidl_generator_c/nav2_msgs/srv/detail/get_costs__description.c.o
[25.199s] [ 11%] Building C object CMakeFiles/nav2_msgs__rosidl_generator_c.dir/rosidl_generator_c/nav2_msgs/srv/detail/get_costs__functions.c.o
[25.215s] [ 11%] Building C object CMakeFiles/nav2_msgs__rosidl_generator_c.dir/rosidl_generator_c/nav2_msgs/srv/detail/get_costmap__description.c.o
[25.216s] [ 11%] Building C object CMakeFiles/nav2_msgs__rosidl_generator_c.dir/rosidl_generator_c/nav2_msgs/srv/detail/get_costmap__functions.c.o
[25.222s] [ 11%] Building C object CMakeFiles/nav2_msgs__rosidl_generator_c.dir/rosidl_generator_c/nav2_msgs/srv/detail/get_costmap__type_support.c.o
[25.227s] [ 12%] Building C object CMakeFiles/nav2_msgs__rosidl_generator_c.dir/rosidl_generator_c/nav2_msgs/srv/detail/get_costs__type_support.c.o
[25.244s] [ 12%] Building C object CMakeFiles/nav2_msgs__rosidl_generator_c.dir/rosidl_generator_c/nav2_msgs/srv/detail/is_path_valid__description.c.o
[25.255s] [ 12%] Building C object CMakeFiles/nav2_msgs__rosidl_generator_c.dir/rosidl_generator_c/nav2_msgs/srv/detail/is_path_valid__functions.c.o
[25.263s] [ 13%] Building C object CMakeFiles/nav2_msgs__rosidl_generator_c.dir/rosidl_generator_c/nav2_msgs/srv/detail/is_path_valid__type_support.c.o
[25.274s] [ 13%] Building C object CMakeFiles/nav2_msgs__rosidl_generator_c.dir/rosidl_generator_c/nav2_msgs/srv/detail/clear_costmap_except_region__description.c.o
[25.276s] [ 13%] Building C object CMakeFiles/nav2_msgs__rosidl_generator_c.dir/rosidl_generator_c/nav2_msgs/srv/detail/clear_costmap_except_region__functions.c.o
[25.281s] [ 13%] Building C object CMakeFiles/nav2_msgs__rosidl_generator_c.dir/rosidl_generator_c/nav2_msgs/srv/detail/clear_costmap_except_region__type_support.c.o
[25.304s] [ 13%] Building C object CMakeFiles/nav2_msgs__rosidl_generator_c.dir/rosidl_generator_c/nav2_msgs/srv/detail/clear_costmap_around_robot__description.c.o
[25.327s] [ 14%] Building C object CMakeFiles/nav2_msgs__rosidl_generator_c.dir/rosidl_generator_c/nav2_msgs/srv/detail/clear_costmap_around_robot__functions.c.o
[25.339s] [ 14%] Building C object CMakeFiles/nav2_msgs__rosidl_generator_c.dir/rosidl_generator_c/nav2_msgs/srv/detail/clear_costmap_around_robot__type_support.c.o
[25.348s] [ 14%] Building C object CMakeFiles/nav2_msgs__rosidl_generator_c.dir/rosidl_generator_c/nav2_msgs/srv/detail/clear_entire_costmap__description.c.o
[25.368s] [ 14%] Building C object CMakeFiles/nav2_msgs__rosidl_generator_c.dir/rosidl_generator_c/nav2_msgs/srv/detail/clear_entire_costmap__functions.c.o
[25.382s] [ 14%] Building C object CMakeFiles/nav2_msgs__rosidl_generator_c.dir/rosidl_generator_c/nav2_msgs/srv/detail/clear_entire_costmap__type_support.c.o
[25.391s] [ 15%] Building C object CMakeFiles/nav2_msgs__rosidl_generator_c.dir/rosidl_generator_c/nav2_msgs/srv/detail/manage_lifecycle_nodes__description.c.o
[25.399s] [ 15%] Building C object CMakeFiles/nav2_msgs__rosidl_generator_c.dir/rosidl_generator_c/nav2_msgs/srv/detail/manage_lifecycle_nodes__functions.c.o
[25.410s] [ 15%] Building C object CMakeFiles/nav2_msgs__rosidl_generator_c.dir/rosidl_generator_c/nav2_msgs/srv/detail/manage_lifecycle_nodes__type_support.c.o
[25.439s] [ 15%] Building C object CMakeFiles/nav2_msgs__rosidl_generator_c.dir/rosidl_generator_c/nav2_msgs/srv/detail/load_map__description.c.o
[25.446s] [ 15%] Building C object CMakeFiles/nav2_msgs__rosidl_generator_c.dir/rosidl_generator_c/nav2_msgs/srv/detail/load_map__functions.c.o
[25.455s] [ 16%] Building C object CMakeFiles/nav2_msgs__rosidl_generator_c.dir/rosidl_generator_c/nav2_msgs/srv/detail/save_map__description.c.o
[25.456s] [ 16%] Building C object CMakeFiles/nav2_msgs__rosidl_generator_c.dir/rosidl_generator_c/nav2_msgs/srv/detail/load_map__type_support.c.o
[25.472s] [ 16%] Building C object CMakeFiles/nav2_msgs__rosidl_generator_c.dir/rosidl_generator_c/nav2_msgs/srv/detail/save_map__functions.c.o
[25.478s] [ 16%] Building C object CMakeFiles/nav2_msgs__rosidl_generator_c.dir/rosidl_generator_c/nav2_msgs/srv/detail/save_map__type_support.c.o
[25.495s] [ 16%] Building C object CMakeFiles/nav2_msgs__rosidl_generator_c.dir/rosidl_generator_c/nav2_msgs/srv/detail/set_initial_pose__description.c.o
[25.526s] [ 16%] Building C object CMakeFiles/nav2_msgs__rosidl_generator_c.dir/rosidl_generator_c/nav2_msgs/srv/detail/set_initial_pose__functions.c.o
[25.547s] [ 17%] Building C object CMakeFiles/nav2_msgs__rosidl_generator_c.dir/rosidl_generator_c/nav2_msgs/srv/detail/set_initial_pose__type_support.c.o
[25.551s] [ 17%] Building C object CMakeFiles/nav2_msgs__rosidl_generator_c.dir/rosidl_generator_c/nav2_msgs/srv/detail/reload_dock_database__description.c.o
[25.571s] [ 17%] Building C object CMakeFiles/nav2_msgs__rosidl_generator_c.dir/rosidl_generator_c/nav2_msgs/srv/detail/reload_dock_database__functions.c.o
[25.580s] [ 17%] Building C object CMakeFiles/nav2_msgs__rosidl_generator_c.dir/rosidl_generator_c/nav2_msgs/srv/detail/reload_dock_database__type_support.c.o
[25.587s] [ 18%] Building C object CMakeFiles/nav2_msgs__rosidl_generator_c.dir/rosidl_generator_c/nav2_msgs/srv/detail/set_route_graph__functions.c.o
[25.589s] [ 18%] Building C object CMakeFiles/nav2_msgs__rosidl_generator_c.dir/rosidl_generator_c/nav2_msgs/srv/detail/set_route_graph__description.c.o
[25.616s] [ 18%] Building C object CMakeFiles/nav2_msgs__rosidl_generator_c.dir/rosidl_generator_c/nav2_msgs/srv/detail/set_route_graph__type_support.c.o
[25.626s] [ 18%] Building C object CMakeFiles/nav2_msgs__rosidl_generator_c.dir/rosidl_generator_c/nav2_msgs/srv/detail/dynamic_edges__description.c.o
[25.647s] [ 18%] Building C object CMakeFiles/nav2_msgs__rosidl_generator_c.dir/rosidl_generator_c/nav2_msgs/srv/detail/dynamic_edges__functions.c.o
[25.667s] [ 18%] Building C object CMakeFiles/nav2_msgs__rosidl_generator_c.dir/rosidl_generator_c/nav2_msgs/srv/detail/dynamic_edges__type_support.c.o
[25.676s] [ 19%] Building C object CMakeFiles/nav2_msgs__rosidl_generator_c.dir/rosidl_generator_c/nav2_msgs/action/detail/assisted_teleop__description.c.o
[25.676s] [ 19%] Building C object CMakeFiles/nav2_msgs__rosidl_generator_c.dir/rosidl_generator_c/nav2_msgs/action/detail/assisted_teleop__functions.c.o
[25.694s] [ 19%] Building C object CMakeFiles/nav2_msgs__rosidl_generator_c.dir/rosidl_generator_c/nav2_msgs/action/detail/assisted_teleop__type_support.c.o
[25.707s] [ 19%] Building C object CMakeFiles/nav2_msgs__rosidl_generator_c.dir/rosidl_generator_c/nav2_msgs/action/detail/back_up__functions.c.o
[25.712s] [ 19%] Building C object CMakeFiles/nav2_msgs__rosidl_generator_c.dir/rosidl_generator_c/nav2_msgs/action/detail/back_up__description.c.o
[25.717s] [ 20%] Building C object CMakeFiles/nav2_msgs__rosidl_generator_c.dir/rosidl_generator_c/nav2_msgs/action/detail/back_up__type_support.c.o
[25.753s] [ 20%] Building C object CMakeFiles/nav2_msgs__rosidl_generator_c.dir/rosidl_generator_c/nav2_msgs/action/detail/compute_path_to_pose__description.c.o
[25.755s] [ 20%] Building C object CMakeFiles/nav2_msgs__rosidl_generator_c.dir/rosidl_generator_c/nav2_msgs/action/detail/compute_path_to_pose__functions.c.o
[25.760s] [ 20%] Building C object CMakeFiles/nav2_msgs__rosidl_generator_c.dir/rosidl_generator_c/nav2_msgs/action/detail/compute_path_to_pose__type_support.c.o
[25.768s] [ 20%] Building C object CMakeFiles/nav2_msgs__rosidl_generator_c.dir/rosidl_generator_c/nav2_msgs/action/detail/compute_path_through_poses__description.c.o
[25.804s] [ 20%] Building C object CMakeFiles/nav2_msgs__rosidl_generator_c.dir/rosidl_generator_c/nav2_msgs/action/detail/compute_path_through_poses__functions.c.o
[25.814s] [ 21%] Building C object CMakeFiles/nav2_msgs__rosidl_generator_c.dir/rosidl_generator_c/nav2_msgs/action/detail/compute_path_through_poses__type_support.c.o
[25.823s] [ 21%] Building C object CMakeFiles/nav2_msgs__rosidl_generator_c.dir/rosidl_generator_c/nav2_msgs/action/detail/drive_on_heading__description.c.o
[25.836s] [ 21%] Building C object CMakeFiles/nav2_msgs__rosidl_generator_c.dir/rosidl_generator_c/nav2_msgs/action/detail/drive_on_heading__functions.c.o
[25.839s] [ 21%] Building C object CMakeFiles/nav2_msgs__rosidl_generator_c.dir/rosidl_generator_c/nav2_msgs/action/detail/drive_on_heading__type_support.c.o
[25.900s] [ 21%] Building C object CMakeFiles/nav2_msgs__rosidl_generator_c.dir/rosidl_generator_c/nav2_msgs/action/detail/smooth_path__description.c.o
[25.932s] [ 22%] Building C object CMakeFiles/nav2_msgs__rosidl_generator_c.dir/rosidl_generator_c/nav2_msgs/action/detail/smooth_path__functions.c.o
[25.947s] [ 22%] Building C object CMakeFiles/nav2_msgs__rosidl_generator_c.dir/rosidl_generator_c/nav2_msgs/action/detail/smooth_path__type_support.c.o
[25.950s] [ 22%] Building C object CMakeFiles/nav2_msgs__rosidl_generator_c.dir/rosidl_generator_c/nav2_msgs/action/detail/follow_path__description.c.o
[25.959s] [ 22%] Building C object CMakeFiles/nav2_msgs__rosidl_generator_c.dir/rosidl_generator_c/nav2_msgs/action/detail/follow_path__functions.c.o
[25.966s] [ 22%] Building C object CMakeFiles/nav2_msgs__rosidl_generator_c.dir/rosidl_generator_c/nav2_msgs/action/detail/follow_path__type_support.c.o
[25.978s] [ 23%] Building C object CMakeFiles/nav2_msgs__rosidl_generator_c.dir/rosidl_generator_c/nav2_msgs/action/detail/navigate_to_pose__description.c.o
[25.986s] [ 23%] Building C object CMakeFiles/nav2_msgs__rosidl_generator_c.dir/rosidl_generator_c/nav2_msgs/action/detail/navigate_to_pose__functions.c.o
[26.096s] [ 23%] Building C object CMakeFiles/nav2_msgs__rosidl_generator_c.dir/rosidl_generator_c/nav2_msgs/action/detail/navigate_to_pose__type_support.c.o
[26.125s] [ 23%] Building C object CMakeFiles/nav2_msgs__rosidl_generator_c.dir/rosidl_generator_c/nav2_msgs/action/detail/navigate_through_poses__description.c.o
[26.139s] [ 23%] Building C object CMakeFiles/nav2_msgs__rosidl_generator_c.dir/rosidl_generator_c/nav2_msgs/action/detail/navigate_through_poses__functions.c.o
[26.175s] [ 24%] Building C object CMakeFiles/nav2_msgs__rosidl_generator_c.dir/rosidl_generator_c/nav2_msgs/action/detail/navigate_through_poses__type_support.c.o
[26.179s] [ 24%] Building C object CMakeFiles/nav2_msgs__rosidl_generator_c.dir/rosidl_generator_c/nav2_msgs/action/detail/wait__description.c.o
[26.283s] [ 24%] Building C object CMakeFiles/nav2_msgs__rosidl_generator_c.dir/rosidl_generator_c/nav2_msgs/action/detail/wait__functions.c.o
[26.303s] [ 24%] Building C object CMakeFiles/nav2_msgs__rosidl_generator_c.dir/rosidl_generator_c/nav2_msgs/action/detail/wait__type_support.c.o
[26.360s] [ 24%] Building C object CMakeFiles/nav2_msgs__rosidl_generator_c.dir/rosidl_generator_c/nav2_msgs/action/detail/spin__description.c.o
[26.362s] [ 24%] Building C object CMakeFiles/nav2_msgs__rosidl_generator_c.dir/rosidl_generator_c/nav2_msgs/action/detail/spin__functions.c.o
[26.408s] [ 25%] Building C object CMakeFiles/nav2_msgs__rosidl_generator_c.dir/rosidl_generator_c/nav2_msgs/action/detail/spin__type_support.c.o
[26.477s] [ 25%] Building C object CMakeFiles/nav2_msgs__rosidl_generator_c.dir/rosidl_generator_c/nav2_msgs/action/detail/dummy_behavior__description.c.o
[26.508s] [ 25%] Building C object CMakeFiles/nav2_msgs__rosidl_generator_c.dir/rosidl_generator_c/nav2_msgs/action/detail/dummy_behavior__functions.c.o
[26.569s] [ 25%] Building C object CMakeFiles/nav2_msgs__rosidl_generator_c.dir/rosidl_generator_c/nav2_msgs/action/detail/dummy_behavior__type_support.c.o
[26.607s] [ 25%] Building C object CMakeFiles/nav2_msgs__rosidl_generator_c.dir/rosidl_generator_c/nav2_msgs/action/detail/follow_waypoints__description.c.o
[26.634s] [ 26%] Building C object CMakeFiles/nav2_msgs__rosidl_generator_c.dir/rosidl_generator_c/nav2_msgs/action/detail/follow_waypoints__functions.c.o
[26.662s] [ 26%] Building C object CMakeFiles/nav2_msgs__rosidl_generator_c.dir/rosidl_generator_c/nav2_msgs/action/detail/follow_waypoints__type_support.c.o
[26.773s] [ 26%] Building C object CMakeFiles/nav2_msgs__rosidl_generator_c.dir/rosidl_generator_c/nav2_msgs/action/detail/follow_gps_waypoints__description.c.o
[26.812s] [ 26%] Building C object CMakeFiles/nav2_msgs__rosidl_generator_c.dir/rosidl_generator_c/nav2_msgs/action/detail/follow_gps_waypoints__type_support.c.o
[26.815s] [ 26%] Building C object CMakeFiles/nav2_msgs__rosidl_generator_c.dir/rosidl_generator_c/nav2_msgs/action/detail/follow_gps_waypoints__functions.c.o
[26.851s] [ 27%] Building C object CMakeFiles/nav2_msgs__rosidl_generator_c.dir/rosidl_generator_c/nav2_msgs/action/detail/dock_robot__description.c.o
[26.859s] [ 27%] Building C object CMakeFiles/nav2_msgs__rosidl_generator_c.dir/rosidl_generator_c/nav2_msgs/action/detail/dock_robot__type_support.c.o
[26.864s] [ 27%] Building C object CMakeFiles/nav2_msgs__rosidl_generator_c.dir/rosidl_generator_c/nav2_msgs/action/detail/dock_robot__functions.c.o
[26.874s] [ 27%] Building C object CMakeFiles/nav2_msgs__rosidl_generator_c.dir/rosidl_generator_c/nav2_msgs/action/detail/undock_robot__description.c.o
[26.934s] [ 27%] Building C object CMakeFiles/nav2_msgs__rosidl_generator_c.dir/rosidl_generator_c/nav2_msgs/action/detail/undock_robot__functions.c.o
[27.021s] [ 28%] Building C object CMakeFiles/nav2_msgs__rosidl_generator_c.dir/rosidl_generator_c/nav2_msgs/action/detail/undock_robot__type_support.c.o
[27.024s] [ 28%] Building C object CMakeFiles/nav2_msgs__rosidl_generator_c.dir/rosidl_generator_c/nav2_msgs/action/detail/compute_route__description.c.o
[27.065s] [ 28%] Building C object CMakeFiles/nav2_msgs__rosidl_generator_c.dir/rosidl_generator_c/nav2_msgs/action/detail/compute_route__functions.c.o
[27.072s] [ 28%] Building C object CMakeFiles/nav2_msgs__rosidl_generator_c.dir/rosidl_generator_c/nav2_msgs/action/detail/compute_route__type_support.c.o
[27.073s] [ 28%] Building C object CMakeFiles/nav2_msgs__rosidl_generator_c.dir/rosidl_generator_c/nav2_msgs/action/detail/compute_and_track_route__description.c.o
[27.185s] [ 28%] Building C object CMakeFiles/nav2_msgs__rosidl_generator_c.dir/rosidl_generator_c/nav2_msgs/action/detail/compute_and_track_route__functions.c.o
[27.192s] [ 29%] Building C object CMakeFiles/nav2_msgs__rosidl_generator_c.dir/rosidl_generator_c/nav2_msgs/action/detail/compute_and_track_route__type_support.c.o
[27.938s] [ 29%] Linking C shared library libnav2_msgs__rosidl_generator_c.so
[28.300s] [ 29%] Built target nav2_msgs__rosidl_generator_c
[28.316s] [ 31%] Generating C introspection for ROS interfaces
[28.317s] [ 31%] Generating C type support for eProsima Fast-RTPS
[28.319s] [ 31%] Generating C type support dispatch for ROS interfaces
[28.320s] [ 31%] Generating C++ type support dispatch for ROS interfaces
[28.322s] [ 31%] Generating C++ introspection for ROS interfaces
[28.323s] [ 31%] Generating C++ type support for eProsima Fast-RTPS
[33.881s] [ 32%] Building CXX object CMakeFiles/nav2_msgs__rosidl_typesupport_c.dir/rosidl_typesupport_c/nav2_msgs/msg/costmap_meta_data__type_support.cpp.o
[33.883s] [ 32%] Building CXX object CMakeFiles/nav2_msgs__rosidl_typesupport_c.dir/rosidl_typesupport_c/nav2_msgs/msg/costmap_update__type_support.cpp.o
[33.885s] [ 32%] Building CXX object CMakeFiles/nav2_msgs__rosidl_typesupport_c.dir/rosidl_typesupport_c/nav2_msgs/msg/costmap_filter_info__type_support.cpp.o
[33.886s] [ 32%] Building CXX object CMakeFiles/nav2_msgs__rosidl_typesupport_c.dir/rosidl_typesupport_c/nav2_msgs/msg/collision_detector_state__type_support.cpp.o
[33.886s] [ 32%] Building CXX object CMakeFiles/nav2_msgs__rosidl_typesupport_c.dir/rosidl_typesupport_c/nav2_msgs/msg/voxel_grid__type_support.cpp.o
[33.888s] [ 32%] Building CXX object CMakeFiles/nav2_msgs__rosidl_typesupport_c.dir/rosidl_typesupport_c/nav2_msgs/msg/speed_limit__type_support.cpp.o
[33.889s] [ 32%] Building CXX object CMakeFiles/nav2_msgs__rosidl_typesupport_c.dir/rosidl_typesupport_c/nav2_msgs/msg/costmap__type_support.cpp.o
[33.889s] [ 32%] Building CXX object CMakeFiles/nav2_msgs__rosidl_typesupport_c.dir/rosidl_typesupport_c/nav2_msgs/msg/collision_monitor_state__type_support.cpp.o
[33.890s] [ 33%] Building CXX object CMakeFiles/nav2_msgs__rosidl_typesupport_c.dir/rosidl_typesupport_c/nav2_msgs/msg/behavior_tree_status_change__type_support.cpp.o
[33.890s] [ 33%] Building CXX object CMakeFiles/nav2_msgs__rosidl_typesupport_c.dir/rosidl_typesupport_c/nav2_msgs/msg/behavior_tree_log__type_support.cpp.o
[33.891s] [ 33%] Building CXX object CMakeFiles/nav2_msgs__rosidl_typesupport_c.dir/rosidl_typesupport_c/nav2_msgs/msg/particle__type_support.cpp.o
[33.972s] [ 33%] Building CXX object CMakeFiles/nav2_msgs__rosidl_typesupport_c.dir/rosidl_typesupport_c/nav2_msgs/msg/particle_cloud__type_support.cpp.o
[33.975s] [ 33%] Building CXX object CMakeFiles/nav2_msgs__rosidl_typesupport_c.dir/rosidl_typesupport_c/nav2_msgs/msg/waypoint_status__type_support.cpp.o
[33.976s] [ 33%] Building CXX object CMakeFiles/nav2_msgs__rosidl_typesupport_c.dir/rosidl_typesupport_c/nav2_msgs/msg/edge_cost__type_support.cpp.o
[33.981s] [ 34%] Building CXX object CMakeFiles/nav2_msgs__rosidl_typesupport_c.dir/rosidl_typesupport_c/nav2_msgs/msg/route_node__type_support.cpp.o
[33.983s] [ 34%] Building CXX object CMakeFiles/nav2_msgs__rosidl_typesupport_c.dir/rosidl_typesupport_c/nav2_msgs/msg/route__type_support.cpp.o
[33.984s] [ 34%] Building CXX object CMakeFiles/nav2_msgs__rosidl_typesupport_c.dir/rosidl_typesupport_c/nav2_msgs/msg/route_edge__type_support.cpp.o
[33.984s] [ 35%] Building CXX object CMakeFiles/nav2_msgs__rosidl_typesupport_c.dir/rosidl_typesupport_c/nav2_msgs/msg/trajectory__type_support.cpp.o
[33.984s] [ 35%] Building CXX object CMakeFiles/nav2_msgs__rosidl_typesupport_c.dir/rosidl_typesupport_c/nav2_msgs/msg/trajectory_point__type_support.cpp.o
[33.984s] [ 35%] Building CXX object CMakeFiles/nav2_msgs__rosidl_typesupport_c.dir/rosidl_typesupport_c/nav2_msgs/srv/get_costmap__type_support.cpp.o
[33.986s] [ 35%] Building CXX object CMakeFiles/nav2_msgs__rosidl_typesupport_c.dir/rosidl_typesupport_c/nav2_msgs/srv/get_costs__type_support.cpp.o
[33.989s] [ 35%] Building CXX object CMakeFiles/nav2_msgs__rosidl_typesupport_c.dir/rosidl_typesupport_c/nav2_msgs/srv/is_path_valid__type_support.cpp.o
[34.065s] [ 35%] Building CXX object CMakeFiles/nav2_msgs__rosidl_typesupport_c.dir/rosidl_typesupport_c/nav2_msgs/srv/clear_costmap_except_region__type_support.cpp.o
[34.070s] [ 36%] Building CXX object CMakeFiles/nav2_msgs__rosidl_typesupport_c.dir/rosidl_typesupport_c/nav2_msgs/srv/clear_costmap_around_robot__type_support.cpp.o
[34.073s] [ 36%] Building CXX object CMakeFiles/nav2_msgs__rosidl_typesupport_c.dir/rosidl_typesupport_c/nav2_msgs/srv/clear_entire_costmap__type_support.cpp.o
[34.075s] [ 36%] Building CXX object CMakeFiles/nav2_msgs__rosidl_typesupport_c.dir/rosidl_typesupport_c/nav2_msgs/srv/manage_lifecycle_nodes__type_support.cpp.o
[34.081s] [ 36%] Building CXX object CMakeFiles/nav2_msgs__rosidl_typesupport_c.dir/rosidl_typesupport_c/nav2_msgs/srv/load_map__type_support.cpp.o
[34.087s] [ 36%] Building CXX object CMakeFiles/nav2_msgs__rosidl_typesupport_c.dir/rosidl_typesupport_c/nav2_msgs/srv/save_map__type_support.cpp.o
[34.102s] [ 36%] Building CXX object CMakeFiles/nav2_msgs__rosidl_typesupport_c.dir/rosidl_typesupport_c/nav2_msgs/srv/set_initial_pose__type_support.cpp.o
[34.112s] [ 37%] Building CXX object CMakeFiles/nav2_msgs__rosidl_typesupport_c.dir/rosidl_typesupport_c/nav2_msgs/srv/reload_dock_database__type_support.cpp.o
[34.117s] [ 37%] Building CXX object CMakeFiles/nav2_msgs__rosidl_typesupport_c.dir/rosidl_typesupport_c/nav2_msgs/srv/set_route_graph__type_support.cpp.o
[34.122s] [ 37%] Building CXX object CMakeFiles/nav2_msgs__rosidl_typesupport_c.dir/rosidl_typesupport_c/nav2_msgs/action/assisted_teleop__type_support.cpp.o
[34.123s] [ 37%] Building CXX object CMakeFiles/nav2_msgs__rosidl_typesupport_c.dir/rosidl_typesupport_c/nav2_msgs/srv/dynamic_edges__type_support.cpp.o
[34.159s] [ 37%] Building CXX object CMakeFiles/nav2_msgs__rosidl_typesupport_c.dir/rosidl_typesupport_c/nav2_msgs/action/back_up__type_support.cpp.o
[34.179s] [ 38%] Building CXX object CMakeFiles/nav2_msgs__rosidl_typesupport_c.dir/rosidl_typesupport_c/nav2_msgs/action/compute_path_through_poses__type_support.cpp.o
[34.179s] [ 38%] Building CXX object CMakeFiles/nav2_msgs__rosidl_typesupport_c.dir/rosidl_typesupport_c/nav2_msgs/action/compute_path_to_pose__type_support.cpp.o
[34.181s] [ 38%] Building CXX object CMakeFiles/nav2_msgs__rosidl_typesupport_c.dir/rosidl_typesupport_c/nav2_msgs/action/drive_on_heading__type_support.cpp.o
[34.191s] [ 38%] Building CXX object CMakeFiles/nav2_msgs__rosidl_typesupport_c.dir/rosidl_typesupport_c/nav2_msgs/action/smooth_path__type_support.cpp.o
[34.196s] [ 38%] Building CXX object CMakeFiles/nav2_msgs__rosidl_typesupport_c.dir/rosidl_typesupport_c/nav2_msgs/action/follow_path__type_support.cpp.o
[34.207s] [ 39%] Building CXX object CMakeFiles/nav2_msgs__rosidl_typesupport_c.dir/rosidl_typesupport_c/nav2_msgs/action/navigate_to_pose__type_support.cpp.o
[34.219s] [ 39%] Building CXX object CMakeFiles/nav2_msgs__rosidl_typesupport_c.dir/rosidl_typesupport_c/nav2_msgs/action/navigate_through_poses__type_support.cpp.o
[34.232s] [ 39%] Building CXX object CMakeFiles/nav2_msgs__rosidl_typesupport_c.dir/rosidl_typesupport_c/nav2_msgs/action/wait__type_support.cpp.o
[34.236s] [ 39%] Building CXX object CMakeFiles/nav2_msgs__rosidl_typesupport_c.dir/rosidl_typesupport_c/nav2_msgs/action/spin__type_support.cpp.o
[34.291s] [ 39%] Building CXX object CMakeFiles/nav2_msgs__rosidl_typesupport_c.dir/rosidl_typesupport_c/nav2_msgs/action/dummy_behavior__type_support.cpp.o
[34.319s] [ 40%] Building CXX object CMakeFiles/nav2_msgs__rosidl_typesupport_c.dir/rosidl_typesupport_c/nav2_msgs/action/follow_waypoints__type_support.cpp.o
[34.323s] [ 40%] Building CXX object CMakeFiles/nav2_msgs__rosidl_typesupport_c.dir/rosidl_typesupport_c/nav2_msgs/action/follow_gps_waypoints__type_support.cpp.o
[34.335s] [ 40%] Building CXX object CMakeFiles/nav2_msgs__rosidl_typesupport_c.dir/rosidl_typesupport_c/nav2_msgs/action/dock_robot__type_support.cpp.o
[34.338s] [ 40%] Building CXX object CMakeFiles/nav2_msgs__rosidl_typesupport_c.dir/rosidl_typesupport_c/nav2_msgs/action/undock_robot__type_support.cpp.o
[34.344s] [ 40%] Building CXX object CMakeFiles/nav2_msgs__rosidl_typesupport_c.dir/rosidl_typesupport_c/nav2_msgs/action/compute_route__type_support.cpp.o
[34.361s] [ 40%] Building CXX object CMakeFiles/nav2_msgs__rosidl_typesupport_c.dir/rosidl_typesupport_c/nav2_msgs/action/compute_and_track_route__type_support.cpp.o
[34.414s] [ 40%] Building CXX object CMakeFiles/nav2_msgs__rosidl_typesupport_cpp.dir/rosidl_typesupport_cpp/nav2_msgs/msg/collision_detector_state__type_support.cpp.o
[34.415s] [ 40%] Building CXX object CMakeFiles/nav2_msgs__rosidl_typesupport_cpp.dir/rosidl_typesupport_cpp/nav2_msgs/msg/costmap__type_support.cpp.o
[34.416s] [ 40%] Building CXX object CMakeFiles/nav2_msgs__rosidl_typesupport_cpp.dir/rosidl_typesupport_cpp/nav2_msgs/msg/collision_monitor_state__type_support.cpp.o
[34.422s] [ 40%] Building CXX object CMakeFiles/nav2_msgs__rosidl_typesupport_cpp.dir/rosidl_typesupport_cpp/nav2_msgs/msg/costmap_filter_info__type_support.cpp.o
[34.426s] [ 41%] Building CXX object CMakeFiles/nav2_msgs__rosidl_typesupport_cpp.dir/rosidl_typesupport_cpp/nav2_msgs/msg/costmap_update__type_support.cpp.o
[34.429s] [ 41%] Building CXX object CMakeFiles/nav2_msgs__rosidl_typesupport_cpp.dir/rosidl_typesupport_cpp/nav2_msgs/msg/costmap_meta_data__type_support.cpp.o
[34.445s] [ 41%] Building CXX object CMakeFiles/nav2_msgs__rosidl_typesupport_cpp.dir/rosidl_typesupport_cpp/nav2_msgs/msg/speed_limit__type_support.cpp.o
[34.446s] [ 41%] Building CXX object CMakeFiles/nav2_msgs__rosidl_typesupport_cpp.dir/rosidl_typesupport_cpp/nav2_msgs/msg/voxel_grid__type_support.cpp.o
[34.452s] [ 42%] Building CXX object CMakeFiles/nav2_msgs__rosidl_typesupport_cpp.dir/rosidl_typesupport_cpp/nav2_msgs/msg/behavior_tree_status_change__type_support.cpp.o
[34.455s] [ 42%] Building CXX object CMakeFiles/nav2_msgs__rosidl_typesupport_cpp.dir/rosidl_typesupport_cpp/nav2_msgs/msg/behavior_tree_log__type_support.cpp.o
[34.459s] [ 43%] Building CXX object CMakeFiles/nav2_msgs__rosidl_typesupport_cpp.dir/rosidl_typesupport_cpp/nav2_msgs/msg/particle__type_support.cpp.o
[34.459s] [ 43%] Linking CXX shared library libnav2_msgs__rosidl_typesupport_c.so
[34.754s] [ 43%] Built target nav2_msgs__rosidl_typesupport_c
[34.784s] [ 43%] Building CXX object CMakeFiles/nav2_msgs__rosidl_typesupport_cpp.dir/rosidl_typesupport_cpp/nav2_msgs/msg/particle_cloud__type_support.cpp.o
[35.015s] [ 43%] Building CXX object CMakeFiles/nav2_msgs__rosidl_typesupport_cpp.dir/rosidl_typesupport_cpp/nav2_msgs/msg/waypoint_status__type_support.cpp.o
[35.034s] [ 43%] Building CXX object CMakeFiles/nav2_msgs__rosidl_typesupport_cpp.dir/rosidl_typesupport_cpp/nav2_msgs/msg/route_node__type_support.cpp.o
[35.040s] [ 44%] Building CXX object CMakeFiles/nav2_msgs__rosidl_typesupport_cpp.dir/rosidl_typesupport_cpp/nav2_msgs/msg/route_edge__type_support.cpp.o
[35.044s] [ 44%] Building CXX object CMakeFiles/nav2_msgs__rosidl_typesupport_cpp.dir/rosidl_typesupport_cpp/nav2_msgs/msg/route__type_support.cpp.o
[35.050s] [ 44%] Building CXX object CMakeFiles/nav2_msgs__rosidl_typesupport_cpp.dir/rosidl_typesupport_cpp/nav2_msgs/msg/trajectory__type_support.cpp.o
[35.052s] [ 44%] Building CXX object CMakeFiles/nav2_msgs__rosidl_typesupport_cpp.dir/rosidl_typesupport_cpp/nav2_msgs/msg/edge_cost__type_support.cpp.o
[35.055s] [ 44%] Building CXX object CMakeFiles/nav2_msgs__rosidl_typesupport_cpp.dir/rosidl_typesupport_cpp/nav2_msgs/msg/trajectory_point__type_support.cpp.o
[35.074s] [ 45%] Building CXX object CMakeFiles/nav2_msgs__rosidl_typesupport_cpp.dir/rosidl_typesupport_cpp/nav2_msgs/srv/get_costs__type_support.cpp.o
[35.096s] [ 45%] Building CXX object CMakeFiles/nav2_msgs__rosidl_typesupport_cpp.dir/rosidl_typesupport_cpp/nav2_msgs/srv/get_costmap__type_support.cpp.o
[35.126s] [ 45%] Building CXX object CMakeFiles/nav2_msgs__rosidl_typesupport_cpp.dir/rosidl_typesupport_cpp/nav2_msgs/srv/is_path_valid__type_support.cpp.o
[35.146s] [ 45%] Building CXX object CMakeFiles/nav2_msgs__rosidl_typesupport_cpp.dir/rosidl_typesupport_cpp/nav2_msgs/srv/clear_costmap_except_region__type_support.cpp.o
[35.407s] [ 45%] Building CXX object CMakeFiles/nav2_msgs__rosidl_typesupport_cpp.dir/rosidl_typesupport_cpp/nav2_msgs/srv/clear_costmap_around_robot__type_support.cpp.o
[35.595s] [ 46%] Building CXX object CMakeFiles/nav2_msgs__rosidl_typesupport_cpp.dir/rosidl_typesupport_cpp/nav2_msgs/srv/clear_entire_costmap__type_support.cpp.o
[35.617s] [ 46%] Building CXX object CMakeFiles/nav2_msgs__rosidl_typesupport_cpp.dir/rosidl_typesupport_cpp/nav2_msgs/srv/manage_lifecycle_nodes__type_support.cpp.o
[35.648s] [ 46%] Building CXX object CMakeFiles/nav2_msgs__rosidl_typesupport_cpp.dir/rosidl_typesupport_cpp/nav2_msgs/srv/load_map__type_support.cpp.o
[35.670s] [ 46%] Building CXX object CMakeFiles/nav2_msgs__rosidl_typesupport_cpp.dir/rosidl_typesupport_cpp/nav2_msgs/srv/save_map__type_support.cpp.o
[35.674s] [ 46%] Building CXX object CMakeFiles/nav2_msgs__rosidl_typesupport_cpp.dir/rosidl_typesupport_cpp/nav2_msgs/srv/set_initial_pose__type_support.cpp.o
[35.690s] [ 47%] Building CXX object CMakeFiles/nav2_msgs__rosidl_typesupport_cpp.dir/rosidl_typesupport_cpp/nav2_msgs/srv/reload_dock_database__type_support.cpp.o
[35.699s] [ 47%] Building CXX object CMakeFiles/nav2_msgs__rosidl_typesupport_cpp.dir/rosidl_typesupport_cpp/nav2_msgs/srv/set_route_graph__type_support.cpp.o
[35.941s] [ 47%] Building CXX object CMakeFiles/nav2_msgs__rosidl_typesupport_cpp.dir/rosidl_typesupport_cpp/nav2_msgs/srv/dynamic_edges__type_support.cpp.o
[36.072s] [ 47%] Building CXX object CMakeFiles/nav2_msgs__rosidl_typesupport_cpp.dir/rosidl_typesupport_cpp/nav2_msgs/action/assisted_teleop__type_support.cpp.o
[36.192s] [ 47%] Building CXX object CMakeFiles/nav2_msgs__rosidl_typesupport_cpp.dir/rosidl_typesupport_cpp/nav2_msgs/action/back_up__type_support.cpp.o
[36.216s] [ 48%] Building CXX object CMakeFiles/nav2_msgs__rosidl_typesupport_cpp.dir/rosidl_typesupport_cpp/nav2_msgs/action/compute_path_to_pose__type_support.cpp.o
[36.288s] [ 48%] Building CXX object CMakeFiles/nav2_msgs__rosidl_typesupport_cpp.dir/rosidl_typesupport_cpp/nav2_msgs/action/compute_path_through_poses__type_support.cpp.o
[36.313s] [ 48%] Building CXX object CMakeFiles/nav2_msgs__rosidl_typesupport_cpp.dir/rosidl_typesupport_cpp/nav2_msgs/action/drive_on_heading__type_support.cpp.o
[36.345s] [ 48%] Building CXX object CMakeFiles/nav2_msgs__rosidl_typesupport_cpp.dir/rosidl_typesupport_cpp/nav2_msgs/action/smooth_path__type_support.cpp.o
[36.566s] [ 48%] Building CXX object CMakeFiles/nav2_msgs__rosidl_typesupport_cpp.dir/rosidl_typesupport_cpp/nav2_msgs/action/follow_path__type_support.cpp.o
[36.566s] [ 48%] Building CXX object CMakeFiles/nav2_msgs__rosidl_typesupport_cpp.dir/rosidl_typesupport_cpp/nav2_msgs/action/navigate_to_pose__type_support.cpp.o
[36.635s] [ 49%] Building CXX object CMakeFiles/nav2_msgs__rosidl_typesupport_cpp.dir/rosidl_typesupport_cpp/nav2_msgs/action/navigate_through_poses__type_support.cpp.o
[36.684s] [ 49%] Building CXX object CMakeFiles/nav2_msgs__rosidl_typesupport_cpp.dir/rosidl_typesupport_cpp/nav2_msgs/action/wait__type_support.cpp.o
[36.704s] [ 49%] Building CXX object CMakeFiles/nav2_msgs__rosidl_typesupport_cpp.dir/rosidl_typesupport_cpp/nav2_msgs/action/spin__type_support.cpp.o
[36.958s] [ 49%] Building CXX object CMakeFiles/nav2_msgs__rosidl_typesupport_cpp.dir/rosidl_typesupport_cpp/nav2_msgs/action/dummy_behavior__type_support.cpp.o
[37.626s] [ 49%] Building CXX object CMakeFiles/nav2_msgs__rosidl_typesupport_cpp.dir/rosidl_typesupport_cpp/nav2_msgs/action/follow_waypoints__type_support.cpp.o
[37.782s] [ 50%] Building CXX object CMakeFiles/nav2_msgs__rosidl_typesupport_cpp.dir/rosidl_typesupport_cpp/nav2_msgs/action/follow_gps_waypoints__type_support.cpp.o
[37.804s] [ 50%] Building CXX object CMakeFiles/nav2_msgs__rosidl_typesupport_cpp.dir/rosidl_typesupport_cpp/nav2_msgs/action/dock_robot__type_support.cpp.o
[38.075s] [ 50%] Building CXX object CMakeFiles/nav2_msgs__rosidl_typesupport_cpp.dir/rosidl_typesupport_cpp/nav2_msgs/action/undock_robot__type_support.cpp.o
[38.093s] [ 50%] Building CXX object CMakeFiles/nav2_msgs__rosidl_typesupport_cpp.dir/rosidl_typesupport_cpp/nav2_msgs/action/compute_route__type_support.cpp.o
[38.111s] [ 50%] Building CXX object CMakeFiles/nav2_msgs__rosidl_typesupport_cpp.dir/rosidl_typesupport_cpp/nav2_msgs/action/compute_and_track_route__type_support.cpp.o
[38.548s] [ 50%] Building CXX object CMakeFiles/nav2_msgs__rosidl_typesupport_introspection_cpp.dir/rosidl_typesupport_introspection_cpp/nav2_msgs/msg/detail/collision_detector_state__type_support.cpp.o
[38.553s] [ 51%] Building CXX object CMakeFiles/nav2_msgs__rosidl_typesupport_introspection_cpp.dir/rosidl_typesupport_introspection_cpp/nav2_msgs/msg/detail/collision_monitor_state__type_support.cpp.o
[38.558s] [ 51%] Building CXX object CMakeFiles/nav2_msgs__rosidl_typesupport_introspection_cpp.dir/rosidl_typesupport_introspection_cpp/nav2_msgs/msg/detail/costmap__type_support.cpp.o
[38.559s] [ 51%] Building CXX object CMakeFiles/nav2_msgs__rosidl_typesupport_introspection_cpp.dir/rosidl_typesupport_introspection_cpp/nav2_msgs/msg/detail/costmap_meta_data__type_support.cpp.o
[38.574s] [ 52%] Building CXX object CMakeFiles/nav2_msgs__rosidl_typesupport_introspection_cpp.dir/rosidl_typesupport_introspection_cpp/nav2_msgs/msg/detail/costmap_filter_info__type_support.cpp.o
[38.574s] [ 52%] Building CXX object CMakeFiles/nav2_msgs__rosidl_typesupport_introspection_cpp.dir/rosidl_typesupport_introspection_cpp/nav2_msgs/msg/detail/speed_limit__type_support.cpp.o
[38.574s] [ 52%] Building CXX object CMakeFiles/nav2_msgs__rosidl_typesupport_introspection_cpp.dir/rosidl_typesupport_introspection_cpp/nav2_msgs/msg/detail/costmap_update__type_support.cpp.o
[38.799s] [ 52%] Building C object CMakeFiles/nav2_msgs__rosidl_typesupport_introspection_c.dir/rosidl_typesupport_introspection_c/nav2_msgs/msg/detail/collision_monitor_state__type_support.c.o
[38.959s] [ 52%] Building C object CMakeFiles/nav2_msgs__rosidl_typesupport_introspection_c.dir/rosidl_typesupport_introspection_c/nav2_msgs/msg/detail/collision_detector_state__type_support.c.o
[39.151s] [ 52%] Building C object CMakeFiles/nav2_msgs__rosidl_typesupport_introspection_c.dir/rosidl_typesupport_introspection_c/nav2_msgs/msg/detail/costmap__type_support.c.o
[39.213s] [ 52%] Building CXX object CMakeFiles/nav2_msgs__rosidl_typesupport_introspection_cpp.dir/rosidl_typesupport_introspection_cpp/nav2_msgs/msg/detail/voxel_grid__type_support.cpp.o
[39.258s] [ 52%] Building C object CMakeFiles/nav2_msgs__rosidl_typesupport_introspection_c.dir/rosidl_typesupport_introspection_c/nav2_msgs/msg/detail/costmap_meta_data__type_support.c.o
[39.267s] [ 52%] Building CXX object CMakeFiles/nav2_msgs__rosidl_typesupport_introspection_cpp.dir/rosidl_typesupport_introspection_cpp/nav2_msgs/msg/detail/behavior_tree_status_change__type_support.cpp.o
[39.301s] [ 53%] Building C object CMakeFiles/nav2_msgs__rosidl_typesupport_introspection_c.dir/rosidl_typesupport_introspection_c/nav2_msgs/msg/detail/costmap_update__type_support.c.o
[39.301s] [ 53%] Building CXX object CMakeFiles/nav2_msgs__rosidl_typesupport_introspection_cpp.dir/rosidl_typesupport_introspection_cpp/nav2_msgs/msg/detail/behavior_tree_log__type_support.cpp.o
[39.321s] [ 53%] Building C object CMakeFiles/nav2_msgs__rosidl_typesupport_introspection_c.dir/rosidl_typesupport_introspection_c/nav2_msgs/msg/detail/costmap_filter_info__type_support.c.o
[39.358s] [ 54%] Building CXX object CMakeFiles/nav2_msgs__rosidl_typesupport_introspection_cpp.dir/rosidl_typesupport_introspection_cpp/nav2_msgs/msg/detail/particle__type_support.cpp.o
[39.362s] [ 54%] Building C object CMakeFiles/nav2_msgs__rosidl_typesupport_introspection_c.dir/rosidl_typesupport_introspection_c/nav2_msgs/msg/detail/speed_limit__type_support.c.o
[39.362s] [ 54%] Building C object CMakeFiles/nav2_msgs__rosidl_typesupport_introspection_c.dir/rosidl_typesupport_introspection_c/nav2_msgs/msg/detail/voxel_grid__type_support.c.o
[39.367s] [ 54%] Building CXX object CMakeFiles/nav2_msgs__rosidl_typesupport_introspection_cpp.dir/rosidl_typesupport_introspection_cpp/nav2_msgs/msg/detail/particle_cloud__type_support.cpp.o
[39.383s] [ 54%] Building CXX object CMakeFiles/nav2_msgs__rosidl_typesupport_introspection_cpp.dir/rosidl_typesupport_introspection_cpp/nav2_msgs/msg/detail/waypoint_status__type_support.cpp.o
[39.405s] [ 54%] Building CXX object CMakeFiles/nav2_msgs__rosidl_typesupport_introspection_cpp.dir/rosidl_typesupport_introspection_cpp/nav2_msgs/msg/detail/route__type_support.cpp.o
[39.419s] [ 54%] Building C object CMakeFiles/nav2_msgs__rosidl_typesupport_introspection_c.dir/rosidl_typesupport_introspection_c/nav2_msgs/msg/detail/behavior_tree_status_change__type_support.c.o
[39.433s] [ 54%] Building C object CMakeFiles/nav2_msgs__rosidl_typesupport_introspection_c.dir/rosidl_typesupport_introspection_c/nav2_msgs/msg/detail/behavior_tree_log__type_support.c.o
[39.469s] [ 55%] Building C object CMakeFiles/nav2_msgs__rosidl_typesupport_introspection_c.dir/rosidl_typesupport_introspection_c/nav2_msgs/msg/detail/particle__type_support.c.o
[39.493s] [ 55%] Building CXX object CMakeFiles/nav2_msgs__rosidl_typesupport_introspection_cpp.dir/rosidl_typesupport_introspection_cpp/nav2_msgs/msg/detail/route_node__type_support.cpp.o
[39.504s] [ 55%] Building C object CMakeFiles/nav2_msgs__rosidl_typesupport_introspection_c.dir/rosidl_typesupport_introspection_c/nav2_msgs/msg/detail/waypoint_status__type_support.c.o
[39.505s] [ 55%] Building C object CMakeFiles/nav2_msgs__rosidl_typesupport_introspection_c.dir/rosidl_typesupport_introspection_c/nav2_msgs/msg/detail/particle_cloud__type_support.c.o
[39.547s] [ 56%] Building CXX object CMakeFiles/nav2_msgs__rosidl_typesupport_introspection_cpp.dir/rosidl_typesupport_introspection_cpp/nav2_msgs/msg/detail/route_edge__type_support.cpp.o
[39.559s] [ 56%] Building C object CMakeFiles/nav2_msgs__rosidl_typesupport_introspection_c.dir/rosidl_typesupport_introspection_c/nav2_msgs/msg/detail/route__type_support.c.o
[39.587s] [ 56%] Building CXX object CMakeFiles/nav2_msgs__rosidl_typesupport_introspection_cpp.dir/rosidl_typesupport_introspection_cpp/nav2_msgs/msg/detail/edge_cost__type_support.cpp.o
[39.644s] [ 56%] Building C object CMakeFiles/nav2_msgs__rosidl_typesupport_introspection_c.dir/rosidl_typesupport_introspection_c/nav2_msgs/msg/detail/route_node__type_support.c.o
[39.646s] [ 56%] Building CXX object CMakeFiles/nav2_msgs__rosidl_typesupport_introspection_cpp.dir/rosidl_typesupport_introspection_cpp/nav2_msgs/msg/detail/trajectory__type_support.cpp.o
[39.708s] [ 57%] Building C object CMakeFiles/nav2_msgs__rosidl_typesupport_introspection_c.dir/rosidl_typesupport_introspection_c/nav2_msgs/msg/detail/route_edge__type_support.c.o
[39.794s] [ 57%] Building C object CMakeFiles/nav2_msgs__rosidl_typesupport_introspection_c.dir/rosidl_typesupport_introspection_c/nav2_msgs/msg/detail/edge_cost__type_support.c.o
[39.810s] [ 58%] Linking CXX shared library libnav2_msgs__rosidl_typesupport_cpp.so
[39.840s] [ 58%] Building CXX object CMakeFiles/nav2_msgs__rosidl_typesupport_introspection_cpp.dir/rosidl_typesupport_introspection_cpp/nav2_msgs/msg/detail/trajectory_point__type_support.cpp.o
[39.883s] [ 58%] Building CXX object CMakeFiles/nav2_msgs__rosidl_typesupport_introspection_cpp.dir/rosidl_typesupport_introspection_cpp/nav2_msgs/srv/detail/get_costs__type_support.cpp.o
[39.920s] [ 58%] Building C object CMakeFiles/nav2_msgs__rosidl_typesupport_introspection_c.dir/rosidl_typesupport_introspection_c/nav2_msgs/msg/detail/trajectory__type_support.c.o
[39.936s] [ 58%] Building C object CMakeFiles/nav2_msgs__rosidl_typesupport_introspection_c.dir/rosidl_typesupport_introspection_c/nav2_msgs/msg/detail/trajectory_point__type_support.c.o
[39.951s] [ 58%] Building C object CMakeFiles/nav2_msgs__rosidl_typesupport_introspection_c.dir/rosidl_typesupport_introspection_c/nav2_msgs/srv/detail/get_costs__type_support.c.o
[40.007s] [ 59%] Building C object CMakeFiles/nav2_msgs__rosidl_typesupport_introspection_c.dir/rosidl_typesupport_introspection_c/nav2_msgs/srv/detail/get_costmap__type_support.c.o
[40.050s] [ 59%] Building CXX object CMakeFiles/nav2_msgs__rosidl_typesupport_introspection_cpp.dir/rosidl_typesupport_introspection_cpp/nav2_msgs/srv/detail/get_costmap__type_support.cpp.o
[40.063s] [ 60%] Building CXX object CMakeFiles/nav2_msgs__rosidl_typesupport_introspection_cpp.dir/rosidl_typesupport_introspection_cpp/nav2_msgs/srv/detail/is_path_valid__type_support.cpp.o
[40.067s] [ 60%] Building C object CMakeFiles/nav2_msgs__rosidl_typesupport_introspection_c.dir/rosidl_typesupport_introspection_c/nav2_msgs/srv/detail/is_path_valid__type_support.c.o
[40.110s] [ 60%] Building C object CMakeFiles/nav2_msgs__rosidl_typesupport_introspection_c.dir/rosidl_typesupport_introspection_c/nav2_msgs/srv/detail/clear_costmap_around_robot__type_support.c.o
[40.110s] [ 60%] Building C object CMakeFiles/nav2_msgs__rosidl_typesupport_introspection_c.dir/rosidl_typesupport_introspection_c/nav2_msgs/srv/detail/clear_costmap_except_region__type_support.c.o
[40.155s] [ 60%] Building CXX object CMakeFiles/nav2_msgs__rosidl_typesupport_introspection_cpp.dir/rosidl_typesupport_introspection_cpp/nav2_msgs/srv/detail/clear_costmap_except_region__type_support.cpp.o
[40.170s] [ 60%] Building CXX object CMakeFiles/nav2_msgs__rosidl_typesupport_introspection_cpp.dir/rosidl_typesupport_introspection_cpp/nav2_msgs/srv/detail/clear_costmap_around_robot__type_support.cpp.o
[40.189s] [ 60%] Building CXX object CMakeFiles/nav2_msgs__rosidl_typesupport_introspection_cpp.dir/rosidl_typesupport_introspection_cpp/nav2_msgs/srv/detail/clear_entire_costmap__type_support.cpp.o
[40.189s] [ 60%] Building C object CMakeFiles/nav2_msgs__rosidl_typesupport_introspection_c.dir/rosidl_typesupport_introspection_c/nav2_msgs/srv/detail/clear_entire_costmap__type_support.c.o
[40.225s] [ 60%] Building CXX object CMakeFiles/nav2_msgs__rosidl_typesupport_introspection_cpp.dir/rosidl_typesupport_introspection_cpp/nav2_msgs/srv/detail/manage_lifecycle_nodes__type_support.cpp.o
[40.239s] [ 61%] Building CXX object CMakeFiles/nav2_msgs__rosidl_typesupport_introspection_cpp.dir/rosidl_typesupport_introspection_cpp/nav2_msgs/srv/detail/load_map__type_support.cpp.o
[40.252s] [ 61%] Building CXX object CMakeFiles/nav2_msgs__rosidl_typesupport_introspection_cpp.dir/rosidl_typesupport_introspection_cpp/nav2_msgs/srv/detail/save_map__type_support.cpp.o
[40.259s] [ 62%] Building C object CMakeFiles/nav2_msgs__rosidl_typesupport_introspection_c.dir/rosidl_typesupport_introspection_c/nav2_msgs/srv/detail/manage_lifecycle_nodes__type_support.c.o
[40.279s] [ 62%] Built target nav2_msgs__rosidl_typesupport_cpp
[40.349s] [ 62%] Building C object CMakeFiles/nav2_msgs__rosidl_typesupport_introspection_c.dir/rosidl_typesupport_introspection_c/nav2_msgs/srv/detail/load_map__type_support.c.o
[40.399s] [ 62%] Building CXX object CMakeFiles/nav2_msgs__rosidl_typesupport_introspection_cpp.dir/rosidl_typesupport_introspection_cpp/nav2_msgs/srv/detail/set_initial_pose__type_support.cpp.o
[40.412s] [ 62%] Building CXX object CMakeFiles/nav2_msgs__rosidl_typesupport_introspection_cpp.dir/rosidl_typesupport_introspection_cpp/nav2_msgs/srv/detail/reload_dock_database__type_support.cpp.o
[40.444s] [ 62%] Building CXX object CMakeFiles/nav2_msgs__rosidl_typesupport_introspection_cpp.dir/rosidl_typesupport_introspection_cpp/nav2_msgs/srv/detail/set_route_graph__type_support.cpp.o
[40.597s] [ 62%] Building C object CMakeFiles/nav2_msgs__rosidl_typesupport_introspection_c.dir/rosidl_typesupport_introspection_c/nav2_msgs/srv/detail/save_map__type_support.c.o
[40.660s] [ 63%] Building CXX object CMakeFiles/nav2_msgs__rosidl_typesupport_introspection_cpp.dir/rosidl_typesupport_introspection_cpp/nav2_msgs/srv/detail/dynamic_edges__type_support.cpp.o
[40.895s] [ 63%] Building C object CMakeFiles/nav2_msgs__rosidl_typesupport_introspection_c.dir/rosidl_typesupport_introspection_c/nav2_msgs/srv/detail/set_initial_pose__type_support.c.o
[40.920s] [ 63%] Building CXX object CMakeFiles/nav2_msgs__rosidl_typesupport_introspection_cpp.dir/rosidl_typesupport_introspection_cpp/nav2_msgs/action/detail/assisted_teleop__type_support.cpp.o
[40.941s] [ 63%] Building CXX object CMakeFiles/nav2_msgs__rosidl_typesupport_introspection_cpp.dir/rosidl_typesupport_introspection_cpp/nav2_msgs/action/detail/back_up__type_support.cpp.o
[41.080s] [ 63%] Building CXX object CMakeFiles/nav2_msgs__rosidl_typesupport_introspection_cpp.dir/rosidl_typesupport_introspection_cpp/nav2_msgs/action/detail/compute_path_to_pose__type_support.cpp.o
[41.165s] [ 63%] Building C object CMakeFiles/nav2_msgs__rosidl_typesupport_introspection_c.dir/rosidl_typesupport_introspection_c/nav2_msgs/srv/detail/reload_dock_database__type_support.c.o
[41.200s] [ 63%] Building CXX object CMakeFiles/nav2_msgs__rosidl_typesupport_introspection_cpp.dir/rosidl_typesupport_introspection_cpp/nav2_msgs/action/detail/compute_path_through_poses__type_support.cpp.o
[41.293s] [ 64%] Building CXX object CMakeFiles/nav2_msgs__rosidl_typesupport_introspection_cpp.dir/rosidl_typesupport_introspection_cpp/nav2_msgs/action/detail/drive_on_heading__type_support.cpp.o
[41.381s] [ 64%] Building C object CMakeFiles/nav2_msgs__rosidl_typesupport_introspection_c.dir/rosidl_typesupport_introspection_c/nav2_msgs/srv/detail/set_route_graph__type_support.c.o
[41.494s] [ 64%] Building CXX object CMakeFiles/nav2_msgs__rosidl_typesupport_introspection_cpp.dir/rosidl_typesupport_introspection_cpp/nav2_msgs/action/detail/smooth_path__type_support.cpp.o
[41.497s] [ 64%] Building CXX object CMakeFiles/nav2_msgs__rosidl_typesupport_introspection_cpp.dir/rosidl_typesupport_introspection_cpp/nav2_msgs/action/detail/follow_path__type_support.cpp.o
[41.580s] [ 65%] Building C object CMakeFiles/nav2_msgs__rosidl_typesupport_introspection_c.dir/rosidl_typesupport_introspection_c/nav2_msgs/srv/detail/dynamic_edges__type_support.c.o
[41.592s] [ 65%] Building CXX object CMakeFiles/nav2_msgs__rosidl_typesupport_introspection_cpp.dir/rosidl_typesupport_introspection_cpp/nav2_msgs/action/detail/navigate_to_pose__type_support.cpp.o
[41.601s] [ 65%] Building C object CMakeFiles/nav2_msgs__rosidl_typesupport_introspection_c.dir/rosidl_typesupport_introspection_c/nav2_msgs/action/detail/assisted_teleop__type_support.c.o
[41.616s] [ 65%] Building CXX object CMakeFiles/nav2_msgs__rosidl_typesupport_introspection_cpp.dir/rosidl_typesupport_introspection_cpp/nav2_msgs/action/detail/navigate_through_poses__type_support.cpp.o
[41.651s] [ 65%] Building CXX object CMakeFiles/nav2_msgs__rosidl_typesupport_introspection_cpp.dir/rosidl_typesupport_introspection_cpp/nav2_msgs/action/detail/wait__type_support.cpp.o
[41.680s] [ 66%] Building CXX object CMakeFiles/nav2_msgs__rosidl_typesupport_introspection_cpp.dir/rosidl_typesupport_introspection_cpp/nav2_msgs/action/detail/spin__type_support.cpp.o
[41.849s] [ 66%] Building C object CMakeFiles/nav2_msgs__rosidl_typesupport_introspection_c.dir/rosidl_typesupport_introspection_c/nav2_msgs/action/detail/back_up__type_support.c.o
[41.941s] [ 66%] Building C object CMakeFiles/nav2_msgs__rosidl_typesupport_introspection_c.dir/rosidl_typesupport_introspection_c/nav2_msgs/action/detail/compute_path_to_pose__type_support.c.o
[42.076s] [ 66%] Building CXX object CMakeFiles/nav2_msgs__rosidl_typesupport_introspection_cpp.dir/rosidl_typesupport_introspection_cpp/nav2_msgs/action/detail/dummy_behavior__type_support.cpp.o
[42.216s] [ 66%] Building C object CMakeFiles/nav2_msgs__rosidl_typesupport_introspection_c.dir/rosidl_typesupport_introspection_c/nav2_msgs/action/detail/compute_path_through_poses__type_support.c.o
[42.352s] [ 67%] Building C object CMakeFiles/nav2_msgs__rosidl_typesupport_introspection_c.dir/rosidl_typesupport_introspection_c/nav2_msgs/action/detail/drive_on_heading__type_support.c.o
[42.590s] [ 67%] Building C object CMakeFiles/nav2_msgs__rosidl_typesupport_introspection_c.dir/rosidl_typesupport_introspection_c/nav2_msgs/action/detail/smooth_path__type_support.c.o
[42.776s] [ 67%] Building CXX object CMakeFiles/nav2_msgs__rosidl_typesupport_introspection_cpp.dir/rosidl_typesupport_introspection_cpp/nav2_msgs/action/detail/follow_waypoints__type_support.cpp.o
[42.952s] [ 67%] Building CXX object CMakeFiles/nav2_msgs__rosidl_typesupport_introspection_cpp.dir/rosidl_typesupport_introspection_cpp/nav2_msgs/action/detail/follow_gps_waypoints__type_support.cpp.o
[43.068s] [ 67%] Building C object CMakeFiles/nav2_msgs__rosidl_typesupport_introspection_c.dir/rosidl_typesupport_introspection_c/nav2_msgs/action/detail/follow_path__type_support.c.o
[43.110s] [ 67%] Building CXX object CMakeFiles/nav2_msgs__rosidl_typesupport_introspection_cpp.dir/rosidl_typesupport_introspection_cpp/nav2_msgs/action/detail/dock_robot__type_support.cpp.o
[43.392s] [ 68%] Building CXX object CMakeFiles/nav2_msgs__rosidl_typesupport_introspection_cpp.dir/rosidl_typesupport_introspection_cpp/nav2_msgs/action/detail/undock_robot__type_support.cpp.o
[43.457s] [ 68%] Building C object CMakeFiles/nav2_msgs__rosidl_typesupport_introspection_c.dir/rosidl_typesupport_introspection_c/nav2_msgs/action/detail/navigate_to_pose__type_support.c.o
[43.714s] [ 68%] Building CXX object CMakeFiles/nav2_msgs__rosidl_typesupport_introspection_cpp.dir/rosidl_typesupport_introspection_cpp/nav2_msgs/action/detail/compute_route__type_support.cpp.o
[43.738s] [ 68%] Building CXX object CMakeFiles/nav2_msgs__rosidl_typesupport_introspection_cpp.dir/rosidl_typesupport_introspection_cpp/nav2_msgs/action/detail/compute_and_track_route__type_support.cpp.o
[43.804s] [ 68%] Building C object CMakeFiles/nav2_msgs__rosidl_typesupport_introspection_c.dir/rosidl_typesupport_introspection_c/nav2_msgs/action/detail/navigate_through_poses__type_support.c.o
[43.819s] [ 69%] Building C object CMakeFiles/nav2_msgs__rosidl_typesupport_introspection_c.dir/rosidl_typesupport_introspection_c/nav2_msgs/action/detail/wait__type_support.c.o
[43.918s] [ 69%] Building C object CMakeFiles/nav2_msgs__rosidl_typesupport_introspection_c.dir/rosidl_typesupport_introspection_c/nav2_msgs/action/detail/spin__type_support.c.o
[44.036s] [ 69%] Building C object CMakeFiles/nav2_msgs__rosidl_typesupport_introspection_c.dir/rosidl_typesupport_introspection_c/nav2_msgs/action/detail/dummy_behavior__type_support.c.o
[44.052s] [ 69%] Building C object CMakeFiles/nav2_msgs__rosidl_typesupport_introspection_c.dir/rosidl_typesupport_introspection_c/nav2_msgs/action/detail/follow_waypoints__type_support.c.o
[44.073s] [ 69%] Building C object CMakeFiles/nav2_msgs__rosidl_typesupport_introspection_c.dir/rosidl_typesupport_introspection_c/nav2_msgs/action/detail/follow_gps_waypoints__type_support.c.o
[44.138s] [ 69%] Building C object CMakeFiles/nav2_msgs__rosidl_typesupport_introspection_c.dir/rosidl_typesupport_introspection_c/nav2_msgs/action/detail/undock_robot__type_support.c.o
[44.150s] [ 70%] Building C object CMakeFiles/nav2_msgs__rosidl_typesupport_introspection_c.dir/rosidl_typesupport_introspection_c/nav2_msgs/action/detail/dock_robot__type_support.c.o
[44.272s] [ 70%] Building C object CMakeFiles/nav2_msgs__rosidl_typesupport_introspection_c.dir/rosidl_typesupport_introspection_c/nav2_msgs/action/detail/compute_route__type_support.c.o
[44.287s] [ 70%] Building C object CMakeFiles/nav2_msgs__rosidl_typesupport_introspection_c.dir/rosidl_typesupport_introspection_c/nav2_msgs/action/detail/compute_and_track_route__type_support.c.o
[44.573s] [ 70%] Linking C shared library libnav2_msgs__rosidl_typesupport_introspection_c.so
[44.814s] [ 70%] Building CXX object CMakeFiles/nav2_msgs__rosidl_typesupport_fastrtps_cpp.dir/rosidl_typesupport_fastrtps_cpp/nav2_msgs/msg/detail/dds_fastrtps/collision_detector_state__type_support.cpp.o
[44.816s] [ 70%] Building CXX object CMakeFiles/nav2_msgs__rosidl_typesupport_fastrtps_cpp.dir/rosidl_typesupport_fastrtps_cpp/nav2_msgs/msg/detail/dds_fastrtps/collision_monitor_state__type_support.cpp.o
[44.816s] [ 70%] Building CXX object CMakeFiles/nav2_msgs__rosidl_typesupport_fastrtps_cpp.dir/rosidl_typesupport_fastrtps_cpp/nav2_msgs/msg/detail/dds_fastrtps/costmap__type_support.cpp.o
[44.818s] [ 70%] Building CXX object CMakeFiles/nav2_msgs__rosidl_typesupport_fastrtps_cpp.dir/rosidl_typesupport_fastrtps_cpp/nav2_msgs/msg/detail/dds_fastrtps/costmap_filter_info__type_support.cpp.o
[44.820s] [ 71%] Building CXX object CMakeFiles/nav2_msgs__rosidl_typesupport_fastrtps_cpp.dir/rosidl_typesupport_fastrtps_cpp/nav2_msgs/msg/detail/dds_fastrtps/costmap_meta_data__type_support.cpp.o
[44.824s] [ 71%] Building CXX object CMakeFiles/nav2_msgs__rosidl_typesupport_fastrtps_cpp.dir/rosidl_typesupport_fastrtps_cpp/nav2_msgs/msg/detail/dds_fastrtps/costmap_update__type_support.cpp.o
[44.825s] [ 71%] Building CXX object CMakeFiles/nav2_msgs__rosidl_typesupport_fastrtps_cpp.dir/rosidl_typesupport_fastrtps_cpp/nav2_msgs/msg/detail/dds_fastrtps/speed_limit__type_support.cpp.o
[44.828s] [ 71%] Building CXX object CMakeFiles/nav2_msgs__rosidl_typesupport_fastrtps_cpp.dir/rosidl_typesupport_fastrtps_cpp/nav2_msgs/msg/detail/dds_fastrtps/voxel_grid__type_support.cpp.o
[44.957s] [ 71%] Built target nav2_msgs__rosidl_typesupport_introspection_c
[44.983s] [ 71%] Building CXX object CMakeFiles/nav2_msgs__rosidl_typesupport_fastrtps_cpp.dir/rosidl_typesupport_fastrtps_cpp/nav2_msgs/msg/detail/dds_fastrtps/behavior_tree_status_change__type_support.cpp.o
[45.398s] [ 72%] Building CXX object CMakeFiles/nav2_msgs__rosidl_typesupport_fastrtps_cpp.dir/rosidl_typesupport_fastrtps_cpp/nav2_msgs/msg/detail/dds_fastrtps/behavior_tree_log__type_support.cpp.o
[45.430s] [ 72%] Building CXX object CMakeFiles/nav2_msgs__rosidl_typesupport_fastrtps_cpp.dir/rosidl_typesupport_fastrtps_cpp/nav2_msgs/msg/detail/dds_fastrtps/particle__type_support.cpp.o
[45.631s] [ 72%] Building CXX object CMakeFiles/nav2_msgs__rosidl_typesupport_fastrtps_cpp.dir/rosidl_typesupport_fastrtps_cpp/nav2_msgs/msg/detail/dds_fastrtps/particle_cloud__type_support.cpp.o
[45.791s] [ 72%] Building CXX object CMakeFiles/nav2_msgs__rosidl_typesupport_fastrtps_cpp.dir/rosidl_typesupport_fastrtps_cpp/nav2_msgs/msg/detail/dds_fastrtps/waypoint_status__type_support.cpp.o
[45.908s] [ 72%] Building CXX object CMakeFiles/nav2_msgs__rosidl_typesupport_fastrtps_cpp.dir/rosidl_typesupport_fastrtps_cpp/nav2_msgs/msg/detail/dds_fastrtps/route__type_support.cpp.o
[45.927s] [ 72%] Building CXX object CMakeFiles/nav2_msgs__rosidl_typesupport_fastrtps_cpp.dir/rosidl_typesupport_fastrtps_cpp/nav2_msgs/msg/detail/dds_fastrtps/route_edge__type_support.cpp.o
[45.936s] [ 73%] Building CXX object CMakeFiles/nav2_msgs__rosidl_typesupport_fastrtps_cpp.dir/rosidl_typesupport_fastrtps_cpp/nav2_msgs/msg/detail/dds_fastrtps/route_node__type_support.cpp.o
[45.996s] [ 73%] Building CXX object CMakeFiles/nav2_msgs__rosidl_typesupport_fastrtps_cpp.dir/rosidl_typesupport_fastrtps_cpp/nav2_msgs/msg/detail/dds_fastrtps/edge_cost__type_support.cpp.o
[45.996s] [ 73%] Building CXX object CMakeFiles/nav2_msgs__rosidl_typesupport_fastrtps_cpp.dir/rosidl_typesupport_fastrtps_cpp/nav2_msgs/msg/detail/dds_fastrtps/trajectory__type_support.cpp.o
[46.071s] [ 73%] Building CXX object CMakeFiles/nav2_msgs__rosidl_typesupport_fastrtps_cpp.dir/rosidl_typesupport_fastrtps_cpp/nav2_msgs/msg/detail/dds_fastrtps/trajectory_point__type_support.cpp.o
[46.096s] [ 73%] Building CXX object CMakeFiles/nav2_msgs__rosidl_typesupport_fastrtps_cpp.dir/rosidl_typesupport_fastrtps_cpp/nav2_msgs/srv/detail/dds_fastrtps/get_costs__type_support.cpp.o
[46.151s] [ 74%] Building CXX object CMakeFiles/nav2_msgs__rosidl_typesupport_fastrtps_cpp.dir/rosidl_typesupport_fastrtps_cpp/nav2_msgs/srv/detail/dds_fastrtps/get_costmap__type_support.cpp.o
[46.198s] [ 74%] Building CXX object CMakeFiles/nav2_msgs__rosidl_typesupport_fastrtps_cpp.dir/rosidl_typesupport_fastrtps_cpp/nav2_msgs/srv/detail/dds_fastrtps/is_path_valid__type_support.cpp.o
[46.217s] [ 74%] Building CXX object CMakeFiles/nav2_msgs__rosidl_typesupport_fastrtps_cpp.dir/rosidl_typesupport_fastrtps_cpp/nav2_msgs/srv/detail/dds_fastrtps/clear_costmap_except_region__type_support.cpp.o
[46.508s] [ 74%] Linking CXX shared library libnav2_msgs__rosidl_typesupport_introspection_cpp.so
[46.534s] [ 74%] Building CXX object CMakeFiles/nav2_msgs__rosidl_typesupport_fastrtps_cpp.dir/rosidl_typesupport_fastrtps_cpp/nav2_msgs/srv/detail/dds_fastrtps/clear_costmap_around_robot__type_support.cpp.o
[46.587s] [ 74%] Building CXX object CMakeFiles/nav2_msgs__rosidl_typesupport_fastrtps_cpp.dir/rosidl_typesupport_fastrtps_cpp/nav2_msgs/srv/detail/dds_fastrtps/clear_entire_costmap__type_support.cpp.o
[46.820s] [ 75%] Building CXX object CMakeFiles/nav2_msgs__rosidl_typesupport_fastrtps_cpp.dir/rosidl_typesupport_fastrtps_cpp/nav2_msgs/srv/detail/dds_fastrtps/manage_lifecycle_nodes__type_support.cpp.o
[46.914s] [ 75%] Building CXX object CMakeFiles/nav2_msgs__rosidl_typesupport_fastrtps_cpp.dir/rosidl_typesupport_fastrtps_cpp/nav2_msgs/srv/detail/dds_fastrtps/load_map__type_support.cpp.o
[46.918s] [ 75%] Building CXX object CMakeFiles/nav2_msgs__rosidl_typesupport_fastrtps_cpp.dir/rosidl_typesupport_fastrtps_cpp/nav2_msgs/srv/detail/dds_fastrtps/save_map__type_support.cpp.o
[46.954s] [ 75%] Building CXX object CMakeFiles/nav2_msgs__rosidl_typesupport_fastrtps_cpp.dir/rosidl_typesupport_fastrtps_cpp/nav2_msgs/srv/detail/dds_fastrtps/set_initial_pose__type_support.cpp.o
[47.007s] [ 75%] Building CXX object CMakeFiles/nav2_msgs__rosidl_typesupport_fastrtps_cpp.dir/rosidl_typesupport_fastrtps_cpp/nav2_msgs/srv/detail/dds_fastrtps/reload_dock_database__type_support.cpp.o
[47.125s] [ 76%] Building CXX object CMakeFiles/nav2_msgs__rosidl_typesupport_fastrtps_cpp.dir/rosidl_typesupport_fastrtps_cpp/nav2_msgs/srv/detail/dds_fastrtps/set_route_graph__type_support.cpp.o
[47.133s] [ 76%] Built target nav2_msgs__rosidl_typesupport_introspection_cpp
[47.136s] [ 76%] Building CXX object CMakeFiles/nav2_msgs__rosidl_typesupport_fastrtps_cpp.dir/rosidl_typesupport_fastrtps_cpp/nav2_msgs/srv/detail/dds_fastrtps/dynamic_edges__type_support.cpp.o
[47.164s] [ 76%] Building CXX object CMakeFiles/nav2_msgs__rosidl_typesupport_fastrtps_cpp.dir/rosidl_typesupport_fastrtps_cpp/nav2_msgs/action/detail/dds_fastrtps/assisted_teleop__type_support.cpp.o
[47.207s] [ 76%] Building CXX object CMakeFiles/nav2_msgs__rosidl_typesupport_fastrtps_cpp.dir/rosidl_typesupport_fastrtps_cpp/nav2_msgs/action/detail/dds_fastrtps/back_up__type_support.cpp.o
[47.719s] [ 76%] Building CXX object CMakeFiles/nav2_msgs__rosidl_typesupport_fastrtps_cpp.dir/rosidl_typesupport_fastrtps_cpp/nav2_msgs/action/detail/dds_fastrtps/compute_path_to_pose__type_support.cpp.o
[47.959s] [ 77%] Building CXX object CMakeFiles/nav2_msgs__rosidl_typesupport_fastrtps_cpp.dir/rosidl_typesupport_fastrtps_cpp/nav2_msgs/action/detail/dds_fastrtps/compute_path_through_poses__type_support.cpp.o
[47.960s] [ 77%] Building CXX object CMakeFiles/nav2_msgs__rosidl_typesupport_fastrtps_cpp.dir/rosidl_typesupport_fastrtps_cpp/nav2_msgs/action/detail/dds_fastrtps/drive_on_heading__type_support.cpp.o
[48.000s] [ 77%] Building CXX object CMakeFiles/nav2_msgs__rosidl_typesupport_fastrtps_cpp.dir/rosidl_typesupport_fastrtps_cpp/nav2_msgs/action/detail/dds_fastrtps/smooth_path__type_support.cpp.o
[48.011s] [ 77%] Building CXX object CMakeFiles/nav2_msgs__rosidl_typesupport_fastrtps_cpp.dir/rosidl_typesupport_fastrtps_cpp/nav2_msgs/action/detail/dds_fastrtps/follow_path__type_support.cpp.o
[48.083s] [ 77%] Building CXX object CMakeFiles/nav2_msgs__rosidl_typesupport_fastrtps_cpp.dir/rosidl_typesupport_fastrtps_cpp/nav2_msgs/action/detail/dds_fastrtps/navigate_to_pose__type_support.cpp.o
[48.244s] [ 77%] Building CXX object CMakeFiles/nav2_msgs__rosidl_typesupport_fastrtps_cpp.dir/rosidl_typesupport_fastrtps_cpp/nav2_msgs/action/detail/dds_fastrtps/navigate_through_poses__type_support.cpp.o
[48.550s] [ 78%] Building CXX object CMakeFiles/nav2_msgs__rosidl_typesupport_fastrtps_cpp.dir/rosidl_typesupport_fastrtps_cpp/nav2_msgs/action/detail/dds_fastrtps/wait__type_support.cpp.o
[48.675s] [ 78%] Building CXX object CMakeFiles/nav2_msgs__rosidl_typesupport_fastrtps_cpp.dir/rosidl_typesupport_fastrtps_cpp/nav2_msgs/action/detail/dds_fastrtps/spin__type_support.cpp.o
[48.720s] [ 78%] Building CXX object CMakeFiles/nav2_msgs__rosidl_typesupport_fastrtps_cpp.dir/rosidl_typesupport_fastrtps_cpp/nav2_msgs/action/detail/dds_fastrtps/dummy_behavior__type_support.cpp.o
[48.726s] [ 78%] Building CXX object CMakeFiles/nav2_msgs__rosidl_typesupport_fastrtps_cpp.dir/rosidl_typesupport_fastrtps_cpp/nav2_msgs/action/detail/dds_fastrtps/follow_waypoints__type_support.cpp.o
[48.726s] [ 78%] Building CXX object CMakeFiles/nav2_msgs__rosidl_typesupport_fastrtps_c.dir/rosidl_typesupport_fastrtps_c/nav2_msgs/msg/detail/collision_monitor_state__type_support_c.cpp.o
[48.849s] [ 78%] Building CXX object CMakeFiles/nav2_msgs__rosidl_typesupport_fastrtps_cpp.dir/rosidl_typesupport_fastrtps_cpp/nav2_msgs/action/detail/dds_fastrtps/follow_gps_waypoints__type_support.cpp.o
[49.000s] [ 78%] Building CXX object CMakeFiles/nav2_msgs__rosidl_typesupport_fastrtps_c.dir/rosidl_typesupport_fastrtps_c/nav2_msgs/msg/detail/collision_detector_state__type_support_c.cpp.o
[49.860s] [ 79%] Building CXX object CMakeFiles/nav2_msgs__rosidl_typesupport_fastrtps_cpp.dir/rosidl_typesupport_fastrtps_cpp/nav2_msgs/action/detail/dds_fastrtps/dock_robot__type_support.cpp.o
[50.118s] [ 79%] Building CXX object CMakeFiles/nav2_msgs__rosidl_typesupport_fastrtps_cpp.dir/rosidl_typesupport_fastrtps_cpp/nav2_msgs/action/detail/dds_fastrtps/undock_robot__type_support.cpp.o
[50.175s] [ 79%] Building CXX object CMakeFiles/nav2_msgs__rosidl_typesupport_fastrtps_c.dir/rosidl_typesupport_fastrtps_c/nav2_msgs/msg/detail/costmap__type_support_c.cpp.o
[50.288s] [ 79%] Building CXX object CMakeFiles/nav2_msgs__rosidl_typesupport_fastrtps_cpp.dir/rosidl_typesupport_fastrtps_cpp/nav2_msgs/action/detail/dds_fastrtps/compute_route__type_support.cpp.o
[50.957s] [ 79%] Building CXX object CMakeFiles/nav2_msgs__rosidl_typesupport_fastrtps_cpp.dir/rosidl_typesupport_fastrtps_cpp/nav2_msgs/action/detail/dds_fastrtps/compute_and_track_route__type_support.cpp.o
[51.175s] [ 80%] Building CXX object CMakeFiles/nav2_msgs__rosidl_typesupport_fastrtps_c.dir/rosidl_typesupport_fastrtps_c/nav2_msgs/msg/detail/costmap_meta_data__type_support_c.cpp.o
[51.202s] [ 80%] Building CXX object CMakeFiles/nav2_msgs__rosidl_typesupport_fastrtps_c.dir/rosidl_typesupport_fastrtps_c/nav2_msgs/msg/detail/costmap_update__type_support_c.cpp.o
[51.251s] [ 80%] Building CXX object CMakeFiles/nav2_msgs__rosidl_typesupport_fastrtps_c.dir/rosidl_typesupport_fastrtps_c/nav2_msgs/msg/detail/costmap_filter_info__type_support_c.cpp.o
[51.329s] [ 80%] Building CXX object CMakeFiles/nav2_msgs__rosidl_typesupport_fastrtps_c.dir/rosidl_typesupport_fastrtps_c/nav2_msgs/msg/detail/speed_limit__type_support_c.cpp.o
[51.382s] [ 80%] Building CXX object CMakeFiles/nav2_msgs__rosidl_typesupport_fastrtps_c.dir/rosidl_typesupport_fastrtps_c/nav2_msgs/msg/detail/voxel_grid__type_support_c.cpp.o
[51.427s] [ 80%] Building CXX object CMakeFiles/nav2_msgs__rosidl_typesupport_fastrtps_c.dir/rosidl_typesupport_fastrtps_c/nav2_msgs/msg/detail/behavior_tree_status_change__type_support_c.cpp.o
[51.463s] [ 81%] Building CXX object CMakeFiles/nav2_msgs__rosidl_typesupport_fastrtps_c.dir/rosidl_typesupport_fastrtps_c/nav2_msgs/msg/detail/behavior_tree_log__type_support_c.cpp.o
[51.656s] [ 81%] Building CXX object CMakeFiles/nav2_msgs__rosidl_typesupport_fastrtps_c.dir/rosidl_typesupport_fastrtps_c/nav2_msgs/msg/detail/particle__type_support_c.cpp.o
[51.762s] [ 81%] Building CXX object CMakeFiles/nav2_msgs__rosidl_typesupport_fastrtps_c.dir/rosidl_typesupport_fastrtps_c/nav2_msgs/msg/detail/particle_cloud__type_support_c.cpp.o
[51.813s] [ 81%] Building CXX object CMakeFiles/nav2_msgs__rosidl_typesupport_fastrtps_c.dir/rosidl_typesupport_fastrtps_c/nav2_msgs/msg/detail/waypoint_status__type_support_c.cpp.o
[52.395s] [ 81%] Building CXX object CMakeFiles/nav2_msgs__rosidl_typesupport_fastrtps_c.dir/rosidl_typesupport_fastrtps_c/nav2_msgs/msg/detail/route__type_support_c.cpp.o
[52.430s] [ 82%] Building CXX object CMakeFiles/nav2_msgs__rosidl_typesupport_fastrtps_c.dir/rosidl_typesupport_fastrtps_c/nav2_msgs/msg/detail/route_node__type_support_c.cpp.o
[52.468s] [ 82%] Building CXX object CMakeFiles/nav2_msgs__rosidl_typesupport_fastrtps_c.dir/rosidl_typesupport_fastrtps_c/nav2_msgs/msg/detail/route_edge__type_support_c.cpp.o
[52.611s] [ 82%] Building CXX object CMakeFiles/nav2_msgs__rosidl_typesupport_fastrtps_c.dir/rosidl_typesupport_fastrtps_c/nav2_msgs/msg/detail/edge_cost__type_support_c.cpp.o
[52.641s] [ 82%] Building CXX object CMakeFiles/nav2_msgs__rosidl_typesupport_fastrtps_c.dir/rosidl_typesupport_fastrtps_c/nav2_msgs/msg/detail/trajectory__type_support_c.cpp.o
[52.645s] [ 82%] Building CXX object CMakeFiles/nav2_msgs__rosidl_typesupport_fastrtps_c.dir/rosidl_typesupport_fastrtps_c/nav2_msgs/msg/detail/trajectory_point__type_support_c.cpp.o
[52.699s] [ 83%] Building CXX object CMakeFiles/nav2_msgs__rosidl_typesupport_fastrtps_c.dir/rosidl_typesupport_fastrtps_c/nav2_msgs/srv/detail/get_costs__type_support_c.cpp.o
[52.704s] [ 83%] Building CXX object CMakeFiles/nav2_msgs__rosidl_typesupport_fastrtps_c.dir/rosidl_typesupport_fastrtps_c/nav2_msgs/srv/detail/get_costmap__type_support_c.cpp.o
[52.768s] [ 83%] Building CXX object CMakeFiles/nav2_msgs__rosidl_typesupport_fastrtps_c.dir/rosidl_typesupport_fastrtps_c/nav2_msgs/srv/detail/is_path_valid__type_support_c.cpp.o
[52.904s] [ 83%] Building CXX object CMakeFiles/nav2_msgs__rosidl_typesupport_fastrtps_c.dir/rosidl_typesupport_fastrtps_c/nav2_msgs/srv/detail/clear_costmap_except_region__type_support_c.cpp.o
[52.943s] [ 83%] Building CXX object CMakeFiles/nav2_msgs__rosidl_typesupport_fastrtps_c.dir/rosidl_typesupport_fastrtps_c/nav2_msgs/srv/detail/clear_costmap_around_robot__type_support_c.cpp.o
[53.039s] [ 84%] Building CXX object CMakeFiles/nav2_msgs__rosidl_typesupport_fastrtps_c.dir/rosidl_typesupport_fastrtps_c/nav2_msgs/srv/detail/clear_entire_costmap__type_support_c.cpp.o
[53.236s] [ 84%] Building CXX object CMakeFiles/nav2_msgs__rosidl_typesupport_fastrtps_c.dir/rosidl_typesupport_fastrtps_c/nav2_msgs/srv/detail/manage_lifecycle_nodes__type_support_c.cpp.o
[53.411s] [ 84%] Building CXX object CMakeFiles/nav2_msgs__rosidl_typesupport_fastrtps_c.dir/rosidl_typesupport_fastrtps_c/nav2_msgs/srv/detail/load_map__type_support_c.cpp.o
[53.435s] [ 84%] Building CXX object CMakeFiles/nav2_msgs__rosidl_typesupport_fastrtps_c.dir/rosidl_typesupport_fastrtps_c/nav2_msgs/srv/detail/save_map__type_support_c.cpp.o
[53.447s] [ 84%] Building CXX object CMakeFiles/nav2_msgs__rosidl_typesupport_fastrtps_c.dir/rosidl_typesupport_fastrtps_c/nav2_msgs/srv/detail/set_initial_pose__type_support_c.cpp.o
[53.555s] [ 84%] Building CXX object CMakeFiles/nav2_msgs__rosidl_typesupport_fastrtps_c.dir/rosidl_typesupport_fastrtps_c/nav2_msgs/srv/detail/reload_dock_database__type_support_c.cpp.o
[53.580s] [ 85%] Building CXX object CMakeFiles/nav2_msgs__rosidl_typesupport_fastrtps_c.dir/rosidl_typesupport_fastrtps_c/nav2_msgs/srv/detail/set_route_graph__type_support_c.cpp.o
[53.600s] [ 85%] Building CXX object CMakeFiles/nav2_msgs__rosidl_typesupport_fastrtps_c.dir/rosidl_typesupport_fastrtps_c/nav2_msgs/srv/detail/dynamic_edges__type_support_c.cpp.o
[53.604s] [ 85%] Building CXX object CMakeFiles/nav2_msgs__rosidl_typesupport_fastrtps_c.dir/rosidl_typesupport_fastrtps_c/nav2_msgs/action/detail/assisted_teleop__type_support_c.cpp.o
[53.946s] [ 85%] Building CXX object CMakeFiles/nav2_msgs__rosidl_typesupport_fastrtps_c.dir/rosidl_typesupport_fastrtps_c/nav2_msgs/action/detail/back_up__type_support_c.cpp.o
[53.951s] [ 85%] Building CXX object CMakeFiles/nav2_msgs__rosidl_typesupport_fastrtps_c.dir/rosidl_typesupport_fastrtps_c/nav2_msgs/action/detail/compute_path_to_pose__type_support_c.cpp.o
[54.032s] [ 86%] Building CXX object CMakeFiles/nav2_msgs__rosidl_typesupport_fastrtps_c.dir/rosidl_typesupport_fastrtps_c/nav2_msgs/action/detail/compute_path_through_poses__type_support_c.cpp.o
[54.094s] [ 86%] Building CXX object CMakeFiles/nav2_msgs__rosidl_typesupport_fastrtps_c.dir/rosidl_typesupport_fastrtps_c/nav2_msgs/action/detail/drive_on_heading__type_support_c.cpp.o
[54.119s] [ 86%] Building CXX object CMakeFiles/nav2_msgs__rosidl_typesupport_fastrtps_c.dir/rosidl_typesupport_fastrtps_c/nav2_msgs/action/detail/smooth_path__type_support_c.cpp.o
[54.285s] [ 86%] Building CXX object CMakeFiles/nav2_msgs__rosidl_typesupport_fastrtps_c.dir/rosidl_typesupport_fastrtps_c/nav2_msgs/action/detail/follow_path__type_support_c.cpp.o
[54.349s] [ 86%] Building CXX object CMakeFiles/nav2_msgs__rosidl_typesupport_fastrtps_c.dir/rosidl_typesupport_fastrtps_c/nav2_msgs/action/detail/navigate_to_pose__type_support_c.cpp.o
[54.387s] [ 87%] Building CXX object CMakeFiles/nav2_msgs__rosidl_typesupport_fastrtps_c.dir/rosidl_typesupport_fastrtps_c/nav2_msgs/action/detail/navigate_through_poses__type_support_c.cpp.o
[54.623s] [ 87%] Building CXX object CMakeFiles/nav2_msgs__rosidl_typesupport_fastrtps_c.dir/rosidl_typesupport_fastrtps_c/nav2_msgs/action/detail/wait__type_support_c.cpp.o
[54.647s] [ 87%] Linking CXX shared library libnav2_msgs__rosidl_typesupport_fastrtps_cpp.so
[54.720s] [ 87%] Building CXX object CMakeFiles/nav2_msgs__rosidl_typesupport_fastrtps_c.dir/rosidl_typesupport_fastrtps_c/nav2_msgs/action/detail/spin__type_support_c.cpp.o
[54.776s] [ 87%] Building CXX object CMakeFiles/nav2_msgs__rosidl_typesupport_fastrtps_c.dir/rosidl_typesupport_fastrtps_c/nav2_msgs/action/detail/dummy_behavior__type_support_c.cpp.o
[54.789s] [ 87%] Building CXX object CMakeFiles/nav2_msgs__rosidl_typesupport_fastrtps_c.dir/rosidl_typesupport_fastrtps_c/nav2_msgs/action/detail/follow_waypoints__type_support_c.cpp.o
[54.830s] [ 88%] Building CXX object CMakeFiles/nav2_msgs__rosidl_typesupport_fastrtps_c.dir/rosidl_typesupport_fastrtps_c/nav2_msgs/action/detail/follow_gps_waypoints__type_support_c.cpp.o
[54.834s] [ 88%] Building CXX object CMakeFiles/nav2_msgs__rosidl_typesupport_fastrtps_c.dir/rosidl_typesupport_fastrtps_c/nav2_msgs/action/detail/dock_robot__type_support_c.cpp.o
[55.342s] [ 88%] Built target nav2_msgs__rosidl_typesupport_fastrtps_cpp
[55.344s] [ 88%] Building CXX object CMakeFiles/nav2_msgs__rosidl_typesupport_fastrtps_c.dir/rosidl_typesupport_fastrtps_c/nav2_msgs/action/detail/undock_robot__type_support_c.cpp.o
[55.373s] [ 88%] Building CXX object CMakeFiles/nav2_msgs__rosidl_typesupport_fastrtps_c.dir/rosidl_typesupport_fastrtps_c/nav2_msgs/action/detail/compute_route__type_support_c.cpp.o
[55.699s] [ 88%] Building CXX object CMakeFiles/nav2_msgs__rosidl_typesupport_fastrtps_c.dir/rosidl_typesupport_fastrtps_c/nav2_msgs/action/detail/compute_and_track_route__type_support_c.cpp.o
[57.312s] [ 88%] Linking CXX shared library libnav2_msgs__rosidl_typesupport_fastrtps_c.so
[57.646s] [ 88%] Built target nav2_msgs__rosidl_typesupport_fastrtps_c
[57.666s] [ 88%] Built target nav2_msgs
[57.689s] [ 88%] Generating Python code for ROS interfaces
[68.419s] [ 88%] Built target nav2_msgs__py
[68.493s] [ 88%] Building C object CMakeFiles/nav2_msgs__rosidl_generator_py.dir/rosidl_generator_py/nav2_msgs/msg/_collision_monitor_state_s.c.o
[68.495s] [ 88%] Building C object CMakeFiles/nav2_msgs__rosidl_generator_py.dir/rosidl_generator_py/nav2_msgs/msg/_collision_detector_state_s.c.o
[68.498s] [ 88%] Building C object CMakeFiles/nav2_msgs__rosidl_generator_py.dir/rosidl_generator_py/nav2_msgs/msg/_costmap_s.c.o
[68.504s] [ 89%] Building C object CMakeFiles/nav2_msgs__rosidl_generator_py.dir/rosidl_generator_py/nav2_msgs/msg/_costmap_filter_info_s.c.o
[68.505s] [ 89%] Building C object CMakeFiles/nav2_msgs__rosidl_generator_py.dir/rosidl_generator_py/nav2_msgs/msg/_costmap_meta_data_s.c.o
[68.506s] [ 89%] Building C object CMakeFiles/nav2_msgs__rosidl_generator_py.dir/rosidl_generator_py/nav2_msgs/msg/_costmap_update_s.c.o
[68.510s] [ 89%] Building C object CMakeFiles/nav2_msgs__rosidl_generator_py.dir/rosidl_generator_py/nav2_msgs/msg/_speed_limit_s.c.o
[68.513s] [ 90%] Building C object CMakeFiles/nav2_msgs__rosidl_generator_py.dir/rosidl_generator_py/nav2_msgs/msg/_particle_s.c.o
[68.519s] [ 90%] Building C object CMakeFiles/nav2_msgs__rosidl_generator_py.dir/rosidl_generator_py/nav2_msgs/msg/_voxel_grid_s.c.o
[68.522s] [ 90%] Building C object CMakeFiles/nav2_msgs__rosidl_generator_py.dir/rosidl_generator_py/nav2_msgs/msg/_behavior_tree_status_change_s.c.o
[68.527s] [ 90%] Building C object CMakeFiles/nav2_msgs__rosidl_generator_py.dir/rosidl_generator_py/nav2_msgs/msg/_behavior_tree_log_s.c.o
[68.528s] [ 90%] Building C object CMakeFiles/nav2_msgs__rosidl_generator_py.dir/rosidl_generator_py/nav2_msgs/msg/_particle_cloud_s.c.o
[68.528s] [ 91%] Building C object CMakeFiles/nav2_msgs__rosidl_generator_py.dir/rosidl_generator_py/nav2_msgs/msg/_waypoint_status_s.c.o
[68.528s] [ 91%] Building C object CMakeFiles/nav2_msgs__rosidl_generator_py.dir/rosidl_generator_py/nav2_msgs/msg/_route_s.c.o
[68.528s] [ 91%] Building C object CMakeFiles/nav2_msgs__rosidl_generator_py.dir/rosidl_generator_py/nav2_msgs/msg/_route_node_s.c.o
[68.528s] [ 91%] Building C object CMakeFiles/nav2_msgs__rosidl_generator_py.dir/rosidl_generator_py/nav2_msgs/msg/_route_edge_s.c.o
[68.781s] [ 91%] Building C object CMakeFiles/nav2_msgs__rosidl_generator_py.dir/rosidl_generator_py/nav2_msgs/msg/_edge_cost_s.c.o
[68.805s] [ 91%] Building C object CMakeFiles/nav2_msgs__rosidl_generator_py.dir/rosidl_generator_py/nav2_msgs/msg/_trajectory_s.c.o
[68.809s] [ 91%] Building C object CMakeFiles/nav2_msgs__rosidl_generator_py.dir/rosidl_generator_py/nav2_msgs/msg/_trajectory_point_s.c.o
[68.835s] [ 92%] Building C object CMakeFiles/nav2_msgs__rosidl_generator_py.dir/rosidl_generator_py/nav2_msgs/srv/_get_costs_s.c.o
[68.852s] [ 92%] Building C object CMakeFiles/nav2_msgs__rosidl_generator_py.dir/rosidl_generator_py/nav2_msgs/srv/_get_costmap_s.c.o
[68.860s] [ 92%] Building C object CMakeFiles/nav2_msgs__rosidl_generator_py.dir/rosidl_generator_py/nav2_msgs/srv/_is_path_valid_s.c.o
[68.879s] [ 92%] Building C object CMakeFiles/nav2_msgs__rosidl_generator_py.dir/rosidl_generator_py/nav2_msgs/srv/_clear_costmap_except_region_s.c.o
[68.887s] [ 92%] Building C object CMakeFiles/nav2_msgs__rosidl_generator_py.dir/rosidl_generator_py/nav2_msgs/srv/_clear_costmap_around_robot_s.c.o
[68.900s] [ 93%] Building C object CMakeFiles/nav2_msgs__rosidl_generator_py.dir/rosidl_generator_py/nav2_msgs/srv/_clear_entire_costmap_s.c.o
[68.911s] [ 93%] Building C object CMakeFiles/nav2_msgs__rosidl_generator_py.dir/rosidl_generator_py/nav2_msgs/srv/_manage_lifecycle_nodes_s.c.o
[68.966s] [ 93%] Building C object CMakeFiles/nav2_msgs__rosidl_generator_py.dir/rosidl_generator_py/nav2_msgs/srv/_load_map_s.c.o
[68.986s] [ 93%] Building C object CMakeFiles/nav2_msgs__rosidl_generator_py.dir/rosidl_generator_py/nav2_msgs/srv/_save_map_s.c.o
[69.066s] [ 93%] Building C object CMakeFiles/nav2_msgs__rosidl_generator_py.dir/rosidl_generator_py/nav2_msgs/srv/_set_initial_pose_s.c.o
[69.122s] [ 94%] Building C object CMakeFiles/nav2_msgs__rosidl_generator_py.dir/rosidl_generator_py/nav2_msgs/srv/_reload_dock_database_s.c.o
[69.154s] [ 94%] Building C object CMakeFiles/nav2_msgs__rosidl_generator_py.dir/rosidl_generator_py/nav2_msgs/srv/_set_route_graph_s.c.o
[69.174s] [ 94%] Building C object CMakeFiles/nav2_msgs__rosidl_generator_py.dir/rosidl_generator_py/nav2_msgs/srv/_dynamic_edges_s.c.o
[69.326s] [ 94%] Building C object CMakeFiles/nav2_msgs__rosidl_generator_py.dir/rosidl_generator_py/nav2_msgs/action/_assisted_teleop_s.c.o
[69.388s] [ 94%] Building C object CMakeFiles/nav2_msgs__rosidl_generator_py.dir/rosidl_generator_py/nav2_msgs/action/_back_up_s.c.o
[69.410s] [ 95%] Building C object CMakeFiles/nav2_msgs__rosidl_generator_py.dir/rosidl_generator_py/nav2_msgs/action/_compute_path_to_pose_s.c.o
[69.489s] [ 95%] Building C object CMakeFiles/nav2_msgs__rosidl_generator_py.dir/rosidl_generator_py/nav2_msgs/action/_drive_on_heading_s.c.o
[69.489s] [ 95%] Building C object CMakeFiles/nav2_msgs__rosidl_generator_py.dir/rosidl_generator_py/nav2_msgs/action/_compute_path_through_poses_s.c.o
[69.527s] [ 95%] Building C object CMakeFiles/nav2_msgs__rosidl_generator_py.dir/rosidl_generator_py/nav2_msgs/action/_follow_path_s.c.o
[69.531s] [ 95%] Building C object CMakeFiles/nav2_msgs__rosidl_generator_py.dir/rosidl_generator_py/nav2_msgs/action/_smooth_path_s.c.o
[69.550s] [ 95%] Building C object CMakeFiles/nav2_msgs__rosidl_generator_py.dir/rosidl_generator_py/nav2_msgs/action/_navigate_to_pose_s.c.o
[69.559s] [ 96%] Building C object CMakeFiles/nav2_msgs__rosidl_generator_py.dir/rosidl_generator_py/nav2_msgs/action/_navigate_through_poses_s.c.o
[69.564s] [ 96%] Building C object CMakeFiles/nav2_msgs__rosidl_generator_py.dir/rosidl_generator_py/nav2_msgs/action/_wait_s.c.o
[69.569s] [ 96%] Building C object CMakeFiles/nav2_msgs__rosidl_generator_py.dir/rosidl_generator_py/nav2_msgs/action/_spin_s.c.o
[69.569s] [ 96%] Building C object CMakeFiles/nav2_msgs__rosidl_generator_py.dir/rosidl_generator_py/nav2_msgs/action/_dummy_behavior_s.c.o
[69.634s] [ 97%] Building C object CMakeFiles/nav2_msgs__rosidl_generator_py.dir/rosidl_generator_py/nav2_msgs/action/_follow_waypoints_s.c.o
[69.638s] [ 97%] Building C object CMakeFiles/nav2_msgs__rosidl_generator_py.dir/rosidl_generator_py/nav2_msgs/action/_follow_gps_waypoints_s.c.o
[69.643s] [ 97%] Building C object CMakeFiles/nav2_msgs__rosidl_generator_py.dir/rosidl_generator_py/nav2_msgs/action/_dock_robot_s.c.o
[69.774s] [ 97%] Building C object CMakeFiles/nav2_msgs__rosidl_generator_py.dir/rosidl_generator_py/nav2_msgs/action/_undock_robot_s.c.o
[70.021s] [ 97%] Building C object CMakeFiles/nav2_msgs__rosidl_generator_py.dir/rosidl_generator_py/nav2_msgs/action/_compute_route_s.c.o
[70.118s] [ 97%] Building C object CMakeFiles/nav2_msgs__rosidl_generator_py.dir/rosidl_generator_py/nav2_msgs/action/_compute_and_track_route_s.c.o
[70.562s] [ 98%] Linking C shared library libnav2_msgs__rosidl_generator_py.so
[70.860s] [ 98%] Built target nav2_msgs__rosidl_generator_py
[70.890s] [ 99%] Building C object CMakeFiles/nav2_msgs_s__rosidl_typesupport_fastrtps_c.dir/rosidl_generator_py/nav2_msgs/_nav2_msgs_s.ep.rosidl_typesupport_fastrtps_c.c.o
[70.892s] [ 99%] Building C object CMakeFiles/nav2_msgs_s__rosidl_typesupport_introspection_c.dir/rosidl_generator_py/nav2_msgs/_nav2_msgs_s.ep.rosidl_typesupport_introspection_c.c.o
[70.895s] [ 99%] Building C object CMakeFiles/nav2_msgs_s__rosidl_typesupport_c.dir/rosidl_generator_py/nav2_msgs/_nav2_msgs_s.ep.rosidl_typesupport_c.c.o
[73.266s] [ 99%] Linking C shared module rosidl_generator_py/nav2_msgs/nav2_msgs_s__rosidl_typesupport_c.so
[73.272s] [ 99%] Linking C shared module rosidl_generator_py/nav2_msgs/nav2_msgs_s__rosidl_typesupport_fastrtps_c.so
[73.284s] [100%] Linking C shared module rosidl_generator_py/nav2_msgs/nav2_msgs_s__rosidl_typesupport_introspection_c.so
[73.354s] [100%] Built target nav2_msgs_s__rosidl_typesupport_c
[73.363s] [100%] Built target nav2_msgs_s__rosidl_typesupport_fastrtps_c
[73.375s] [100%] Built target nav2_msgs_s__rosidl_typesupport_introspection_c
[73.414s] Invoked command in '/home/GTL/asacks/ros_workspace/build/nav2_msgs' returned '0': AMENT_PREFIX_PATH=/home/GTL/asacks/ros_workspace/install/nav2_common:${AMENT_PREFIX_PATH} CMAKE_PREFIX_PATH=/home/GTL/asacks/ros_workspace/install/nav2_common:/home/GTL/asacks/ros_workspace/install/vrep4_helpers:/home/GTL/asacks/ros_workspace/install/floor_plane_regression_base:/home/GTL/asacks/ros_workspace/install/floor_plane_ransac_base:/home/GTL/asacks/ros_workspace/install/floor_plane_hough_base:/opt/ros/kilted/opt/gz_sim_vendor:/opt/ros/kilted/opt/gz_sensors_vendor:/opt/ros/kilted/opt/gz_physics_vendor:/opt/ros/kilted/opt/sdformat_vendor:/opt/ros/kilted/opt/gz_gui_vendor:/opt/ros/kilted/opt/gz_transport_vendor:/opt/ros/kilted/opt/gz_rendering_vendor:/opt/ros/kilted/opt/gz_plugin_vendor:/opt/ros/kilted/opt/gz_fuel_tools_vendor:/opt/ros/kilted/opt/gz_msgs_vendor:/opt/ros/kilted/opt/gz_common_vendor:/opt/ros/kilted/opt/gz_math_vendor:/opt/ros/kilted/opt/gz_utils_vendor:/opt/ros/kilted/opt/gz_tools_vendor:/opt/ros/kilted/opt/gz_ogre_next_vendor:/opt/ros/kilted/opt/gz_dartsim_vendor:/opt/ros/kilted/opt/gz_cmake_vendor:/home/GTL/asacks/ros_workspace/install/model_prediction:/home/GTL/asacks/ros_workspace/install/joy_teleop:/opt/ros/kilted DEBUGINFOD_URLS=https://debuginfod.ubuntu.com PYTHONPATH=/home/GTL/asacks/ros_workspace/install/nav2_common/lib/python3.12/site-packages:${PYTHONPATH} /usr/bin/cmake --build /home/GTL/asacks/ros_workspace/build/nav2_msgs -- -j16 -l16
[73.417s] Invoking command in '/home/GTL/asacks/ros_workspace/build/nav2_msgs': AMENT_PREFIX_PATH=/home/GTL/asacks/ros_workspace/install/nav2_common:${AMENT_PREFIX_PATH} CMAKE_PREFIX_PATH=/home/GTL/asacks/ros_workspace/install/nav2_common:/home/GTL/asacks/ros_workspace/install/vrep4_helpers:/home/GTL/asacks/ros_workspace/install/floor_plane_regression_base:/home/GTL/asacks/ros_workspace/install/floor_plane_ransac_base:/home/GTL/asacks/ros_workspace/install/floor_plane_hough_base:/opt/ros/kilted/opt/gz_sim_vendor:/opt/ros/kilted/opt/gz_sensors_vendor:/opt/ros/kilted/opt/gz_physics_vendor:/opt/ros/kilted/opt/sdformat_vendor:/opt/ros/kilted/opt/gz_gui_vendor:/opt/ros/kilted/opt/gz_transport_vendor:/opt/ros/kilted/opt/gz_rendering_vendor:/opt/ros/kilted/opt/gz_plugin_vendor:/opt/ros/kilted/opt/gz_fuel_tools_vendor:/opt/ros/kilted/opt/gz_msgs_vendor:/opt/ros/kilted/opt/gz_common_vendor:/opt/ros/kilted/opt/gz_math_vendor:/opt/ros/kilted/opt/gz_utils_vendor:/opt/ros/kilted/opt/gz_tools_vendor:/opt/ros/kilted/opt/gz_ogre_next_vendor:/opt/ros/kilted/opt/gz_dartsim_vendor:/opt/ros/kilted/opt/gz_cmake_vendor:/home/GTL/asacks/ros_workspace/install/model_prediction:/home/GTL/asacks/ros_workspace/install/joy_teleop:/opt/ros/kilted DEBUGINFOD_URLS=https://debuginfod.ubuntu.com PYTHONPATH=/home/GTL/asacks/ros_workspace/install/nav2_common/lib/python3.12/site-packages:${PYTHONPATH} /usr/bin/cmake --install /home/GTL/asacks/ros_workspace/build/nav2_msgs
[73.424s] -- Install configuration: "Release"
[73.425s] -- Execute custom install script
[73.432s] -- Symlinking: /home/GTL/asacks/ros_workspace/install/nav2_msgs/share/ament_index/resource_index/rosidl_interfaces/nav2_msgs
[73.443s] -- Symlinking: /home/GTL/asacks/ros_workspace/install/nav2_msgs/share/nav2_msgs/msg/CollisionMonitorState.json
[73.451s] -- Symlinking: /home/GTL/asacks/ros_workspace/install/nav2_msgs/share/nav2_msgs/msg/CollisionDetectorState.json
[73.460s] -- Symlinking: /home/GTL/asacks/ros_workspace/install/nav2_msgs/share/nav2_msgs/msg/Costmap.json
[73.468s] -- Symlinking: /home/GTL/asacks/ros_workspace/install/nav2_msgs/share/nav2_msgs/msg/CostmapMetaData.json
[73.475s] -- Symlinking: /home/GTL/asacks/ros_workspace/install/nav2_msgs/share/nav2_msgs/msg/CostmapUpdate.json
[73.482s] -- Symlinking: /home/GTL/asacks/ros_workspace/install/nav2_msgs/share/nav2_msgs/msg/CostmapFilterInfo.json
[73.490s] -- Symlinking: /home/GTL/asacks/ros_workspace/install/nav2_msgs/share/nav2_msgs/msg/SpeedLimit.json
[73.498s] -- Symlinking: /home/GTL/asacks/ros_workspace/install/nav2_msgs/share/nav2_msgs/msg/VoxelGrid.json
[73.507s] -- Symlinking: /home/GTL/asacks/ros_workspace/install/nav2_msgs/share/nav2_msgs/msg/BehaviorTreeStatusChange.json
[73.515s] -- Symlinking: /home/GTL/asacks/ros_workspace/install/nav2_msgs/share/nav2_msgs/msg/BehaviorTreeLog.json
[73.523s] -- Symlinking: /home/GTL/asacks/ros_workspace/install/nav2_msgs/share/nav2_msgs/msg/Particle.json
[73.536s] -- Symlinking: /home/GTL/asacks/ros_workspace/install/nav2_msgs/share/nav2_msgs/msg/ParticleCloud.json
[73.546s] -- Symlinking: /home/GTL/asacks/ros_workspace/install/nav2_msgs/share/nav2_msgs/msg/WaypointStatus.json
[73.556s] -- Symlinking: /home/GTL/asacks/ros_workspace/install/nav2_msgs/share/nav2_msgs/msg/Route.json
[73.566s] -- Symlinking: /home/GTL/asacks/ros_workspace/install/nav2_msgs/share/nav2_msgs/msg/RouteNode.json
[73.579s] -- Symlinking: /home/GTL/asacks/ros_workspace/install/nav2_msgs/share/nav2_msgs/msg/RouteEdge.json
[73.588s] -- Symlinking: /home/GTL/asacks/ros_workspace/install/nav2_msgs/share/nav2_msgs/msg/EdgeCost.json
[73.600s] -- Symlinking: /home/GTL/asacks/ros_workspace/install/nav2_msgs/share/nav2_msgs/msg/Trajectory.json
[73.608s] -- Symlinking: /home/GTL/asacks/ros_workspace/install/nav2_msgs/share/nav2_msgs/msg/TrajectoryPoint.json
[73.618s] -- Symlinking: /home/GTL/asacks/ros_workspace/install/nav2_msgs/share/nav2_msgs/srv/GetCosts.json
[73.627s] -- Symlinking: /home/GTL/asacks/ros_workspace/install/nav2_msgs/share/nav2_msgs/srv/GetCostmap.json
[73.635s] -- Symlinking: /home/GTL/asacks/ros_workspace/install/nav2_msgs/share/nav2_msgs/srv/IsPathValid.json
[73.644s] -- Symlinking: /home/GTL/asacks/ros_workspace/install/nav2_msgs/share/nav2_msgs/srv/ClearCostmapExceptRegion.json
[73.657s] -- Symlinking: /home/GTL/asacks/ros_workspace/install/nav2_msgs/share/nav2_msgs/srv/ClearCostmapAroundRobot.json
[73.665s] -- Symlinking: /home/GTL/asacks/ros_workspace/install/nav2_msgs/share/nav2_msgs/srv/ClearEntireCostmap.json
[73.673s] -- Symlinking: /home/GTL/asacks/ros_workspace/install/nav2_msgs/share/nav2_msgs/srv/ManageLifecycleNodes.json
[73.681s] -- Symlinking: /home/GTL/asacks/ros_workspace/install/nav2_msgs/share/nav2_msgs/srv/LoadMap.json
[73.693s] -- Symlinking: /home/GTL/asacks/ros_workspace/install/nav2_msgs/share/nav2_msgs/srv/SaveMap.json
[73.702s] -- Symlinking: /home/GTL/asacks/ros_workspace/install/nav2_msgs/share/nav2_msgs/srv/SetInitialPose.json
[73.711s] -- Symlinking: /home/GTL/asacks/ros_workspace/install/nav2_msgs/share/nav2_msgs/srv/ReloadDockDatabase.json
[73.720s] -- Symlinking: /home/GTL/asacks/ros_workspace/install/nav2_msgs/share/nav2_msgs/srv/SetRouteGraph.json
[73.729s] -- Symlinking: /home/GTL/asacks/ros_workspace/install/nav2_msgs/share/nav2_msgs/srv/DynamicEdges.json
[73.742s] -- Symlinking: /home/GTL/asacks/ros_workspace/install/nav2_msgs/share/nav2_msgs/action/AssistedTeleop.json
[73.753s] -- Symlinking: /home/GTL/asacks/ros_workspace/install/nav2_msgs/share/nav2_msgs/action/BackUp.json
[73.763s] -- Symlinking: /home/GTL/asacks/ros_workspace/install/nav2_msgs/share/nav2_msgs/action/ComputePathToPose.json
[73.773s] -- Symlinking: /home/GTL/asacks/ros_workspace/install/nav2_msgs/share/nav2_msgs/action/ComputePathThroughPoses.json
[73.781s] -- Symlinking: /home/GTL/asacks/ros_workspace/install/nav2_msgs/share/nav2_msgs/action/DriveOnHeading.json
[73.792s] -- Symlinking: /home/GTL/asacks/ros_workspace/install/nav2_msgs/share/nav2_msgs/action/SmoothPath.json
[73.806s] -- Symlinking: /home/GTL/asacks/ros_workspace/install/nav2_msgs/share/nav2_msgs/action/FollowPath.json
[73.816s] -- Symlinking: /home/GTL/asacks/ros_workspace/install/nav2_msgs/share/nav2_msgs/action/NavigateToPose.json
[73.829s] -- Symlinking: /home/GTL/asacks/ros_workspace/install/nav2_msgs/share/nav2_msgs/action/NavigateThroughPoses.json
[73.839s] -- Symlinking: /home/GTL/asacks/ros_workspace/install/nav2_msgs/share/nav2_msgs/action/Wait.json
[73.850s] -- Symlinking: /home/GTL/asacks/ros_workspace/install/nav2_msgs/share/nav2_msgs/action/Spin.json
[73.862s] -- Symlinking: /home/GTL/asacks/ros_workspace/install/nav2_msgs/share/nav2_msgs/action/DummyBehavior.json
[73.878s] -- Symlinking: /home/GTL/asacks/ros_workspace/install/nav2_msgs/share/nav2_msgs/action/FollowWaypoints.json
[73.893s] -- Symlinking: /home/GTL/asacks/ros_workspace/install/nav2_msgs/share/nav2_msgs/action/FollowGPSWaypoints.json
[73.901s] -- Symlinking: /home/GTL/asacks/ros_workspace/install/nav2_msgs/share/nav2_msgs/action/DockRobot.json
[73.911s] -- Symlinking: /home/GTL/asacks/ros_workspace/install/nav2_msgs/share/nav2_msgs/action/UndockRobot.json
[73.921s] -- Symlinking: /home/GTL/asacks/ros_workspace/install/nav2_msgs/share/nav2_msgs/action/ComputeRoute.json
[73.934s] -- Symlinking: /home/GTL/asacks/ros_workspace/install/nav2_msgs/share/nav2_msgs/action/ComputeAndTrackRoute.json
[73.981s] -- Symlinking: /home/GTL/asacks/ros_workspace/install/nav2_msgs/include/nav2_msgs/nav2_msgs/action/assisted_teleop.h
[73.990s] -- Symlinking: /home/GTL/asacks/ros_workspace/install/nav2_msgs/include/nav2_msgs/nav2_msgs/action/back_up.h
[74.000s] -- Symlinking: /home/GTL/asacks/ros_workspace/install/nav2_msgs/include/nav2_msgs/nav2_msgs/action/compute_and_track_route.h
[74.008s] -- Symlinking: /home/GTL/asacks/ros_workspace/install/nav2_msgs/include/nav2_msgs/nav2_msgs/action/compute_path_through_poses.h
[74.018s] -- Symlinking: /home/GTL/asacks/ros_workspace/install/nav2_msgs/include/nav2_msgs/nav2_msgs/action/compute_path_to_pose.h
[74.029s] -- Symlinking: /home/GTL/asacks/ros_workspace/install/nav2_msgs/include/nav2_msgs/nav2_msgs/action/compute_route.h
[74.041s] -- Symlinking: /home/GTL/asacks/ros_workspace/install/nav2_msgs/include/nav2_msgs/nav2_msgs/action/detail/assisted_teleop__functions.h
[74.049s] -- Symlinking: /home/GTL/asacks/ros_workspace/install/nav2_msgs/include/nav2_msgs/nav2_msgs/action/detail/assisted_teleop__struct.h
[74.057s] -- Symlinking: /home/GTL/asacks/ros_workspace/install/nav2_msgs/include/nav2_msgs/nav2_msgs/action/detail/assisted_teleop__type_support.h
[74.064s] -- Symlinking: /home/GTL/asacks/ros_workspace/install/nav2_msgs/include/nav2_msgs/nav2_msgs/action/detail/back_up__functions.h
[74.072s] -- Symlinking: /home/GTL/asacks/ros_workspace/install/nav2_msgs/include/nav2_msgs/nav2_msgs/action/detail/back_up__struct.h
[74.080s] -- Symlinking: /home/GTL/asacks/ros_workspace/install/nav2_msgs/include/nav2_msgs/nav2_msgs/action/detail/back_up__type_support.h
[74.088s] -- Symlinking: /home/GTL/asacks/ros_workspace/install/nav2_msgs/include/nav2_msgs/nav2_msgs/action/detail/compute_and_track_route__functions.h
[74.096s] -- Symlinking: /home/GTL/asacks/ros_workspace/install/nav2_msgs/include/nav2_msgs/nav2_msgs/action/detail/compute_and_track_route__struct.h
[74.104s] -- Symlinking: /home/GTL/asacks/ros_workspace/install/nav2_msgs/include/nav2_msgs/nav2_msgs/action/detail/compute_and_track_route__type_support.h
[74.113s] -- Symlinking: /home/GTL/asacks/ros_workspace/install/nav2_msgs/include/nav2_msgs/nav2_msgs/action/detail/compute_path_through_poses__functions.h
[74.120s] -- Symlinking: /home/GTL/asacks/ros_workspace/install/nav2_msgs/include/nav2_msgs/nav2_msgs/action/detail/compute_path_through_poses__struct.h
[74.128s] -- Symlinking: /home/GTL/asacks/ros_workspace/install/nav2_msgs/include/nav2_msgs/nav2_msgs/action/detail/compute_path_through_poses__type_support.h
[74.137s] -- Symlinking: /home/GTL/asacks/ros_workspace/install/nav2_msgs/include/nav2_msgs/nav2_msgs/action/detail/compute_path_to_pose__functions.h
[74.148s] -- Symlinking: /home/GTL/asacks/ros_workspace/install/nav2_msgs/include/nav2_msgs/nav2_msgs/action/detail/compute_path_to_pose__struct.h
[74.156s] -- Symlinking: /home/GTL/asacks/ros_workspace/install/nav2_msgs/include/nav2_msgs/nav2_msgs/action/detail/compute_path_to_pose__type_support.h
[74.164s] -- Symlinking: /home/GTL/asacks/ros_workspace/install/nav2_msgs/include/nav2_msgs/nav2_msgs/action/detail/compute_route__functions.h
[74.173s] -- Symlinking: /home/GTL/asacks/ros_workspace/install/nav2_msgs/include/nav2_msgs/nav2_msgs/action/detail/compute_route__struct.h
[74.181s] -- Symlinking: /home/GTL/asacks/ros_workspace/install/nav2_msgs/include/nav2_msgs/nav2_msgs/action/detail/compute_route__type_support.h
[74.189s] -- Symlinking: /home/GTL/asacks/ros_workspace/install/nav2_msgs/include/nav2_msgs/nav2_msgs/action/detail/dock_robot__functions.h
[74.196s] -- Symlinking: /home/GTL/asacks/ros_workspace/install/nav2_msgs/include/nav2_msgs/nav2_msgs/action/detail/dock_robot__struct.h
[74.203s] -- Symlinking: /home/GTL/asacks/ros_workspace/install/nav2_msgs/include/nav2_msgs/nav2_msgs/action/detail/dock_robot__type_support.h
[74.213s] -- Symlinking: /home/GTL/asacks/ros_workspace/install/nav2_msgs/include/nav2_msgs/nav2_msgs/action/detail/drive_on_heading__functions.h
[74.224s] -- Symlinking: /home/GTL/asacks/ros_workspace/install/nav2_msgs/include/nav2_msgs/nav2_msgs/action/detail/drive_on_heading__struct.h
[74.235s] -- Symlinking: /home/GTL/asacks/ros_workspace/install/nav2_msgs/include/nav2_msgs/nav2_msgs/action/detail/drive_on_heading__type_support.h
[74.244s] -- Symlinking: /home/GTL/asacks/ros_workspace/install/nav2_msgs/include/nav2_msgs/nav2_msgs/action/detail/dummy_behavior__functions.h
[74.255s] -- Symlinking: /home/GTL/asacks/ros_workspace/install/nav2_msgs/include/nav2_msgs/nav2_msgs/action/detail/dummy_behavior__struct.h
[74.262s] -- Symlinking: /home/GTL/asacks/ros_workspace/install/nav2_msgs/include/nav2_msgs/nav2_msgs/action/detail/dummy_behavior__type_support.h
[74.271s] -- Symlinking: /home/GTL/asacks/ros_workspace/install/nav2_msgs/include/nav2_msgs/nav2_msgs/action/detail/follow_gps_waypoints__functions.h
[74.279s] -- Symlinking: /home/GTL/asacks/ros_workspace/install/nav2_msgs/include/nav2_msgs/nav2_msgs/action/detail/follow_gps_waypoints__struct.h
[74.288s] -- Symlinking: /home/GTL/asacks/ros_workspace/install/nav2_msgs/include/nav2_msgs/nav2_msgs/action/detail/follow_gps_waypoints__type_support.h
[74.298s] -- Symlinking: /home/GTL/asacks/ros_workspace/install/nav2_msgs/include/nav2_msgs/nav2_msgs/action/detail/follow_path__functions.h
[74.306s] -- Symlinking: /home/GTL/asacks/ros_workspace/install/nav2_msgs/include/nav2_msgs/nav2_msgs/action/detail/follow_path__struct.h
[74.314s] -- Symlinking: /home/GTL/asacks/ros_workspace/install/nav2_msgs/include/nav2_msgs/nav2_msgs/action/detail/follow_path__type_support.h
[74.321s] -- Symlinking: /home/GTL/asacks/ros_workspace/install/nav2_msgs/include/nav2_msgs/nav2_msgs/action/detail/follow_waypoints__functions.h
[74.328s] -- Symlinking: /home/GTL/asacks/ros_workspace/install/nav2_msgs/include/nav2_msgs/nav2_msgs/action/detail/follow_waypoints__struct.h
[74.338s] -- Symlinking: /home/GTL/asacks/ros_workspace/install/nav2_msgs/include/nav2_msgs/nav2_msgs/action/detail/follow_waypoints__type_support.h
[74.346s] -- Symlinking: /home/GTL/asacks/ros_workspace/install/nav2_msgs/include/nav2_msgs/nav2_msgs/action/detail/navigate_through_poses__functions.h
[74.354s] -- Symlinking: /home/GTL/asacks/ros_workspace/install/nav2_msgs/include/nav2_msgs/nav2_msgs/action/detail/navigate_through_poses__struct.h
[74.362s] -- Symlinking: /home/GTL/asacks/ros_workspace/install/nav2_msgs/include/nav2_msgs/nav2_msgs/action/detail/navigate_through_poses__type_support.h
[74.369s] -- Symlinking: /home/GTL/asacks/ros_workspace/install/nav2_msgs/include/nav2_msgs/nav2_msgs/action/detail/navigate_to_pose__functions.h
[74.377s] -- Symlinking: /home/GTL/asacks/ros_workspace/install/nav2_msgs/include/nav2_msgs/nav2_msgs/action/detail/navigate_to_pose__struct.h
[74.384s] -- Symlinking: /home/GTL/asacks/ros_workspace/install/nav2_msgs/include/nav2_msgs/nav2_msgs/action/detail/navigate_to_pose__type_support.h
[74.394s] -- Symlinking: /home/GTL/asacks/ros_workspace/install/nav2_msgs/include/nav2_msgs/nav2_msgs/action/detail/smooth_path__functions.h
[74.403s] -- Symlinking: /home/GTL/asacks/ros_workspace/install/nav2_msgs/include/nav2_msgs/nav2_msgs/action/detail/smooth_path__struct.h
[74.412s] -- Symlinking: /home/GTL/asacks/ros_workspace/install/nav2_msgs/include/nav2_msgs/nav2_msgs/action/detail/smooth_path__type_support.h
[74.420s] -- Symlinking: /home/GTL/asacks/ros_workspace/install/nav2_msgs/include/nav2_msgs/nav2_msgs/action/detail/spin__functions.h
[74.429s] -- Symlinking: /home/GTL/asacks/ros_workspace/install/nav2_msgs/include/nav2_msgs/nav2_msgs/action/detail/spin__struct.h
[74.436s] -- Symlinking: /home/GTL/asacks/ros_workspace/install/nav2_msgs/include/nav2_msgs/nav2_msgs/action/detail/spin__type_support.h
[74.443s] -- Symlinking: /home/GTL/asacks/ros_workspace/install/nav2_msgs/include/nav2_msgs/nav2_msgs/action/detail/undock_robot__functions.h
[74.449s] -- Symlinking: /home/GTL/asacks/ros_workspace/install/nav2_msgs/include/nav2_msgs/nav2_msgs/action/detail/undock_robot__struct.h
[74.460s] -- Symlinking: /home/GTL/asacks/ros_workspace/install/nav2_msgs/include/nav2_msgs/nav2_msgs/action/detail/undock_robot__type_support.h
[74.472s] -- Symlinking: /home/GTL/asacks/ros_workspace/install/nav2_msgs/include/nav2_msgs/nav2_msgs/action/detail/wait__functions.h
[74.481s] -- Symlinking: /home/GTL/asacks/ros_workspace/install/nav2_msgs/include/nav2_msgs/nav2_msgs/action/detail/wait__struct.h
[74.489s] -- Symlinking: /home/GTL/asacks/ros_workspace/install/nav2_msgs/include/nav2_msgs/nav2_msgs/action/detail/wait__type_support.h
[74.497s] -- Symlinking: /home/GTL/asacks/ros_workspace/install/nav2_msgs/include/nav2_msgs/nav2_msgs/action/dock_robot.h
[74.504s] -- Symlinking: /home/GTL/asacks/ros_workspace/install/nav2_msgs/include/nav2_msgs/nav2_msgs/action/drive_on_heading.h
[74.512s] -- Symlinking: /home/GTL/asacks/ros_workspace/install/nav2_msgs/include/nav2_msgs/nav2_msgs/action/dummy_behavior.h
[74.522s] -- Symlinking: /home/GTL/asacks/ros_workspace/install/nav2_msgs/include/nav2_msgs/nav2_msgs/action/follow_gps_waypoints.h
[74.530s] -- Symlinking: /home/GTL/asacks/ros_workspace/install/nav2_msgs/include/nav2_msgs/nav2_msgs/action/follow_path.h
[74.537s] -- Symlinking: /home/GTL/asacks/ros_workspace/install/nav2_msgs/include/nav2_msgs/nav2_msgs/action/follow_waypoints.h
[74.546s] -- Symlinking: /home/GTL/asacks/ros_workspace/install/nav2_msgs/include/nav2_msgs/nav2_msgs/action/navigate_through_poses.h
[74.554s] -- Symlinking: /home/GTL/asacks/ros_workspace/install/nav2_msgs/include/nav2_msgs/nav2_msgs/action/navigate_to_pose.h
[74.561s] -- Symlinking: /home/GTL/asacks/ros_workspace/install/nav2_msgs/include/nav2_msgs/nav2_msgs/action/smooth_path.h
[74.571s] -- Symlinking: /home/GTL/asacks/ros_workspace/install/nav2_msgs/include/nav2_msgs/nav2_msgs/action/spin.h
[74.580s] -- Symlinking: /home/GTL/asacks/ros_workspace/install/nav2_msgs/include/nav2_msgs/nav2_msgs/action/undock_robot.h
[74.588s] -- Symlinking: /home/GTL/asacks/ros_workspace/install/nav2_msgs/include/nav2_msgs/nav2_msgs/action/wait.h
[74.598s] -- Symlinking: /home/GTL/asacks/ros_workspace/install/nav2_msgs/include/nav2_msgs/nav2_msgs/msg/behavior_tree_log.h
[74.605s] -- Symlinking: /home/GTL/asacks/ros_workspace/install/nav2_msgs/include/nav2_msgs/nav2_msgs/msg/behavior_tree_status_change.h
[74.612s] -- Symlinking: /home/GTL/asacks/ros_workspace/install/nav2_msgs/include/nav2_msgs/nav2_msgs/msg/collision_detector_state.h
[74.619s] -- Symlinking: /home/GTL/asacks/ros_workspace/install/nav2_msgs/include/nav2_msgs/nav2_msgs/msg/collision_monitor_state.h
[74.627s] -- Symlinking: /home/GTL/asacks/ros_workspace/install/nav2_msgs/include/nav2_msgs/nav2_msgs/msg/costmap.h
[74.634s] -- Symlinking: /home/GTL/asacks/ros_workspace/install/nav2_msgs/include/nav2_msgs/nav2_msgs/msg/costmap_filter_info.h
[74.641s] -- Symlinking: /home/GTL/asacks/ros_workspace/install/nav2_msgs/include/nav2_msgs/nav2_msgs/msg/costmap_meta_data.h
[74.648s] -- Symlinking: /home/GTL/asacks/ros_workspace/install/nav2_msgs/include/nav2_msgs/nav2_msgs/msg/costmap_update.h
[74.658s] -- Symlinking: /home/GTL/asacks/ros_workspace/install/nav2_msgs/include/nav2_msgs/nav2_msgs/msg/detail/behavior_tree_log__functions.h
[74.665s] -- Symlinking: /home/GTL/asacks/ros_workspace/install/nav2_msgs/include/nav2_msgs/nav2_msgs/msg/detail/behavior_tree_log__struct.h
[74.675s] -- Symlinking: /home/GTL/asacks/ros_workspace/install/nav2_msgs/include/nav2_msgs/nav2_msgs/msg/detail/behavior_tree_log__type_support.h
[74.684s] -- Symlinking: /home/GTL/asacks/ros_workspace/install/nav2_msgs/include/nav2_msgs/nav2_msgs/msg/detail/behavior_tree_status_change__functions.h
[74.691s] -- Symlinking: /home/GTL/asacks/ros_workspace/install/nav2_msgs/include/nav2_msgs/nav2_msgs/msg/detail/behavior_tree_status_change__struct.h
[74.698s] -- Symlinking: /home/GTL/asacks/ros_workspace/install/nav2_msgs/include/nav2_msgs/nav2_msgs/msg/detail/behavior_tree_status_change__type_support.h
[74.705s] -- Symlinking: /home/GTL/asacks/ros_workspace/install/nav2_msgs/include/nav2_msgs/nav2_msgs/msg/detail/collision_detector_state__functions.h
[74.713s] -- Symlinking: /home/GTL/asacks/ros_workspace/install/nav2_msgs/include/nav2_msgs/nav2_msgs/msg/detail/collision_detector_state__struct.h
[74.719s] -- Symlinking: /home/GTL/asacks/ros_workspace/install/nav2_msgs/include/nav2_msgs/nav2_msgs/msg/detail/collision_detector_state__type_support.h
[74.726s] -- Symlinking: /home/GTL/asacks/ros_workspace/install/nav2_msgs/include/nav2_msgs/nav2_msgs/msg/detail/collision_monitor_state__functions.h
[74.733s] -- Symlinking: /home/GTL/asacks/ros_workspace/install/nav2_msgs/include/nav2_msgs/nav2_msgs/msg/detail/collision_monitor_state__struct.h
[74.739s] -- Symlinking: /home/GTL/asacks/ros_workspace/install/nav2_msgs/include/nav2_msgs/nav2_msgs/msg/detail/collision_monitor_state__type_support.h
[74.745s] -- Symlinking: /home/GTL/asacks/ros_workspace/install/nav2_msgs/include/nav2_msgs/nav2_msgs/msg/detail/costmap__functions.h
[74.752s] -- Symlinking: /home/GTL/asacks/ros_workspace/install/nav2_msgs/include/nav2_msgs/nav2_msgs/msg/detail/costmap__struct.h
[74.760s] -- Symlinking: /home/GTL/asacks/ros_workspace/install/nav2_msgs/include/nav2_msgs/nav2_msgs/msg/detail/costmap__type_support.h
[74.769s] -- Symlinking: /home/GTL/asacks/ros_workspace/install/nav2_msgs/include/nav2_msgs/nav2_msgs/msg/detail/costmap_filter_info__functions.h
[74.778s] -- Symlinking: /home/GTL/asacks/ros_workspace/install/nav2_msgs/include/nav2_msgs/nav2_msgs/msg/detail/costmap_filter_info__struct.h
[74.785s] -- Symlinking: /home/GTL/asacks/ros_workspace/install/nav2_msgs/include/nav2_msgs/nav2_msgs/msg/detail/costmap_filter_info__type_support.h
[74.792s] -- Symlinking: /home/GTL/asacks/ros_workspace/install/nav2_msgs/include/nav2_msgs/nav2_msgs/msg/detail/costmap_meta_data__functions.h
[74.800s] -- Symlinking: /home/GTL/asacks/ros_workspace/install/nav2_msgs/include/nav2_msgs/nav2_msgs/msg/detail/costmap_meta_data__struct.h
[74.807s] -- Symlinking: /home/GTL/asacks/ros_workspace/install/nav2_msgs/include/nav2_msgs/nav2_msgs/msg/detail/costmap_meta_data__type_support.h
[74.814s] -- Symlinking: /home/GTL/asacks/ros_workspace/install/nav2_msgs/include/nav2_msgs/nav2_msgs/msg/detail/costmap_update__functions.h
[74.823s] -- Symlinking: /home/GTL/asacks/ros_workspace/install/nav2_msgs/include/nav2_msgs/nav2_msgs/msg/detail/costmap_update__struct.h
[74.835s] -- Symlinking: /home/GTL/asacks/ros_workspace/install/nav2_msgs/include/nav2_msgs/nav2_msgs/msg/detail/costmap_update__type_support.h
[74.849s] -- Symlinking: /home/GTL/asacks/ros_workspace/install/nav2_msgs/include/nav2_msgs/nav2_msgs/msg/detail/edge_cost__functions.h
[74.859s] -- Symlinking: /home/GTL/asacks/ros_workspace/install/nav2_msgs/include/nav2_msgs/nav2_msgs/msg/detail/edge_cost__struct.h
[74.866s] -- Symlinking: /home/GTL/asacks/ros_workspace/install/nav2_msgs/include/nav2_msgs/nav2_msgs/msg/detail/edge_cost__type_support.h
[74.873s] -- Symlinking: /home/GTL/asacks/ros_workspace/install/nav2_msgs/include/nav2_msgs/nav2_msgs/msg/detail/particle__functions.h
[74.880s] -- Symlinking: /home/GTL/asacks/ros_workspace/install/nav2_msgs/include/nav2_msgs/nav2_msgs/msg/detail/particle__struct.h
[74.887s] -- Symlinking: /home/GTL/asacks/ros_workspace/install/nav2_msgs/include/nav2_msgs/nav2_msgs/msg/detail/particle__type_support.h
[74.894s] -- Symlinking: /home/GTL/asacks/ros_workspace/install/nav2_msgs/include/nav2_msgs/nav2_msgs/msg/detail/particle_cloud__functions.h
[74.902s] -- Symlinking: /home/GTL/asacks/ros_workspace/install/nav2_msgs/include/nav2_msgs/nav2_msgs/msg/detail/particle_cloud__struct.h
[74.909s] -- Symlinking: /home/GTL/asacks/ros_workspace/install/nav2_msgs/include/nav2_msgs/nav2_msgs/msg/detail/particle_cloud__type_support.h
[74.916s] -- Symlinking: /home/GTL/asacks/ros_workspace/install/nav2_msgs/include/nav2_msgs/nav2_msgs/msg/detail/route__functions.h
[74.923s] -- Symlinking: /home/GTL/asacks/ros_workspace/install/nav2_msgs/include/nav2_msgs/nav2_msgs/msg/detail/route__struct.h
[74.931s] -- Symlinking: /home/GTL/asacks/ros_workspace/install/nav2_msgs/include/nav2_msgs/nav2_msgs/msg/detail/route__type_support.h
[74.938s] -- Symlinking: /home/GTL/asacks/ros_workspace/install/nav2_msgs/include/nav2_msgs/nav2_msgs/msg/detail/route_edge__functions.h
[74.946s] -- Symlinking: /home/GTL/asacks/ros_workspace/install/nav2_msgs/include/nav2_msgs/nav2_msgs/msg/detail/route_edge__struct.h
[74.953s] -- Symlinking: /home/GTL/asacks/ros_workspace/install/nav2_msgs/include/nav2_msgs/nav2_msgs/msg/detail/route_edge__type_support.h
[74.961s] -- Symlinking: /home/GTL/asacks/ros_workspace/install/nav2_msgs/include/nav2_msgs/nav2_msgs/msg/detail/route_node__functions.h
[74.969s] -- Symlinking: /home/GTL/asacks/ros_workspace/install/nav2_msgs/include/nav2_msgs/nav2_msgs/msg/detail/route_node__struct.h
[74.977s] -- Symlinking: /home/GTL/asacks/ros_workspace/install/nav2_msgs/include/nav2_msgs/nav2_msgs/msg/detail/route_node__type_support.h
[74.985s] -- Symlinking: /home/GTL/asacks/ros_workspace/install/nav2_msgs/include/nav2_msgs/nav2_msgs/msg/detail/speed_limit__functions.h
[74.992s] -- Symlinking: /home/GTL/asacks/ros_workspace/install/nav2_msgs/include/nav2_msgs/nav2_msgs/msg/detail/speed_limit__struct.h
[75.000s] -- Symlinking: /home/GTL/asacks/ros_workspace/install/nav2_msgs/include/nav2_msgs/nav2_msgs/msg/detail/speed_limit__type_support.h
[75.007s] -- Symlinking: /home/GTL/asacks/ros_workspace/install/nav2_msgs/include/nav2_msgs/nav2_msgs/msg/detail/trajectory__functions.h
[75.014s] -- Symlinking: /home/GTL/asacks/ros_workspace/install/nav2_msgs/include/nav2_msgs/nav2_msgs/msg/detail/trajectory__struct.h
[75.022s] -- Symlinking: /home/GTL/asacks/ros_workspace/install/nav2_msgs/include/nav2_msgs/nav2_msgs/msg/detail/trajectory__type_support.h
[75.029s] -- Symlinking: /home/GTL/asacks/ros_workspace/install/nav2_msgs/include/nav2_msgs/nav2_msgs/msg/detail/trajectory_point__functions.h
[75.037s] -- Symlinking: /home/GTL/asacks/ros_workspace/install/nav2_msgs/include/nav2_msgs/nav2_msgs/msg/detail/trajectory_point__struct.h
[75.044s] -- Symlinking: /home/GTL/asacks/ros_workspace/install/nav2_msgs/include/nav2_msgs/nav2_msgs/msg/detail/trajectory_point__type_support.h
[75.052s] -- Symlinking: /home/GTL/asacks/ros_workspace/install/nav2_msgs/include/nav2_msgs/nav2_msgs/msg/detail/voxel_grid__functions.h
[75.060s] -- Symlinking: /home/GTL/asacks/ros_workspace/install/nav2_msgs/include/nav2_msgs/nav2_msgs/msg/detail/voxel_grid__struct.h
[75.067s] -- Symlinking: /home/GTL/asacks/ros_workspace/install/nav2_msgs/include/nav2_msgs/nav2_msgs/msg/detail/voxel_grid__type_support.h
[75.075s] -- Symlinking: /home/GTL/asacks/ros_workspace/install/nav2_msgs/include/nav2_msgs/nav2_msgs/msg/detail/waypoint_status__functions.h
[75.083s] -- Symlinking: /home/GTL/asacks/ros_workspace/install/nav2_msgs/include/nav2_msgs/nav2_msgs/msg/detail/waypoint_status__struct.h
[75.090s] -- Symlinking: /home/GTL/asacks/ros_workspace/install/nav2_msgs/include/nav2_msgs/nav2_msgs/msg/detail/waypoint_status__type_support.h
[75.097s] -- Symlinking: /home/GTL/asacks/ros_workspace/install/nav2_msgs/include/nav2_msgs/nav2_msgs/msg/edge_cost.h
[75.105s] -- Symlinking: /home/GTL/asacks/ros_workspace/install/nav2_msgs/include/nav2_msgs/nav2_msgs/msg/particle.h
[75.112s] -- Symlinking: /home/GTL/asacks/ros_workspace/install/nav2_msgs/include/nav2_msgs/nav2_msgs/msg/particle_cloud.h
[75.119s] -- Symlinking: /home/GTL/asacks/ros_workspace/install/nav2_msgs/include/nav2_msgs/nav2_msgs/msg/rosidl_generator_c__visibility_control.h
[75.126s] -- Symlinking: /home/GTL/asacks/ros_workspace/install/nav2_msgs/include/nav2_msgs/nav2_msgs/msg/route.h
[75.134s] -- Symlinking: /home/GTL/asacks/ros_workspace/install/nav2_msgs/include/nav2_msgs/nav2_msgs/msg/route_edge.h
[75.141s] -- Symlinking: /home/GTL/asacks/ros_workspace/install/nav2_msgs/include/nav2_msgs/nav2_msgs/msg/route_node.h
[75.148s] -- Symlinking: /home/GTL/asacks/ros_workspace/install/nav2_msgs/include/nav2_msgs/nav2_msgs/msg/speed_limit.h
[75.155s] -- Symlinking: /home/GTL/asacks/ros_workspace/install/nav2_msgs/include/nav2_msgs/nav2_msgs/msg/trajectory.h
[75.162s] -- Symlinking: /home/GTL/asacks/ros_workspace/install/nav2_msgs/include/nav2_msgs/nav2_msgs/msg/trajectory_point.h
[75.170s] -- Symlinking: /home/GTL/asacks/ros_workspace/install/nav2_msgs/include/nav2_msgs/nav2_msgs/msg/voxel_grid.h
[75.177s] -- Symlinking: /home/GTL/asacks/ros_workspace/install/nav2_msgs/include/nav2_msgs/nav2_msgs/msg/waypoint_status.h
[75.189s] -- Symlinking: /home/GTL/asacks/ros_workspace/install/nav2_msgs/include/nav2_msgs/nav2_msgs/srv/clear_costmap_around_robot.h
[75.196s] -- Symlinking: /home/GTL/asacks/ros_workspace/install/nav2_msgs/include/nav2_msgs/nav2_msgs/srv/clear_costmap_except_region.h
[75.203s] -- Symlinking: /home/GTL/asacks/ros_workspace/install/nav2_msgs/include/nav2_msgs/nav2_msgs/srv/clear_entire_costmap.h
[75.212s] -- Symlinking: /home/GTL/asacks/ros_workspace/install/nav2_msgs/include/nav2_msgs/nav2_msgs/srv/detail/clear_costmap_around_robot__functions.h
[75.219s] -- Symlinking: /home/GTL/asacks/ros_workspace/install/nav2_msgs/include/nav2_msgs/nav2_msgs/srv/detail/clear_costmap_around_robot__struct.h
[75.226s] -- Symlinking: /home/GTL/asacks/ros_workspace/install/nav2_msgs/include/nav2_msgs/nav2_msgs/srv/detail/clear_costmap_around_robot__type_support.h
[75.232s] -- Symlinking: /home/GTL/asacks/ros_workspace/install/nav2_msgs/include/nav2_msgs/nav2_msgs/srv/detail/clear_costmap_except_region__functions.h
[75.239s] -- Symlinking: /home/GTL/asacks/ros_workspace/install/nav2_msgs/include/nav2_msgs/nav2_msgs/srv/detail/clear_costmap_except_region__struct.h
[75.246s] -- Symlinking: /home/GTL/asacks/ros_workspace/install/nav2_msgs/include/nav2_msgs/nav2_msgs/srv/detail/clear_costmap_except_region__type_support.h
[75.253s] -- Symlinking: /home/GTL/asacks/ros_workspace/install/nav2_msgs/include/nav2_msgs/nav2_msgs/srv/detail/clear_entire_costmap__functions.h
[75.259s] -- Symlinking: /home/GTL/asacks/ros_workspace/install/nav2_msgs/include/nav2_msgs/nav2_msgs/srv/detail/clear_entire_costmap__struct.h
[75.267s] -- Symlinking: /home/GTL/asacks/ros_workspace/install/nav2_msgs/include/nav2_msgs/nav2_msgs/srv/detail/clear_entire_costmap__type_support.h
[75.275s] -- Symlinking: /home/GTL/asacks/ros_workspace/install/nav2_msgs/include/nav2_msgs/nav2_msgs/srv/detail/dynamic_edges__functions.h
[75.282s] -- Symlinking: /home/GTL/asacks/ros_workspace/install/nav2_msgs/include/nav2_msgs/nav2_msgs/srv/detail/dynamic_edges__struct.h
[75.289s] -- Symlinking: /home/GTL/asacks/ros_workspace/install/nav2_msgs/include/nav2_msgs/nav2_msgs/srv/detail/dynamic_edges__type_support.h
[75.296s] -- Symlinking: /home/GTL/asacks/ros_workspace/install/nav2_msgs/include/nav2_msgs/nav2_msgs/srv/detail/get_costmap__functions.h
[75.304s] -- Symlinking: /home/GTL/asacks/ros_workspace/install/nav2_msgs/include/nav2_msgs/nav2_msgs/srv/detail/get_costmap__struct.h
[75.312s] -- Symlinking: /home/GTL/asacks/ros_workspace/install/nav2_msgs/include/nav2_msgs/nav2_msgs/srv/detail/get_costmap__type_support.h
[75.319s] -- Symlinking: /home/GTL/asacks/ros_workspace/install/nav2_msgs/include/nav2_msgs/nav2_msgs/srv/detail/get_costs__functions.h
[75.326s] -- Symlinking: /home/GTL/asacks/ros_workspace/install/nav2_msgs/include/nav2_msgs/nav2_msgs/srv/detail/get_costs__struct.h
[75.333s] -- Symlinking: /home/GTL/asacks/ros_workspace/install/nav2_msgs/include/nav2_msgs/nav2_msgs/srv/detail/get_costs__type_support.h
[75.341s] -- Symlinking: /home/GTL/asacks/ros_workspace/install/nav2_msgs/include/nav2_msgs/nav2_msgs/srv/detail/is_path_valid__functions.h
[75.348s] -- Symlinking: /home/GTL/asacks/ros_workspace/install/nav2_msgs/include/nav2_msgs/nav2_msgs/srv/detail/is_path_valid__struct.h
[75.355s] -- Symlinking: /home/GTL/asacks/ros_workspace/install/nav2_msgs/include/nav2_msgs/nav2_msgs/srv/detail/is_path_valid__type_support.h
[75.362s] -- Symlinking: /home/GTL/asacks/ros_workspace/install/nav2_msgs/include/nav2_msgs/nav2_msgs/srv/detail/load_map__functions.h
[75.369s] -- Symlinking: /home/GTL/asacks/ros_workspace/install/nav2_msgs/include/nav2_msgs/nav2_msgs/srv/detail/load_map__struct.h
[75.376s] -- Symlinking: /home/GTL/asacks/ros_workspace/install/nav2_msgs/include/nav2_msgs/nav2_msgs/srv/detail/load_map__type_support.h
[75.383s] -- Symlinking: /home/GTL/asacks/ros_workspace/install/nav2_msgs/include/nav2_msgs/nav2_msgs/srv/detail/manage_lifecycle_nodes__functions.h
[75.389s] -- Symlinking: /home/GTL/asacks/ros_workspace/install/nav2_msgs/include/nav2_msgs/nav2_msgs/srv/detail/manage_lifecycle_nodes__struct.h
[75.396s] -- Symlinking: /home/GTL/asacks/ros_workspace/install/nav2_msgs/include/nav2_msgs/nav2_msgs/srv/detail/manage_lifecycle_nodes__type_support.h
[75.403s] -- Symlinking: /home/GTL/asacks/ros_workspace/install/nav2_msgs/include/nav2_msgs/nav2_msgs/srv/detail/reload_dock_database__functions.h
[75.410s] -- Symlinking: /home/GTL/asacks/ros_workspace/install/nav2_msgs/include/nav2_msgs/nav2_msgs/srv/detail/reload_dock_database__struct.h
[75.417s] -- Symlinking: /home/GTL/asacks/ros_workspace/install/nav2_msgs/include/nav2_msgs/nav2_msgs/srv/detail/reload_dock_database__type_support.h
[75.424s] -- Symlinking: /home/GTL/asacks/ros_workspace/install/nav2_msgs/include/nav2_msgs/nav2_msgs/srv/detail/save_map__functions.h
[75.432s] -- Symlinking: /home/GTL/asacks/ros_workspace/install/nav2_msgs/include/nav2_msgs/nav2_msgs/srv/detail/save_map__struct.h
[75.439s] -- Symlinking: /home/GTL/asacks/ros_workspace/install/nav2_msgs/include/nav2_msgs/nav2_msgs/srv/detail/save_map__type_support.h
[75.447s] -- Symlinking: /home/GTL/asacks/ros_workspace/install/nav2_msgs/include/nav2_msgs/nav2_msgs/srv/detail/set_initial_pose__functions.h
[75.454s] -- Symlinking: /home/GTL/asacks/ros_workspace/install/nav2_msgs/include/nav2_msgs/nav2_msgs/srv/detail/set_initial_pose__struct.h
[75.462s] -- Symlinking: /home/GTL/asacks/ros_workspace/install/nav2_msgs/include/nav2_msgs/nav2_msgs/srv/detail/set_initial_pose__type_support.h
[75.469s] -- Symlinking: /home/GTL/asacks/ros_workspace/install/nav2_msgs/include/nav2_msgs/nav2_msgs/srv/detail/set_route_graph__functions.h
[75.476s] -- Symlinking: /home/GTL/asacks/ros_workspace/install/nav2_msgs/include/nav2_msgs/nav2_msgs/srv/detail/set_route_graph__struct.h
[75.483s] -- Symlinking: /home/GTL/asacks/ros_workspace/install/nav2_msgs/include/nav2_msgs/nav2_msgs/srv/detail/set_route_graph__type_support.h
[75.490s] -- Symlinking: /home/GTL/asacks/ros_workspace/install/nav2_msgs/include/nav2_msgs/nav2_msgs/srv/dynamic_edges.h
[75.498s] -- Symlinking: /home/GTL/asacks/ros_workspace/install/nav2_msgs/include/nav2_msgs/nav2_msgs/srv/get_costmap.h
[75.505s] -- Symlinking: /home/GTL/asacks/ros_workspace/install/nav2_msgs/include/nav2_msgs/nav2_msgs/srv/get_costs.h
[75.511s] -- Symlinking: /home/GTL/asacks/ros_workspace/install/nav2_msgs/include/nav2_msgs/nav2_msgs/srv/is_path_valid.h
[75.518s] -- Symlinking: /home/GTL/asacks/ros_workspace/install/nav2_msgs/include/nav2_msgs/nav2_msgs/srv/load_map.h
[75.526s] -- Symlinking: /home/GTL/asacks/ros_workspace/install/nav2_msgs/include/nav2_msgs/nav2_msgs/srv/manage_lifecycle_nodes.h
[75.533s] -- Symlinking: /home/GTL/asacks/ros_workspace/install/nav2_msgs/include/nav2_msgs/nav2_msgs/srv/reload_dock_database.h
[75.541s] -- Symlinking: /home/GTL/asacks/ros_workspace/install/nav2_msgs/include/nav2_msgs/nav2_msgs/srv/save_map.h
[75.548s] -- Symlinking: /home/GTL/asacks/ros_workspace/install/nav2_msgs/include/nav2_msgs/nav2_msgs/srv/set_initial_pose.h
[75.556s] -- Symlinking: /home/GTL/asacks/ros_workspace/install/nav2_msgs/include/nav2_msgs/nav2_msgs/srv/set_route_graph.h
[75.566s] -- Symlinking: /home/GTL/asacks/ros_workspace/install/nav2_msgs/share/nav2_msgs/environment/library_path.sh
[75.575s] -- Symlinking: /home/GTL/asacks/ros_workspace/install/nav2_msgs/share/nav2_msgs/environment/library_path.dsv
[75.588s] -- Symlinking: /home/GTL/asacks/ros_workspace/install/nav2_msgs/include/nav2_msgs/nav2_msgs/action/detail/assisted_teleop__rosidl_typesupport_fastrtps_c.h
[75.595s] -- Symlinking: /home/GTL/asacks/ros_workspace/install/nav2_msgs/include/nav2_msgs/nav2_msgs/action/detail/back_up__rosidl_typesupport_fastrtps_c.h
[75.603s] -- Symlinking: /home/GTL/asacks/ros_workspace/install/nav2_msgs/include/nav2_msgs/nav2_msgs/action/detail/compute_and_track_route__rosidl_typesupport_fastrtps_c.h
[75.610s] -- Symlinking: /home/GTL/asacks/ros_workspace/install/nav2_msgs/include/nav2_msgs/nav2_msgs/action/detail/compute_path_through_poses__rosidl_typesupport_fastrtps_c.h
[75.617s] -- Symlinking: /home/GTL/asacks/ros_workspace/install/nav2_msgs/include/nav2_msgs/nav2_msgs/action/detail/compute_path_to_pose__rosidl_typesupport_fastrtps_c.h
[75.624s] -- Symlinking: /home/GTL/asacks/ros_workspace/install/nav2_msgs/include/nav2_msgs/nav2_msgs/action/detail/compute_route__rosidl_typesupport_fastrtps_c.h
[75.631s] -- Symlinking: /home/GTL/asacks/ros_workspace/install/nav2_msgs/include/nav2_msgs/nav2_msgs/action/detail/dock_robot__rosidl_typesupport_fastrtps_c.h
[75.638s] -- Symlinking: /home/GTL/asacks/ros_workspace/install/nav2_msgs/include/nav2_msgs/nav2_msgs/action/detail/drive_on_heading__rosidl_typesupport_fastrtps_c.h
[75.644s] -- Symlinking: /home/GTL/asacks/ros_workspace/install/nav2_msgs/include/nav2_msgs/nav2_msgs/action/detail/dummy_behavior__rosidl_typesupport_fastrtps_c.h
[75.651s] -- Symlinking: /home/GTL/asacks/ros_workspace/install/nav2_msgs/include/nav2_msgs/nav2_msgs/action/detail/follow_gps_waypoints__rosidl_typesupport_fastrtps_c.h
[75.658s] -- Symlinking: /home/GTL/asacks/ros_workspace/install/nav2_msgs/include/nav2_msgs/nav2_msgs/action/detail/follow_path__rosidl_typesupport_fastrtps_c.h
[75.665s] -- Symlinking: /home/GTL/asacks/ros_workspace/install/nav2_msgs/include/nav2_msgs/nav2_msgs/action/detail/follow_waypoints__rosidl_typesupport_fastrtps_c.h
[75.672s] -- Symlinking: /home/GTL/asacks/ros_workspace/install/nav2_msgs/include/nav2_msgs/nav2_msgs/action/detail/navigate_through_poses__rosidl_typesupport_fastrtps_c.h
[75.679s] -- Symlinking: /home/GTL/asacks/ros_workspace/install/nav2_msgs/include/nav2_msgs/nav2_msgs/action/detail/navigate_to_pose__rosidl_typesupport_fastrtps_c.h
[75.686s] -- Symlinking: /home/GTL/asacks/ros_workspace/install/nav2_msgs/include/nav2_msgs/nav2_msgs/action/detail/smooth_path__rosidl_typesupport_fastrtps_c.h
[75.693s] -- Symlinking: /home/GTL/asacks/ros_workspace/install/nav2_msgs/include/nav2_msgs/nav2_msgs/action/detail/spin__rosidl_typesupport_fastrtps_c.h
[75.700s] -- Symlinking: /home/GTL/asacks/ros_workspace/install/nav2_msgs/include/nav2_msgs/nav2_msgs/action/detail/undock_robot__rosidl_typesupport_fastrtps_c.h
[75.708s] -- Symlinking: /home/GTL/asacks/ros_workspace/install/nav2_msgs/include/nav2_msgs/nav2_msgs/action/detail/wait__rosidl_typesupport_fastrtps_c.h
[75.715s] -- Symlinking: /home/GTL/asacks/ros_workspace/install/nav2_msgs/include/nav2_msgs/nav2_msgs/msg/detail/behavior_tree_log__rosidl_typesupport_fastrtps_c.h
[75.723s] -- Symlinking: /home/GTL/asacks/ros_workspace/install/nav2_msgs/include/nav2_msgs/nav2_msgs/msg/detail/behavior_tree_status_change__rosidl_typesupport_fastrtps_c.h
[75.730s] -- Symlinking: /home/GTL/asacks/ros_workspace/install/nav2_msgs/include/nav2_msgs/nav2_msgs/msg/detail/collision_detector_state__rosidl_typesupport_fastrtps_c.h
[75.737s] -- Symlinking: /home/GTL/asacks/ros_workspace/install/nav2_msgs/include/nav2_msgs/nav2_msgs/msg/detail/collision_monitor_state__rosidl_typesupport_fastrtps_c.h
[75.744s] -- Symlinking: /home/GTL/asacks/ros_workspace/install/nav2_msgs/include/nav2_msgs/nav2_msgs/msg/detail/costmap__rosidl_typesupport_fastrtps_c.h
[75.751s] -- Symlinking: /home/GTL/asacks/ros_workspace/install/nav2_msgs/include/nav2_msgs/nav2_msgs/msg/detail/costmap_filter_info__rosidl_typesupport_fastrtps_c.h
[75.758s] -- Symlinking: /home/GTL/asacks/ros_workspace/install/nav2_msgs/include/nav2_msgs/nav2_msgs/msg/detail/costmap_meta_data__rosidl_typesupport_fastrtps_c.h
[75.766s] -- Symlinking: /home/GTL/asacks/ros_workspace/install/nav2_msgs/include/nav2_msgs/nav2_msgs/msg/detail/costmap_update__rosidl_typesupport_fastrtps_c.h
[75.775s] -- Symlinking: /home/GTL/asacks/ros_workspace/install/nav2_msgs/include/nav2_msgs/nav2_msgs/msg/detail/edge_cost__rosidl_typesupport_fastrtps_c.h
[75.783s] -- Symlinking: /home/GTL/asacks/ros_workspace/install/nav2_msgs/include/nav2_msgs/nav2_msgs/msg/detail/particle__rosidl_typesupport_fastrtps_c.h
[75.791s] -- Symlinking: /home/GTL/asacks/ros_workspace/install/nav2_msgs/include/nav2_msgs/nav2_msgs/msg/detail/particle_cloud__rosidl_typesupport_fastrtps_c.h
[75.798s] -- Symlinking: /home/GTL/asacks/ros_workspace/install/nav2_msgs/include/nav2_msgs/nav2_msgs/msg/detail/route__rosidl_typesupport_fastrtps_c.h
[75.805s] -- Symlinking: /home/GTL/asacks/ros_workspace/install/nav2_msgs/include/nav2_msgs/nav2_msgs/msg/detail/route_edge__rosidl_typesupport_fastrtps_c.h
[75.812s] -- Symlinking: /home/GTL/asacks/ros_workspace/install/nav2_msgs/include/nav2_msgs/nav2_msgs/msg/detail/route_node__rosidl_typesupport_fastrtps_c.h
[75.820s] -- Symlinking: /home/GTL/asacks/ros_workspace/install/nav2_msgs/include/nav2_msgs/nav2_msgs/msg/detail/speed_limit__rosidl_typesupport_fastrtps_c.h
[75.827s] -- Symlinking: /home/GTL/asacks/ros_workspace/install/nav2_msgs/include/nav2_msgs/nav2_msgs/msg/detail/trajectory__rosidl_typesupport_fastrtps_c.h
[75.833s] -- Symlinking: /home/GTL/asacks/ros_workspace/install/nav2_msgs/include/nav2_msgs/nav2_msgs/msg/detail/trajectory_point__rosidl_typesupport_fastrtps_c.h
[75.840s] -- Symlinking: /home/GTL/asacks/ros_workspace/install/nav2_msgs/include/nav2_msgs/nav2_msgs/msg/detail/voxel_grid__rosidl_typesupport_fastrtps_c.h
[75.847s] -- Symlinking: /home/GTL/asacks/ros_workspace/install/nav2_msgs/include/nav2_msgs/nav2_msgs/msg/detail/waypoint_status__rosidl_typesupport_fastrtps_c.h
[75.854s] -- Symlinking: /home/GTL/asacks/ros_workspace/install/nav2_msgs/include/nav2_msgs/nav2_msgs/msg/rosidl_typesupport_fastrtps_c__visibility_control.h
[75.861s] -- Symlinking: /home/GTL/asacks/ros_workspace/install/nav2_msgs/include/nav2_msgs/nav2_msgs/srv/detail/clear_costmap_around_robot__rosidl_typesupport_fastrtps_c.h
[75.868s] -- Symlinking: /home/GTL/asacks/ros_workspace/install/nav2_msgs/include/nav2_msgs/nav2_msgs/srv/detail/clear_costmap_except_region__rosidl_typesupport_fastrtps_c.h
[75.874s] -- Symlinking: /home/GTL/asacks/ros_workspace/install/nav2_msgs/include/nav2_msgs/nav2_msgs/srv/detail/clear_entire_costmap__rosidl_typesupport_fastrtps_c.h
[75.881s] -- Symlinking: /home/GTL/asacks/ros_workspace/install/nav2_msgs/include/nav2_msgs/nav2_msgs/srv/detail/dynamic_edges__rosidl_typesupport_fastrtps_c.h
[75.887s] -- Symlinking: /home/GTL/asacks/ros_workspace/install/nav2_msgs/include/nav2_msgs/nav2_msgs/srv/detail/get_costmap__rosidl_typesupport_fastrtps_c.h
[75.894s] -- Symlinking: /home/GTL/asacks/ros_workspace/install/nav2_msgs/include/nav2_msgs/nav2_msgs/srv/detail/get_costs__rosidl_typesupport_fastrtps_c.h
[75.901s] -- Symlinking: /home/GTL/asacks/ros_workspace/install/nav2_msgs/include/nav2_msgs/nav2_msgs/srv/detail/is_path_valid__rosidl_typesupport_fastrtps_c.h
[75.909s] -- Symlinking: /home/GTL/asacks/ros_workspace/install/nav2_msgs/include/nav2_msgs/nav2_msgs/srv/detail/load_map__rosidl_typesupport_fastrtps_c.h
[75.917s] -- Symlinking: /home/GTL/asacks/ros_workspace/install/nav2_msgs/include/nav2_msgs/nav2_msgs/srv/detail/manage_lifecycle_nodes__rosidl_typesupport_fastrtps_c.h
[75.924s] -- Symlinking: /home/GTL/asacks/ros_workspace/install/nav2_msgs/include/nav2_msgs/nav2_msgs/srv/detail/reload_dock_database__rosidl_typesupport_fastrtps_c.h
[75.930s] -- Symlinking: /home/GTL/asacks/ros_workspace/install/nav2_msgs/include/nav2_msgs/nav2_msgs/srv/detail/save_map__rosidl_typesupport_fastrtps_c.h
[75.939s] -- Symlinking: /home/GTL/asacks/ros_workspace/install/nav2_msgs/include/nav2_msgs/nav2_msgs/srv/detail/set_initial_pose__rosidl_typesupport_fastrtps_c.h
[75.946s] -- Symlinking: /home/GTL/asacks/ros_workspace/install/nav2_msgs/include/nav2_msgs/nav2_msgs/srv/detail/set_route_graph__rosidl_typesupport_fastrtps_c.h
[75.958s] -- Symlinking: /home/GTL/asacks/ros_workspace/install/nav2_msgs/include/nav2_msgs/nav2_msgs/action/assisted_teleop.hpp
[75.965s] -- Symlinking: /home/GTL/asacks/ros_workspace/install/nav2_msgs/include/nav2_msgs/nav2_msgs/action/back_up.hpp
[75.971s] -- Symlinking: /home/GTL/asacks/ros_workspace/install/nav2_msgs/include/nav2_msgs/nav2_msgs/action/compute_and_track_route.hpp
[75.978s] -- Symlinking: /home/GTL/asacks/ros_workspace/install/nav2_msgs/include/nav2_msgs/nav2_msgs/action/compute_path_through_poses.hpp
[75.985s] -- Symlinking: /home/GTL/asacks/ros_workspace/install/nav2_msgs/include/nav2_msgs/nav2_msgs/action/compute_path_to_pose.hpp
[75.992s] -- Symlinking: /home/GTL/asacks/ros_workspace/install/nav2_msgs/include/nav2_msgs/nav2_msgs/action/compute_route.hpp
[75.999s] -- Symlinking: /home/GTL/asacks/ros_workspace/install/nav2_msgs/include/nav2_msgs/nav2_msgs/action/detail/assisted_teleop__builder.hpp
[76.006s] -- Symlinking: /home/GTL/asacks/ros_workspace/install/nav2_msgs/include/nav2_msgs/nav2_msgs/action/detail/assisted_teleop__struct.hpp
[76.013s] -- Symlinking: /home/GTL/asacks/ros_workspace/install/nav2_msgs/include/nav2_msgs/nav2_msgs/action/detail/assisted_teleop__traits.hpp
[76.021s] -- Symlinking: /home/GTL/asacks/ros_workspace/install/nav2_msgs/include/nav2_msgs/nav2_msgs/action/detail/assisted_teleop__type_support.hpp
[76.029s] -- Symlinking: /home/GTL/asacks/ros_workspace/install/nav2_msgs/include/nav2_msgs/nav2_msgs/action/detail/back_up__builder.hpp
[76.037s] -- Symlinking: /home/GTL/asacks/ros_workspace/install/nav2_msgs/include/nav2_msgs/nav2_msgs/action/detail/back_up__struct.hpp
[76.045s] -- Symlinking: /home/GTL/asacks/ros_workspace/install/nav2_msgs/include/nav2_msgs/nav2_msgs/action/detail/back_up__traits.hpp
[76.052s] -- Symlinking: /home/GTL/asacks/ros_workspace/install/nav2_msgs/include/nav2_msgs/nav2_msgs/action/detail/back_up__type_support.hpp
[76.059s] -- Symlinking: /home/GTL/asacks/ros_workspace/install/nav2_msgs/include/nav2_msgs/nav2_msgs/action/detail/compute_and_track_route__builder.hpp
[76.067s] -- Symlinking: /home/GTL/asacks/ros_workspace/install/nav2_msgs/include/nav2_msgs/nav2_msgs/action/detail/compute_and_track_route__struct.hpp
[76.074s] -- Symlinking: /home/GTL/asacks/ros_workspace/install/nav2_msgs/include/nav2_msgs/nav2_msgs/action/detail/compute_and_track_route__traits.hpp
[76.081s] -- Symlinking: /home/GTL/asacks/ros_workspace/install/nav2_msgs/include/nav2_msgs/nav2_msgs/action/detail/compute_and_track_route__type_support.hpp
[76.088s] -- Symlinking: /home/GTL/asacks/ros_workspace/install/nav2_msgs/include/nav2_msgs/nav2_msgs/action/detail/compute_path_through_poses__builder.hpp
[76.095s] -- Symlinking: /home/GTL/asacks/ros_workspace/install/nav2_msgs/include/nav2_msgs/nav2_msgs/action/detail/compute_path_through_poses__struct.hpp
[76.103s] -- Symlinking: /home/GTL/asacks/ros_workspace/install/nav2_msgs/include/nav2_msgs/nav2_msgs/action/detail/compute_path_through_poses__traits.hpp
[76.110s] -- Symlinking: /home/GTL/asacks/ros_workspace/install/nav2_msgs/include/nav2_msgs/nav2_msgs/action/detail/compute_path_through_poses__type_support.hpp
[76.117s] -- Symlinking: /home/GTL/asacks/ros_workspace/install/nav2_msgs/include/nav2_msgs/nav2_msgs/action/detail/compute_path_to_pose__builder.hpp
[76.124s] -- Symlinking: /home/GTL/asacks/ros_workspace/install/nav2_msgs/include/nav2_msgs/nav2_msgs/action/detail/compute_path_to_pose__struct.hpp
[76.131s] -- Symlinking: /home/GTL/asacks/ros_workspace/install/nav2_msgs/include/nav2_msgs/nav2_msgs/action/detail/compute_path_to_pose__traits.hpp
[76.138s] -- Symlinking: /home/GTL/asacks/ros_workspace/install/nav2_msgs/include/nav2_msgs/nav2_msgs/action/detail/compute_path_to_pose__type_support.hpp
[76.146s] -- Symlinking: /home/GTL/asacks/ros_workspace/install/nav2_msgs/include/nav2_msgs/nav2_msgs/action/detail/compute_route__builder.hpp
[76.153s] -- Symlinking: /home/GTL/asacks/ros_workspace/install/nav2_msgs/include/nav2_msgs/nav2_msgs/action/detail/compute_route__struct.hpp
[76.161s] -- Symlinking: /home/GTL/asacks/ros_workspace/install/nav2_msgs/include/nav2_msgs/nav2_msgs/action/detail/compute_route__traits.hpp
[76.168s] -- Symlinking: /home/GTL/asacks/ros_workspace/install/nav2_msgs/include/nav2_msgs/nav2_msgs/action/detail/compute_route__type_support.hpp
[76.174s] -- Symlinking: /home/GTL/asacks/ros_workspace/install/nav2_msgs/include/nav2_msgs/nav2_msgs/action/detail/dock_robot__builder.hpp
[76.181s] -- Symlinking: /home/GTL/asacks/ros_workspace/install/nav2_msgs/include/nav2_msgs/nav2_msgs/action/detail/dock_robot__struct.hpp
[76.188s] -- Symlinking: /home/GTL/asacks/ros_workspace/install/nav2_msgs/include/nav2_msgs/nav2_msgs/action/detail/dock_robot__traits.hpp
[76.195s] -- Symlinking: /home/GTL/asacks/ros_workspace/install/nav2_msgs/include/nav2_msgs/nav2_msgs/action/detail/dock_robot__type_support.hpp
[76.202s] -- Symlinking: /home/GTL/asacks/ros_workspace/install/nav2_msgs/include/nav2_msgs/nav2_msgs/action/detail/drive_on_heading__builder.hpp
[76.209s] -- Symlinking: /home/GTL/asacks/ros_workspace/install/nav2_msgs/include/nav2_msgs/nav2_msgs/action/detail/drive_on_heading__struct.hpp
[76.216s] -- Symlinking: /home/GTL/asacks/ros_workspace/install/nav2_msgs/include/nav2_msgs/nav2_msgs/action/detail/drive_on_heading__traits.hpp
[76.223s] -- Symlinking: /home/GTL/asacks/ros_workspace/install/nav2_msgs/include/nav2_msgs/nav2_msgs/action/detail/drive_on_heading__type_support.hpp
[76.230s] -- Symlinking: /home/GTL/asacks/ros_workspace/install/nav2_msgs/include/nav2_msgs/nav2_msgs/action/detail/dummy_behavior__builder.hpp
[76.237s] -- Symlinking: /home/GTL/asacks/ros_workspace/install/nav2_msgs/include/nav2_msgs/nav2_msgs/action/detail/dummy_behavior__struct.hpp
[76.244s] -- Symlinking: /home/GTL/asacks/ros_workspace/install/nav2_msgs/include/nav2_msgs/nav2_msgs/action/detail/dummy_behavior__traits.hpp
[76.251s] -- Symlinking: /home/GTL/asacks/ros_workspace/install/nav2_msgs/include/nav2_msgs/nav2_msgs/action/detail/dummy_behavior__type_support.hpp
[76.258s] -- Symlinking: /home/GTL/asacks/ros_workspace/install/nav2_msgs/include/nav2_msgs/nav2_msgs/action/detail/follow_gps_waypoints__builder.hpp
[76.266s] -- Symlinking: /home/GTL/asacks/ros_workspace/install/nav2_msgs/include/nav2_msgs/nav2_msgs/action/detail/follow_gps_waypoints__struct.hpp
[76.275s] -- Symlinking: /home/GTL/asacks/ros_workspace/install/nav2_msgs/include/nav2_msgs/nav2_msgs/action/detail/follow_gps_waypoints__traits.hpp
[76.286s] -- Symlinking: /home/GTL/asacks/ros_workspace/install/nav2_msgs/include/nav2_msgs/nav2_msgs/action/detail/follow_gps_waypoints__type_support.hpp
[76.294s] -- Symlinking: /home/GTL/asacks/ros_workspace/install/nav2_msgs/include/nav2_msgs/nav2_msgs/action/detail/follow_path__builder.hpp
[76.303s] -- Symlinking: /home/GTL/asacks/ros_workspace/install/nav2_msgs/include/nav2_msgs/nav2_msgs/action/detail/follow_path__struct.hpp
[76.313s] -- Symlinking: /home/GTL/asacks/ros_workspace/install/nav2_msgs/include/nav2_msgs/nav2_msgs/action/detail/follow_path__traits.hpp
[76.322s] -- Symlinking: /home/GTL/asacks/ros_workspace/install/nav2_msgs/include/nav2_msgs/nav2_msgs/action/detail/follow_path__type_support.hpp
[76.331s] -- Symlinking: /home/GTL/asacks/ros_workspace/install/nav2_msgs/include/nav2_msgs/nav2_msgs/action/detail/follow_waypoints__builder.hpp
[76.340s] -- Symlinking: /home/GTL/asacks/ros_workspace/install/nav2_msgs/include/nav2_msgs/nav2_msgs/action/detail/follow_waypoints__struct.hpp
[76.349s] -- Symlinking: /home/GTL/asacks/ros_workspace/install/nav2_msgs/include/nav2_msgs/nav2_msgs/action/detail/follow_waypoints__traits.hpp
[76.358s] -- Symlinking: /home/GTL/asacks/ros_workspace/install/nav2_msgs/include/nav2_msgs/nav2_msgs/action/detail/follow_waypoints__type_support.hpp
[76.367s] -- Symlinking: /home/GTL/asacks/ros_workspace/install/nav2_msgs/include/nav2_msgs/nav2_msgs/action/detail/navigate_through_poses__builder.hpp
[76.376s] -- Symlinking: /home/GTL/asacks/ros_workspace/install/nav2_msgs/include/nav2_msgs/nav2_msgs/action/detail/navigate_through_poses__struct.hpp
[76.384s] -- Symlinking: /home/GTL/asacks/ros_workspace/install/nav2_msgs/include/nav2_msgs/nav2_msgs/action/detail/navigate_through_poses__traits.hpp
[76.391s] -- Symlinking: /home/GTL/asacks/ros_workspace/install/nav2_msgs/include/nav2_msgs/nav2_msgs/action/detail/navigate_through_poses__type_support.hpp
[76.399s] -- Symlinking: /home/GTL/asacks/ros_workspace/install/nav2_msgs/include/nav2_msgs/nav2_msgs/action/detail/navigate_to_pose__builder.hpp
[76.406s] -- Symlinking: /home/GTL/asacks/ros_workspace/install/nav2_msgs/include/nav2_msgs/nav2_msgs/action/detail/navigate_to_pose__struct.hpp
[76.414s] -- Symlinking: /home/GTL/asacks/ros_workspace/install/nav2_msgs/include/nav2_msgs/nav2_msgs/action/detail/navigate_to_pose__traits.hpp
[76.421s] -- Symlinking: /home/GTL/asacks/ros_workspace/install/nav2_msgs/include/nav2_msgs/nav2_msgs/action/detail/navigate_to_pose__type_support.hpp
[76.428s] -- Symlinking: /home/GTL/asacks/ros_workspace/install/nav2_msgs/include/nav2_msgs/nav2_msgs/action/detail/smooth_path__builder.hpp
[76.435s] -- Symlinking: /home/GTL/asacks/ros_workspace/install/nav2_msgs/include/nav2_msgs/nav2_msgs/action/detail/smooth_path__struct.hpp
[76.442s] -- Symlinking: /home/GTL/asacks/ros_workspace/install/nav2_msgs/include/nav2_msgs/nav2_msgs/action/detail/smooth_path__traits.hpp
[76.450s] -- Symlinking: /home/GTL/asacks/ros_workspace/install/nav2_msgs/include/nav2_msgs/nav2_msgs/action/detail/smooth_path__type_support.hpp
[76.458s] -- Symlinking: /home/GTL/asacks/ros_workspace/install/nav2_msgs/include/nav2_msgs/nav2_msgs/action/detail/spin__builder.hpp
[76.465s] -- Symlinking: /home/GTL/asacks/ros_workspace/install/nav2_msgs/include/nav2_msgs/nav2_msgs/action/detail/spin__struct.hpp
[76.472s] -- Symlinking: /home/GTL/asacks/ros_workspace/install/nav2_msgs/include/nav2_msgs/nav2_msgs/action/detail/spin__traits.hpp
[76.479s] -- Symlinking: /home/GTL/asacks/ros_workspace/install/nav2_msgs/include/nav2_msgs/nav2_msgs/action/detail/spin__type_support.hpp
[76.487s] -- Symlinking: /home/GTL/asacks/ros_workspace/install/nav2_msgs/include/nav2_msgs/nav2_msgs/action/detail/undock_robot__builder.hpp
[76.494s] -- Symlinking: /home/GTL/asacks/ros_workspace/install/nav2_msgs/include/nav2_msgs/nav2_msgs/action/detail/undock_robot__struct.hpp
[76.502s] -- Symlinking: /home/GTL/asacks/ros_workspace/install/nav2_msgs/include/nav2_msgs/nav2_msgs/action/detail/undock_robot__traits.hpp
[76.510s] -- Symlinking: /home/GTL/asacks/ros_workspace/install/nav2_msgs/include/nav2_msgs/nav2_msgs/action/detail/undock_robot__type_support.hpp
[76.517s] -- Symlinking: /home/GTL/asacks/ros_workspace/install/nav2_msgs/include/nav2_msgs/nav2_msgs/action/detail/wait__builder.hpp
[76.524s] -- Symlinking: /home/GTL/asacks/ros_workspace/install/nav2_msgs/include/nav2_msgs/nav2_msgs/action/detail/wait__struct.hpp
[76.531s] -- Symlinking: /home/GTL/asacks/ros_workspace/install/nav2_msgs/include/nav2_msgs/nav2_msgs/action/detail/wait__traits.hpp
[76.538s] -- Symlinking: /home/GTL/asacks/ros_workspace/install/nav2_msgs/include/nav2_msgs/nav2_msgs/action/detail/wait__type_support.hpp
[76.544s] -- Symlinking: /home/GTL/asacks/ros_workspace/install/nav2_msgs/include/nav2_msgs/nav2_msgs/action/dock_robot.hpp
[76.551s] -- Symlinking: /home/GTL/asacks/ros_workspace/install/nav2_msgs/include/nav2_msgs/nav2_msgs/action/drive_on_heading.hpp
[76.558s] -- Symlinking: /home/GTL/asacks/ros_workspace/install/nav2_msgs/include/nav2_msgs/nav2_msgs/action/dummy_behavior.hpp
[76.565s] -- Symlinking: /home/GTL/asacks/ros_workspace/install/nav2_msgs/include/nav2_msgs/nav2_msgs/action/follow_gps_waypoints.hpp
[76.572s] -- Symlinking: /home/GTL/asacks/ros_workspace/install/nav2_msgs/include/nav2_msgs/nav2_msgs/action/follow_path.hpp
[76.579s] -- Symlinking: /home/GTL/asacks/ros_workspace/install/nav2_msgs/include/nav2_msgs/nav2_msgs/action/follow_waypoints.hpp
[76.586s] -- Symlinking: /home/GTL/asacks/ros_workspace/install/nav2_msgs/include/nav2_msgs/nav2_msgs/action/navigate_through_poses.hpp
[76.593s] -- Symlinking: /home/GTL/asacks/ros_workspace/install/nav2_msgs/include/nav2_msgs/nav2_msgs/action/navigate_to_pose.hpp
[76.600s] -- Symlinking: /home/GTL/asacks/ros_workspace/install/nav2_msgs/include/nav2_msgs/nav2_msgs/action/smooth_path.hpp
[76.608s] -- Symlinking: /home/GTL/asacks/ros_workspace/install/nav2_msgs/include/nav2_msgs/nav2_msgs/action/spin.hpp
[76.615s] -- Symlinking: /home/GTL/asacks/ros_workspace/install/nav2_msgs/include/nav2_msgs/nav2_msgs/action/undock_robot.hpp
[76.623s] -- Symlinking: /home/GTL/asacks/ros_workspace/install/nav2_msgs/include/nav2_msgs/nav2_msgs/action/wait.hpp
[76.630s] -- Symlinking: /home/GTL/asacks/ros_workspace/install/nav2_msgs/include/nav2_msgs/nav2_msgs/msg/behavior_tree_log.hpp
[76.637s] -- Symlinking: /home/GTL/asacks/ros_workspace/install/nav2_msgs/include/nav2_msgs/nav2_msgs/msg/behavior_tree_status_change.hpp
[76.645s] -- Symlinking: /home/GTL/asacks/ros_workspace/install/nav2_msgs/include/nav2_msgs/nav2_msgs/msg/collision_detector_state.hpp
[76.652s] -- Symlinking: /home/GTL/asacks/ros_workspace/install/nav2_msgs/include/nav2_msgs/nav2_msgs/msg/collision_monitor_state.hpp
[76.659s] -- Symlinking: /home/GTL/asacks/ros_workspace/install/nav2_msgs/include/nav2_msgs/nav2_msgs/msg/costmap.hpp
[76.666s] -- Symlinking: /home/GTL/asacks/ros_workspace/install/nav2_msgs/include/nav2_msgs/nav2_msgs/msg/costmap_filter_info.hpp
[76.674s] -- Symlinking: /home/GTL/asacks/ros_workspace/install/nav2_msgs/include/nav2_msgs/nav2_msgs/msg/costmap_meta_data.hpp
[76.681s] -- Symlinking: /home/GTL/asacks/ros_workspace/install/nav2_msgs/include/nav2_msgs/nav2_msgs/msg/costmap_update.hpp
[76.688s] -- Symlinking: /home/GTL/asacks/ros_workspace/install/nav2_msgs/include/nav2_msgs/nav2_msgs/msg/detail/behavior_tree_log__builder.hpp
[76.697s] -- Symlinking: /home/GTL/asacks/ros_workspace/install/nav2_msgs/include/nav2_msgs/nav2_msgs/msg/detail/behavior_tree_log__struct.hpp
[76.704s] -- Symlinking: /home/GTL/asacks/ros_workspace/install/nav2_msgs/include/nav2_msgs/nav2_msgs/msg/detail/behavior_tree_log__traits.hpp
[76.711s] -- Symlinking: /home/GTL/asacks/ros_workspace/install/nav2_msgs/include/nav2_msgs/nav2_msgs/msg/detail/behavior_tree_log__type_support.hpp
[76.718s] -- Symlinking: /home/GTL/asacks/ros_workspace/install/nav2_msgs/include/nav2_msgs/nav2_msgs/msg/detail/behavior_tree_status_change__builder.hpp
[76.725s] -- Symlinking: /home/GTL/asacks/ros_workspace/install/nav2_msgs/include/nav2_msgs/nav2_msgs/msg/detail/behavior_tree_status_change__struct.hpp
[76.732s] -- Symlinking: /home/GTL/asacks/ros_workspace/install/nav2_msgs/include/nav2_msgs/nav2_msgs/msg/detail/behavior_tree_status_change__traits.hpp
[76.740s] -- Symlinking: /home/GTL/asacks/ros_workspace/install/nav2_msgs/include/nav2_msgs/nav2_msgs/msg/detail/behavior_tree_status_change__type_support.hpp
[76.748s] -- Symlinking: /home/GTL/asacks/ros_workspace/install/nav2_msgs/include/nav2_msgs/nav2_msgs/msg/detail/collision_detector_state__builder.hpp
[76.755s] -- Symlinking: /home/GTL/asacks/ros_workspace/install/nav2_msgs/include/nav2_msgs/nav2_msgs/msg/detail/collision_detector_state__struct.hpp
[76.762s] -- Symlinking: /home/GTL/asacks/ros_workspace/install/nav2_msgs/include/nav2_msgs/nav2_msgs/msg/detail/collision_detector_state__traits.hpp
[76.770s] -- Symlinking: /home/GTL/asacks/ros_workspace/install/nav2_msgs/include/nav2_msgs/nav2_msgs/msg/detail/collision_detector_state__type_support.hpp
[76.778s] -- Symlinking: /home/GTL/asacks/ros_workspace/install/nav2_msgs/include/nav2_msgs/nav2_msgs/msg/detail/collision_monitor_state__builder.hpp
[76.786s] -- Symlinking: /home/GTL/asacks/ros_workspace/install/nav2_msgs/include/nav2_msgs/nav2_msgs/msg/detail/collision_monitor_state__struct.hpp
[76.794s] -- Symlinking: /home/GTL/asacks/ros_workspace/install/nav2_msgs/include/nav2_msgs/nav2_msgs/msg/detail/collision_monitor_state__traits.hpp
[76.801s] -- Symlinking: /home/GTL/asacks/ros_workspace/install/nav2_msgs/include/nav2_msgs/nav2_msgs/msg/detail/collision_monitor_state__type_support.hpp
[76.809s] -- Symlinking: /home/GTL/asacks/ros_workspace/install/nav2_msgs/include/nav2_msgs/nav2_msgs/msg/detail/costmap__builder.hpp
[76.816s] -- Symlinking: /home/GTL/asacks/ros_workspace/install/nav2_msgs/include/nav2_msgs/nav2_msgs/msg/detail/costmap__struct.hpp
[76.823s] -- Symlinking: /home/GTL/asacks/ros_workspace/install/nav2_msgs/include/nav2_msgs/nav2_msgs/msg/detail/costmap__traits.hpp
[76.831s] -- Symlinking: /home/GTL/asacks/ros_workspace/install/nav2_msgs/include/nav2_msgs/nav2_msgs/msg/detail/costmap__type_support.hpp
[76.838s] -- Symlinking: /home/GTL/asacks/ros_workspace/install/nav2_msgs/include/nav2_msgs/nav2_msgs/msg/detail/costmap_filter_info__builder.hpp
[76.845s] -- Symlinking: /home/GTL/asacks/ros_workspace/install/nav2_msgs/include/nav2_msgs/nav2_msgs/msg/detail/costmap_filter_info__struct.hpp
[76.853s] -- Symlinking: /home/GTL/asacks/ros_workspace/install/nav2_msgs/include/nav2_msgs/nav2_msgs/msg/detail/costmap_filter_info__traits.hpp
[76.860s] -- Symlinking: /home/GTL/asacks/ros_workspace/install/nav2_msgs/include/nav2_msgs/nav2_msgs/msg/detail/costmap_filter_info__type_support.hpp
[76.868s] -- Symlinking: /home/GTL/asacks/ros_workspace/install/nav2_msgs/include/nav2_msgs/nav2_msgs/msg/detail/costmap_meta_data__builder.hpp
[76.876s] -- Symlinking: /home/GTL/asacks/ros_workspace/install/nav2_msgs/include/nav2_msgs/nav2_msgs/msg/detail/costmap_meta_data__struct.hpp
[76.883s] -- Symlinking: /home/GTL/asacks/ros_workspace/install/nav2_msgs/include/nav2_msgs/nav2_msgs/msg/detail/costmap_meta_data__traits.hpp
[76.891s] -- Symlinking: /home/GTL/asacks/ros_workspace/install/nav2_msgs/include/nav2_msgs/nav2_msgs/msg/detail/costmap_meta_data__type_support.hpp
[76.899s] -- Symlinking: /home/GTL/asacks/ros_workspace/install/nav2_msgs/include/nav2_msgs/nav2_msgs/msg/detail/costmap_update__builder.hpp
[76.906s] -- Symlinking: /home/GTL/asacks/ros_workspace/install/nav2_msgs/include/nav2_msgs/nav2_msgs/msg/detail/costmap_update__struct.hpp
[76.913s] -- Symlinking: /home/GTL/asacks/ros_workspace/install/nav2_msgs/include/nav2_msgs/nav2_msgs/msg/detail/costmap_update__traits.hpp
[76.920s] -- Symlinking: /home/GTL/asacks/ros_workspace/install/nav2_msgs/include/nav2_msgs/nav2_msgs/msg/detail/costmap_update__type_support.hpp
[76.927s] -- Symlinking: /home/GTL/asacks/ros_workspace/install/nav2_msgs/include/nav2_msgs/nav2_msgs/msg/detail/edge_cost__builder.hpp
[76.934s] -- Symlinking: /home/GTL/asacks/ros_workspace/install/nav2_msgs/include/nav2_msgs/nav2_msgs/msg/detail/edge_cost__struct.hpp
[76.941s] -- Symlinking: /home/GTL/asacks/ros_workspace/install/nav2_msgs/include/nav2_msgs/nav2_msgs/msg/detail/edge_cost__traits.hpp
[76.948s] -- Symlinking: /home/GTL/asacks/ros_workspace/install/nav2_msgs/include/nav2_msgs/nav2_msgs/msg/detail/edge_cost__type_support.hpp
[76.956s] -- Symlinking: /home/GTL/asacks/ros_workspace/install/nav2_msgs/include/nav2_msgs/nav2_msgs/msg/detail/particle__builder.hpp
[76.963s] -- Symlinking: /home/GTL/asacks/ros_workspace/install/nav2_msgs/include/nav2_msgs/nav2_msgs/msg/detail/particle__struct.hpp
[76.971s] -- Symlinking: /home/GTL/asacks/ros_workspace/install/nav2_msgs/include/nav2_msgs/nav2_msgs/msg/detail/particle__traits.hpp
[76.978s] -- Symlinking: /home/GTL/asacks/ros_workspace/install/nav2_msgs/include/nav2_msgs/nav2_msgs/msg/detail/particle__type_support.hpp
[76.986s] -- Symlinking: /home/GTL/asacks/ros_workspace/install/nav2_msgs/include/nav2_msgs/nav2_msgs/msg/detail/particle_cloud__builder.hpp
[76.994s] -- Symlinking: /home/GTL/asacks/ros_workspace/install/nav2_msgs/include/nav2_msgs/nav2_msgs/msg/detail/particle_cloud__struct.hpp
[77.002s] -- Symlinking: /home/GTL/asacks/ros_workspace/install/nav2_msgs/include/nav2_msgs/nav2_msgs/msg/detail/particle_cloud__traits.hpp
[77.010s] -- Symlinking: /home/GTL/asacks/ros_workspace/install/nav2_msgs/include/nav2_msgs/nav2_msgs/msg/detail/particle_cloud__type_support.hpp
[77.017s] -- Symlinking: /home/GTL/asacks/ros_workspace/install/nav2_msgs/include/nav2_msgs/nav2_msgs/msg/detail/route__builder.hpp
[77.025s] -- Symlinking: /home/GTL/asacks/ros_workspace/install/nav2_msgs/include/nav2_msgs/nav2_msgs/msg/detail/route__struct.hpp
[77.032s] -- Symlinking: /home/GTL/asacks/ros_workspace/install/nav2_msgs/include/nav2_msgs/nav2_msgs/msg/detail/route__traits.hpp
[77.040s] -- Symlinking: /home/GTL/asacks/ros_workspace/install/nav2_msgs/include/nav2_msgs/nav2_msgs/msg/detail/route__type_support.hpp
[77.047s] -- Symlinking: /home/GTL/asacks/ros_workspace/install/nav2_msgs/include/nav2_msgs/nav2_msgs/msg/detail/route_edge__builder.hpp
[77.055s] -- Symlinking: /home/GTL/asacks/ros_workspace/install/nav2_msgs/include/nav2_msgs/nav2_msgs/msg/detail/route_edge__struct.hpp
[77.062s] -- Symlinking: /home/GTL/asacks/ros_workspace/install/nav2_msgs/include/nav2_msgs/nav2_msgs/msg/detail/route_edge__traits.hpp
[77.070s] -- Symlinking: /home/GTL/asacks/ros_workspace/install/nav2_msgs/include/nav2_msgs/nav2_msgs/msg/detail/route_edge__type_support.hpp
[77.077s] -- Symlinking: /home/GTL/asacks/ros_workspace/install/nav2_msgs/include/nav2_msgs/nav2_msgs/msg/detail/route_node__builder.hpp
[77.085s] -- Symlinking: /home/GTL/asacks/ros_workspace/install/nav2_msgs/include/nav2_msgs/nav2_msgs/msg/detail/route_node__struct.hpp
[77.093s] -- Symlinking: /home/GTL/asacks/ros_workspace/install/nav2_msgs/include/nav2_msgs/nav2_msgs/msg/detail/route_node__traits.hpp
[77.101s] -- Symlinking: /home/GTL/asacks/ros_workspace/install/nav2_msgs/include/nav2_msgs/nav2_msgs/msg/detail/route_node__type_support.hpp
[77.108s] -- Symlinking: /home/GTL/asacks/ros_workspace/install/nav2_msgs/include/nav2_msgs/nav2_msgs/msg/detail/speed_limit__builder.hpp
[77.116s] -- Symlinking: /home/GTL/asacks/ros_workspace/install/nav2_msgs/include/nav2_msgs/nav2_msgs/msg/detail/speed_limit__struct.hpp
[77.123s] -- Symlinking: /home/GTL/asacks/ros_workspace/install/nav2_msgs/include/nav2_msgs/nav2_msgs/msg/detail/speed_limit__traits.hpp
[77.131s] -- Symlinking: /home/GTL/asacks/ros_workspace/install/nav2_msgs/include/nav2_msgs/nav2_msgs/msg/detail/speed_limit__type_support.hpp
[77.138s] -- Symlinking: /home/GTL/asacks/ros_workspace/install/nav2_msgs/include/nav2_msgs/nav2_msgs/msg/detail/trajectory__builder.hpp
[77.146s] -- Symlinking: /home/GTL/asacks/ros_workspace/install/nav2_msgs/include/nav2_msgs/nav2_msgs/msg/detail/trajectory__struct.hpp
[77.154s] -- Symlinking: /home/GTL/asacks/ros_workspace/install/nav2_msgs/include/nav2_msgs/nav2_msgs/msg/detail/trajectory__traits.hpp
[77.162s] -- Symlinking: /home/GTL/asacks/ros_workspace/install/nav2_msgs/include/nav2_msgs/nav2_msgs/msg/detail/trajectory__type_support.hpp
[77.169s] -- Symlinking: /home/GTL/asacks/ros_workspace/install/nav2_msgs/include/nav2_msgs/nav2_msgs/msg/detail/trajectory_point__builder.hpp
[77.177s] -- Symlinking: /home/GTL/asacks/ros_workspace/install/nav2_msgs/include/nav2_msgs/nav2_msgs/msg/detail/trajectory_point__struct.hpp
[77.185s] -- Symlinking: /home/GTL/asacks/ros_workspace/install/nav2_msgs/include/nav2_msgs/nav2_msgs/msg/detail/trajectory_point__traits.hpp
[77.194s] -- Symlinking: /home/GTL/asacks/ros_workspace/install/nav2_msgs/include/nav2_msgs/nav2_msgs/msg/detail/trajectory_point__type_support.hpp
[77.201s] -- Symlinking: /home/GTL/asacks/ros_workspace/install/nav2_msgs/include/nav2_msgs/nav2_msgs/msg/detail/voxel_grid__builder.hpp
[77.209s] -- Symlinking: /home/GTL/asacks/ros_workspace/install/nav2_msgs/include/nav2_msgs/nav2_msgs/msg/detail/voxel_grid__struct.hpp
[77.217s] -- Symlinking: /home/GTL/asacks/ros_workspace/install/nav2_msgs/include/nav2_msgs/nav2_msgs/msg/detail/voxel_grid__traits.hpp
[77.225s] -- Symlinking: /home/GTL/asacks/ros_workspace/install/nav2_msgs/include/nav2_msgs/nav2_msgs/msg/detail/voxel_grid__type_support.hpp
[77.233s] -- Symlinking: /home/GTL/asacks/ros_workspace/install/nav2_msgs/include/nav2_msgs/nav2_msgs/msg/detail/waypoint_status__builder.hpp
[77.240s] -- Symlinking: /home/GTL/asacks/ros_workspace/install/nav2_msgs/include/nav2_msgs/nav2_msgs/msg/detail/waypoint_status__struct.hpp
[77.248s] -- Symlinking: /home/GTL/asacks/ros_workspace/install/nav2_msgs/include/nav2_msgs/nav2_msgs/msg/detail/waypoint_status__traits.hpp
[77.256s] -- Symlinking: /home/GTL/asacks/ros_workspace/install/nav2_msgs/include/nav2_msgs/nav2_msgs/msg/detail/waypoint_status__type_support.hpp
[77.264s] -- Symlinking: /home/GTL/asacks/ros_workspace/install/nav2_msgs/include/nav2_msgs/nav2_msgs/msg/edge_cost.hpp
[77.276s] -- Symlinking: /home/GTL/asacks/ros_workspace/install/nav2_msgs/include/nav2_msgs/nav2_msgs/msg/particle.hpp
[77.290s] -- Symlinking: /home/GTL/asacks/ros_workspace/install/nav2_msgs/include/nav2_msgs/nav2_msgs/msg/particle_cloud.hpp
[77.300s] -- Symlinking: /home/GTL/asacks/ros_workspace/install/nav2_msgs/include/nav2_msgs/nav2_msgs/msg/rosidl_generator_cpp__visibility_control.hpp
[77.311s] -- Symlinking: /home/GTL/asacks/ros_workspace/install/nav2_msgs/include/nav2_msgs/nav2_msgs/msg/route.hpp
[77.318s] -- Symlinking: /home/GTL/asacks/ros_workspace/install/nav2_msgs/include/nav2_msgs/nav2_msgs/msg/route_edge.hpp
[77.325s] -- Symlinking: /home/GTL/asacks/ros_workspace/install/nav2_msgs/include/nav2_msgs/nav2_msgs/msg/route_node.hpp
[77.333s] -- Symlinking: /home/GTL/asacks/ros_workspace/install/nav2_msgs/include/nav2_msgs/nav2_msgs/msg/speed_limit.hpp
[77.341s] -- Symlinking: /home/GTL/asacks/ros_workspace/install/nav2_msgs/include/nav2_msgs/nav2_msgs/msg/trajectory.hpp
[77.348s] -- Symlinking: /home/GTL/asacks/ros_workspace/install/nav2_msgs/include/nav2_msgs/nav2_msgs/msg/trajectory_point.hpp
[77.356s] -- Symlinking: /home/GTL/asacks/ros_workspace/install/nav2_msgs/include/nav2_msgs/nav2_msgs/msg/voxel_grid.hpp
[77.363s] -- Symlinking: /home/GTL/asacks/ros_workspace/install/nav2_msgs/include/nav2_msgs/nav2_msgs/msg/waypoint_status.hpp
[77.370s] -- Symlinking: /home/GTL/asacks/ros_workspace/install/nav2_msgs/include/nav2_msgs/nav2_msgs/srv/clear_costmap_around_robot.hpp
[77.378s] -- Symlinking: /home/GTL/asacks/ros_workspace/install/nav2_msgs/include/nav2_msgs/nav2_msgs/srv/clear_costmap_except_region.hpp
[77.385s] -- Symlinking: /home/GTL/asacks/ros_workspace/install/nav2_msgs/include/nav2_msgs/nav2_msgs/srv/clear_entire_costmap.hpp
[77.392s] -- Symlinking: /home/GTL/asacks/ros_workspace/install/nav2_msgs/include/nav2_msgs/nav2_msgs/srv/detail/clear_costmap_around_robot__builder.hpp
[77.399s] -- Symlinking: /home/GTL/asacks/ros_workspace/install/nav2_msgs/include/nav2_msgs/nav2_msgs/srv/detail/clear_costmap_around_robot__struct.hpp
[77.406s] -- Symlinking: /home/GTL/asacks/ros_workspace/install/nav2_msgs/include/nav2_msgs/nav2_msgs/srv/detail/clear_costmap_around_robot__traits.hpp
[77.413s] -- Symlinking: /home/GTL/asacks/ros_workspace/install/nav2_msgs/include/nav2_msgs/nav2_msgs/srv/detail/clear_costmap_around_robot__type_support.hpp
[77.421s] -- Symlinking: /home/GTL/asacks/ros_workspace/install/nav2_msgs/include/nav2_msgs/nav2_msgs/srv/detail/clear_costmap_except_region__builder.hpp
[77.428s] -- Symlinking: /home/GTL/asacks/ros_workspace/install/nav2_msgs/include/nav2_msgs/nav2_msgs/srv/detail/clear_costmap_except_region__struct.hpp
[77.435s] -- Symlinking: /home/GTL/asacks/ros_workspace/install/nav2_msgs/include/nav2_msgs/nav2_msgs/srv/detail/clear_costmap_except_region__traits.hpp
[77.442s] -- Symlinking: /home/GTL/asacks/ros_workspace/install/nav2_msgs/include/nav2_msgs/nav2_msgs/srv/detail/clear_costmap_except_region__type_support.hpp
[77.449s] -- Symlinking: /home/GTL/asacks/ros_workspace/install/nav2_msgs/include/nav2_msgs/nav2_msgs/srv/detail/clear_entire_costmap__builder.hpp
[77.456s] -- Symlinking: /home/GTL/asacks/ros_workspace/install/nav2_msgs/include/nav2_msgs/nav2_msgs/srv/detail/clear_entire_costmap__struct.hpp
[77.464s] -- Symlinking: /home/GTL/asacks/ros_workspace/install/nav2_msgs/include/nav2_msgs/nav2_msgs/srv/detail/clear_entire_costmap__traits.hpp
[77.472s] -- Symlinking: /home/GTL/asacks/ros_workspace/install/nav2_msgs/include/nav2_msgs/nav2_msgs/srv/detail/clear_entire_costmap__type_support.hpp
[77.480s] -- Symlinking: /home/GTL/asacks/ros_workspace/install/nav2_msgs/include/nav2_msgs/nav2_msgs/srv/detail/dynamic_edges__builder.hpp
[77.487s] -- Symlinking: /home/GTL/asacks/ros_workspace/install/nav2_msgs/include/nav2_msgs/nav2_msgs/srv/detail/dynamic_edges__struct.hpp
[77.494s] -- Symlinking: /home/GTL/asacks/ros_workspace/install/nav2_msgs/include/nav2_msgs/nav2_msgs/srv/detail/dynamic_edges__traits.hpp
[77.502s] -- Symlinking: /home/GTL/asacks/ros_workspace/install/nav2_msgs/include/nav2_msgs/nav2_msgs/srv/detail/dynamic_edges__type_support.hpp
[77.510s] -- Symlinking: /home/GTL/asacks/ros_workspace/install/nav2_msgs/include/nav2_msgs/nav2_msgs/srv/detail/get_costmap__builder.hpp
[77.517s] -- Symlinking: /home/GTL/asacks/ros_workspace/install/nav2_msgs/include/nav2_msgs/nav2_msgs/srv/detail/get_costmap__struct.hpp
[77.525s] -- Symlinking: /home/GTL/asacks/ros_workspace/install/nav2_msgs/include/nav2_msgs/nav2_msgs/srv/detail/get_costmap__traits.hpp
[77.532s] -- Symlinking: /home/GTL/asacks/ros_workspace/install/nav2_msgs/include/nav2_msgs/nav2_msgs/srv/detail/get_costmap__type_support.hpp
[77.539s] -- Symlinking: /home/GTL/asacks/ros_workspace/install/nav2_msgs/include/nav2_msgs/nav2_msgs/srv/detail/get_costs__builder.hpp
[77.546s] -- Symlinking: /home/GTL/asacks/ros_workspace/install/nav2_msgs/include/nav2_msgs/nav2_msgs/srv/detail/get_costs__struct.hpp
[77.553s] -- Symlinking: /home/GTL/asacks/ros_workspace/install/nav2_msgs/include/nav2_msgs/nav2_msgs/srv/detail/get_costs__traits.hpp
[77.560s] -- Symlinking: /home/GTL/asacks/ros_workspace/install/nav2_msgs/include/nav2_msgs/nav2_msgs/srv/detail/get_costs__type_support.hpp
[77.567s] -- Symlinking: /home/GTL/asacks/ros_workspace/install/nav2_msgs/include/nav2_msgs/nav2_msgs/srv/detail/is_path_valid__builder.hpp
[77.574s] -- Symlinking: /home/GTL/asacks/ros_workspace/install/nav2_msgs/include/nav2_msgs/nav2_msgs/srv/detail/is_path_valid__struct.hpp
[77.581s] -- Symlinking: /home/GTL/asacks/ros_workspace/install/nav2_msgs/include/nav2_msgs/nav2_msgs/srv/detail/is_path_valid__traits.hpp
[77.588s] -- Symlinking: /home/GTL/asacks/ros_workspace/install/nav2_msgs/include/nav2_msgs/nav2_msgs/srv/detail/is_path_valid__type_support.hpp
[77.596s] -- Symlinking: /home/GTL/asacks/ros_workspace/install/nav2_msgs/include/nav2_msgs/nav2_msgs/srv/detail/load_map__builder.hpp
[77.604s] -- Symlinking: /home/GTL/asacks/ros_workspace/install/nav2_msgs/include/nav2_msgs/nav2_msgs/srv/detail/load_map__struct.hpp
[77.611s] -- Symlinking: /home/GTL/asacks/ros_workspace/install/nav2_msgs/include/nav2_msgs/nav2_msgs/srv/detail/load_map__traits.hpp
[77.618s] -- Symlinking: /home/GTL/asacks/ros_workspace/install/nav2_msgs/include/nav2_msgs/nav2_msgs/srv/detail/load_map__type_support.hpp
[77.625s] -- Symlinking: /home/GTL/asacks/ros_workspace/install/nav2_msgs/include/nav2_msgs/nav2_msgs/srv/detail/manage_lifecycle_nodes__builder.hpp
[77.633s] -- Symlinking: /home/GTL/asacks/ros_workspace/install/nav2_msgs/include/nav2_msgs/nav2_msgs/srv/detail/manage_lifecycle_nodes__struct.hpp
[77.640s] -- Symlinking: /home/GTL/asacks/ros_workspace/install/nav2_msgs/include/nav2_msgs/nav2_msgs/srv/detail/manage_lifecycle_nodes__traits.hpp
[77.646s] -- Symlinking: /home/GTL/asacks/ros_workspace/install/nav2_msgs/include/nav2_msgs/nav2_msgs/srv/detail/manage_lifecycle_nodes__type_support.hpp
[77.653s] -- Symlinking: /home/GTL/asacks/ros_workspace/install/nav2_msgs/include/nav2_msgs/nav2_msgs/srv/detail/reload_dock_database__builder.hpp
[77.660s] -- Symlinking: /home/GTL/asacks/ros_workspace/install/nav2_msgs/include/nav2_msgs/nav2_msgs/srv/detail/reload_dock_database__struct.hpp
[77.668s] -- Symlinking: /home/GTL/asacks/ros_workspace/install/nav2_msgs/include/nav2_msgs/nav2_msgs/srv/detail/reload_dock_database__traits.hpp
[77.675s] -- Symlinking: /home/GTL/asacks/ros_workspace/install/nav2_msgs/include/nav2_msgs/nav2_msgs/srv/detail/reload_dock_database__type_support.hpp
[77.681s] -- Symlinking: /home/GTL/asacks/ros_workspace/install/nav2_msgs/include/nav2_msgs/nav2_msgs/srv/detail/save_map__builder.hpp
[77.689s] -- Symlinking: /home/GTL/asacks/ros_workspace/install/nav2_msgs/include/nav2_msgs/nav2_msgs/srv/detail/save_map__struct.hpp
[77.696s] -- Symlinking: /home/GTL/asacks/ros_workspace/install/nav2_msgs/include/nav2_msgs/nav2_msgs/srv/detail/save_map__traits.hpp
[77.704s] -- Symlinking: /home/GTL/asacks/ros_workspace/install/nav2_msgs/include/nav2_msgs/nav2_msgs/srv/detail/save_map__type_support.hpp
[77.711s] -- Symlinking: /home/GTL/asacks/ros_workspace/install/nav2_msgs/include/nav2_msgs/nav2_msgs/srv/detail/set_initial_pose__builder.hpp
[77.718s] -- Symlinking: /home/GTL/asacks/ros_workspace/install/nav2_msgs/include/nav2_msgs/nav2_msgs/srv/detail/set_initial_pose__struct.hpp
[77.726s] -- Symlinking: /home/GTL/asacks/ros_workspace/install/nav2_msgs/include/nav2_msgs/nav2_msgs/srv/detail/set_initial_pose__traits.hpp
[77.733s] -- Symlinking: /home/GTL/asacks/ros_workspace/install/nav2_msgs/include/nav2_msgs/nav2_msgs/srv/detail/set_initial_pose__type_support.hpp
[77.740s] -- Symlinking: /home/GTL/asacks/ros_workspace/install/nav2_msgs/include/nav2_msgs/nav2_msgs/srv/detail/set_route_graph__builder.hpp
[77.747s] -- Symlinking: /home/GTL/asacks/ros_workspace/install/nav2_msgs/include/nav2_msgs/nav2_msgs/srv/detail/set_route_graph__struct.hpp
[77.755s] -- Symlinking: /home/GTL/asacks/ros_workspace/install/nav2_msgs/include/nav2_msgs/nav2_msgs/srv/detail/set_route_graph__traits.hpp
[77.762s] -- Symlinking: /home/GTL/asacks/ros_workspace/install/nav2_msgs/include/nav2_msgs/nav2_msgs/srv/detail/set_route_graph__type_support.hpp
[77.770s] -- Symlinking: /home/GTL/asacks/ros_workspace/install/nav2_msgs/include/nav2_msgs/nav2_msgs/srv/dynamic_edges.hpp
[77.778s] -- Symlinking: /home/GTL/asacks/ros_workspace/install/nav2_msgs/include/nav2_msgs/nav2_msgs/srv/get_costmap.hpp
[77.786s] -- Symlinking: /home/GTL/asacks/ros_workspace/install/nav2_msgs/include/nav2_msgs/nav2_msgs/srv/get_costs.hpp
[77.794s] -- Symlinking: /home/GTL/asacks/ros_workspace/install/nav2_msgs/include/nav2_msgs/nav2_msgs/srv/is_path_valid.hpp
[77.801s] -- Symlinking: /home/GTL/asacks/ros_workspace/install/nav2_msgs/include/nav2_msgs/nav2_msgs/srv/load_map.hpp
[77.809s] -- Symlinking: /home/GTL/asacks/ros_workspace/install/nav2_msgs/include/nav2_msgs/nav2_msgs/srv/manage_lifecycle_nodes.hpp
[77.817s] -- Symlinking: /home/GTL/asacks/ros_workspace/install/nav2_msgs/include/nav2_msgs/nav2_msgs/srv/reload_dock_database.hpp
[77.824s] -- Symlinking: /home/GTL/asacks/ros_workspace/install/nav2_msgs/include/nav2_msgs/nav2_msgs/srv/save_map.hpp
[77.831s] -- Symlinking: /home/GTL/asacks/ros_workspace/install/nav2_msgs/include/nav2_msgs/nav2_msgs/srv/set_initial_pose.hpp
[77.838s] -- Symlinking: /home/GTL/asacks/ros_workspace/install/nav2_msgs/include/nav2_msgs/nav2_msgs/srv/set_route_graph.hpp
[77.854s] -- Symlinking: /home/GTL/asacks/ros_workspace/install/nav2_msgs/include/nav2_msgs/nav2_msgs/action/detail/assisted_teleop__rosidl_typesupport_fastrtps_cpp.hpp
[77.861s] -- Symlinking: /home/GTL/asacks/ros_workspace/install/nav2_msgs/include/nav2_msgs/nav2_msgs/action/detail/back_up__rosidl_typesupport_fastrtps_cpp.hpp
[77.868s] -- Symlinking: /home/GTL/asacks/ros_workspace/install/nav2_msgs/include/nav2_msgs/nav2_msgs/action/detail/compute_and_track_route__rosidl_typesupport_fastrtps_cpp.hpp
[77.876s] -- Symlinking: /home/GTL/asacks/ros_workspace/install/nav2_msgs/include/nav2_msgs/nav2_msgs/action/detail/compute_path_through_poses__rosidl_typesupport_fastrtps_cpp.hpp
[77.883s] -- Symlinking: /home/GTL/asacks/ros_workspace/install/nav2_msgs/include/nav2_msgs/nav2_msgs/action/detail/compute_path_to_pose__rosidl_typesupport_fastrtps_cpp.hpp
[77.890s] -- Symlinking: /home/GTL/asacks/ros_workspace/install/nav2_msgs/include/nav2_msgs/nav2_msgs/action/detail/compute_route__rosidl_typesupport_fastrtps_cpp.hpp
[77.898s] -- Symlinking: /home/GTL/asacks/ros_workspace/install/nav2_msgs/include/nav2_msgs/nav2_msgs/action/detail/dock_robot__rosidl_typesupport_fastrtps_cpp.hpp
[77.905s] -- Symlinking: /home/GTL/asacks/ros_workspace/install/nav2_msgs/include/nav2_msgs/nav2_msgs/action/detail/drive_on_heading__rosidl_typesupport_fastrtps_cpp.hpp
[77.912s] -- Symlinking: /home/GTL/asacks/ros_workspace/install/nav2_msgs/include/nav2_msgs/nav2_msgs/action/detail/dummy_behavior__rosidl_typesupport_fastrtps_cpp.hpp
[77.919s] -- Symlinking: /home/GTL/asacks/ros_workspace/install/nav2_msgs/include/nav2_msgs/nav2_msgs/action/detail/follow_gps_waypoints__rosidl_typesupport_fastrtps_cpp.hpp
[77.926s] -- Symlinking: /home/GTL/asacks/ros_workspace/install/nav2_msgs/include/nav2_msgs/nav2_msgs/action/detail/follow_path__rosidl_typesupport_fastrtps_cpp.hpp
[77.933s] -- Symlinking: /home/GTL/asacks/ros_workspace/install/nav2_msgs/include/nav2_msgs/nav2_msgs/action/detail/follow_waypoints__rosidl_typesupport_fastrtps_cpp.hpp
[77.940s] -- Symlinking: /home/GTL/asacks/ros_workspace/install/nav2_msgs/include/nav2_msgs/nav2_msgs/action/detail/navigate_through_poses__rosidl_typesupport_fastrtps_cpp.hpp
[77.948s] -- Symlinking: /home/GTL/asacks/ros_workspace/install/nav2_msgs/include/nav2_msgs/nav2_msgs/action/detail/navigate_to_pose__rosidl_typesupport_fastrtps_cpp.hpp
[77.955s] -- Symlinking: /home/GTL/asacks/ros_workspace/install/nav2_msgs/include/nav2_msgs/nav2_msgs/action/detail/smooth_path__rosidl_typesupport_fastrtps_cpp.hpp
[77.962s] -- Symlinking: /home/GTL/asacks/ros_workspace/install/nav2_msgs/include/nav2_msgs/nav2_msgs/action/detail/spin__rosidl_typesupport_fastrtps_cpp.hpp
[77.969s] -- Symlinking: /home/GTL/asacks/ros_workspace/install/nav2_msgs/include/nav2_msgs/nav2_msgs/action/detail/undock_robot__rosidl_typesupport_fastrtps_cpp.hpp
[77.976s] -- Symlinking: /home/GTL/asacks/ros_workspace/install/nav2_msgs/include/nav2_msgs/nav2_msgs/action/detail/wait__rosidl_typesupport_fastrtps_cpp.hpp
[77.983s] -- Symlinking: /home/GTL/asacks/ros_workspace/install/nav2_msgs/include/nav2_msgs/nav2_msgs/msg/detail/behavior_tree_log__rosidl_typesupport_fastrtps_cpp.hpp
[77.991s] -- Symlinking: /home/GTL/asacks/ros_workspace/install/nav2_msgs/include/nav2_msgs/nav2_msgs/msg/detail/behavior_tree_status_change__rosidl_typesupport_fastrtps_cpp.hpp
[77.998s] -- Symlinking: /home/GTL/asacks/ros_workspace/install/nav2_msgs/include/nav2_msgs/nav2_msgs/msg/detail/collision_detector_state__rosidl_typesupport_fastrtps_cpp.hpp
[78.006s] -- Symlinking: /home/GTL/asacks/ros_workspace/install/nav2_msgs/include/nav2_msgs/nav2_msgs/msg/detail/collision_monitor_state__rosidl_typesupport_fastrtps_cpp.hpp
[78.013s] -- Symlinking: /home/GTL/asacks/ros_workspace/install/nav2_msgs/include/nav2_msgs/nav2_msgs/msg/detail/costmap__rosidl_typesupport_fastrtps_cpp.hpp
[78.020s] -- Symlinking: /home/GTL/asacks/ros_workspace/install/nav2_msgs/include/nav2_msgs/nav2_msgs/msg/detail/costmap_filter_info__rosidl_typesupport_fastrtps_cpp.hpp
[78.028s] -- Symlinking: /home/GTL/asacks/ros_workspace/install/nav2_msgs/include/nav2_msgs/nav2_msgs/msg/detail/costmap_meta_data__rosidl_typesupport_fastrtps_cpp.hpp
[78.035s] -- Symlinking: /home/GTL/asacks/ros_workspace/install/nav2_msgs/include/nav2_msgs/nav2_msgs/msg/detail/costmap_update__rosidl_typesupport_fastrtps_cpp.hpp
[78.043s] -- Symlinking: /home/GTL/asacks/ros_workspace/install/nav2_msgs/include/nav2_msgs/nav2_msgs/msg/detail/edge_cost__rosidl_typesupport_fastrtps_cpp.hpp
[78.050s] -- Symlinking: /home/GTL/asacks/ros_workspace/install/nav2_msgs/include/nav2_msgs/nav2_msgs/msg/detail/particle__rosidl_typesupport_fastrtps_cpp.hpp
[78.058s] -- Symlinking: /home/GTL/asacks/ros_workspace/install/nav2_msgs/include/nav2_msgs/nav2_msgs/msg/detail/particle_cloud__rosidl_typesupport_fastrtps_cpp.hpp
[78.066s] -- Symlinking: /home/GTL/asacks/ros_workspace/install/nav2_msgs/include/nav2_msgs/nav2_msgs/msg/detail/route__rosidl_typesupport_fastrtps_cpp.hpp
[78.074s] -- Symlinking: /home/GTL/asacks/ros_workspace/install/nav2_msgs/include/nav2_msgs/nav2_msgs/msg/detail/route_edge__rosidl_typesupport_fastrtps_cpp.hpp
[78.081s] -- Symlinking: /home/GTL/asacks/ros_workspace/install/nav2_msgs/include/nav2_msgs/nav2_msgs/msg/detail/route_node__rosidl_typesupport_fastrtps_cpp.hpp
[78.089s] -- Symlinking: /home/GTL/asacks/ros_workspace/install/nav2_msgs/include/nav2_msgs/nav2_msgs/msg/detail/speed_limit__rosidl_typesupport_fastrtps_cpp.hpp
[78.096s] -- Symlinking: /home/GTL/asacks/ros_workspace/install/nav2_msgs/include/nav2_msgs/nav2_msgs/msg/detail/trajectory__rosidl_typesupport_fastrtps_cpp.hpp
[78.104s] -- Symlinking: /home/GTL/asacks/ros_workspace/install/nav2_msgs/include/nav2_msgs/nav2_msgs/msg/detail/trajectory_point__rosidl_typesupport_fastrtps_cpp.hpp
[78.112s] -- Symlinking: /home/GTL/asacks/ros_workspace/install/nav2_msgs/include/nav2_msgs/nav2_msgs/msg/detail/voxel_grid__rosidl_typesupport_fastrtps_cpp.hpp
[78.120s] -- Symlinking: /home/GTL/asacks/ros_workspace/install/nav2_msgs/include/nav2_msgs/nav2_msgs/msg/detail/waypoint_status__rosidl_typesupport_fastrtps_cpp.hpp
[78.127s] -- Symlinking: /home/GTL/asacks/ros_workspace/install/nav2_msgs/include/nav2_msgs/nav2_msgs/msg/rosidl_typesupport_fastrtps_cpp__visibility_control.h
[78.135s] -- Symlinking: /home/GTL/asacks/ros_workspace/install/nav2_msgs/include/nav2_msgs/nav2_msgs/srv/detail/clear_costmap_around_robot__rosidl_typesupport_fastrtps_cpp.hpp
[78.142s] -- Symlinking: /home/GTL/asacks/ros_workspace/install/nav2_msgs/include/nav2_msgs/nav2_msgs/srv/detail/clear_costmap_except_region__rosidl_typesupport_fastrtps_cpp.hpp
[78.149s] -- Symlinking: /home/GTL/asacks/ros_workspace/install/nav2_msgs/include/nav2_msgs/nav2_msgs/srv/detail/clear_entire_costmap__rosidl_typesupport_fastrtps_cpp.hpp
[78.156s] -- Symlinking: /home/GTL/asacks/ros_workspace/install/nav2_msgs/include/nav2_msgs/nav2_msgs/srv/detail/dynamic_edges__rosidl_typesupport_fastrtps_cpp.hpp
[78.164s] -- Symlinking: /home/GTL/asacks/ros_workspace/install/nav2_msgs/include/nav2_msgs/nav2_msgs/srv/detail/get_costmap__rosidl_typesupport_fastrtps_cpp.hpp
[78.171s] -- Symlinking: /home/GTL/asacks/ros_workspace/install/nav2_msgs/include/nav2_msgs/nav2_msgs/srv/detail/get_costs__rosidl_typesupport_fastrtps_cpp.hpp
[78.179s] -- Symlinking: /home/GTL/asacks/ros_workspace/install/nav2_msgs/include/nav2_msgs/nav2_msgs/srv/detail/is_path_valid__rosidl_typesupport_fastrtps_cpp.hpp
[78.187s] -- Symlinking: /home/GTL/asacks/ros_workspace/install/nav2_msgs/include/nav2_msgs/nav2_msgs/srv/detail/load_map__rosidl_typesupport_fastrtps_cpp.hpp
[78.194s] -- Symlinking: /home/GTL/asacks/ros_workspace/install/nav2_msgs/include/nav2_msgs/nav2_msgs/srv/detail/manage_lifecycle_nodes__rosidl_typesupport_fastrtps_cpp.hpp
[78.202s] -- Symlinking: /home/GTL/asacks/ros_workspace/install/nav2_msgs/include/nav2_msgs/nav2_msgs/srv/detail/reload_dock_database__rosidl_typesupport_fastrtps_cpp.hpp
[78.209s] -- Symlinking: /home/GTL/asacks/ros_workspace/install/nav2_msgs/include/nav2_msgs/nav2_msgs/srv/detail/save_map__rosidl_typesupport_fastrtps_cpp.hpp
[78.217s] -- Symlinking: /home/GTL/asacks/ros_workspace/install/nav2_msgs/include/nav2_msgs/nav2_msgs/srv/detail/set_initial_pose__rosidl_typesupport_fastrtps_cpp.hpp
[78.224s] -- Symlinking: /home/GTL/asacks/ros_workspace/install/nav2_msgs/include/nav2_msgs/nav2_msgs/srv/detail/set_route_graph__rosidl_typesupport_fastrtps_cpp.hpp
[78.235s] -- Symlinking: /home/GTL/asacks/ros_workspace/install/nav2_msgs/include/nav2_msgs/nav2_msgs/action/detail/assisted_teleop__rosidl_typesupport_introspection_c.h
[78.242s] -- Symlinking: /home/GTL/asacks/ros_workspace/install/nav2_msgs/include/nav2_msgs/nav2_msgs/action/detail/back_up__rosidl_typesupport_introspection_c.h
[78.249s] -- Symlinking: /home/GTL/asacks/ros_workspace/install/nav2_msgs/include/nav2_msgs/nav2_msgs/action/detail/compute_and_track_route__rosidl_typesupport_introspection_c.h
[78.256s] -- Symlinking: /home/GTL/asacks/ros_workspace/install/nav2_msgs/include/nav2_msgs/nav2_msgs/action/detail/compute_path_through_poses__rosidl_typesupport_introspection_c.h
[78.264s] -- Symlinking: /home/GTL/asacks/ros_workspace/install/nav2_msgs/include/nav2_msgs/nav2_msgs/action/detail/compute_path_to_pose__rosidl_typesupport_introspection_c.h
[78.271s] -- Symlinking: /home/GTL/asacks/ros_workspace/install/nav2_msgs/include/nav2_msgs/nav2_msgs/action/detail/compute_route__rosidl_typesupport_introspection_c.h
[78.279s] -- Symlinking: /home/GTL/asacks/ros_workspace/install/nav2_msgs/include/nav2_msgs/nav2_msgs/action/detail/dock_robot__rosidl_typesupport_introspection_c.h
[78.287s] -- Symlinking: /home/GTL/asacks/ros_workspace/install/nav2_msgs/include/nav2_msgs/nav2_msgs/action/detail/drive_on_heading__rosidl_typesupport_introspection_c.h
[78.295s] -- Symlinking: /home/GTL/asacks/ros_workspace/install/nav2_msgs/include/nav2_msgs/nav2_msgs/action/detail/dummy_behavior__rosidl_typesupport_introspection_c.h
[78.303s] -- Symlinking: /home/GTL/asacks/ros_workspace/install/nav2_msgs/include/nav2_msgs/nav2_msgs/action/detail/follow_gps_waypoints__rosidl_typesupport_introspection_c.h
[78.311s] -- Symlinking: /home/GTL/asacks/ros_workspace/install/nav2_msgs/include/nav2_msgs/nav2_msgs/action/detail/follow_path__rosidl_typesupport_introspection_c.h
[78.318s] -- Symlinking: /home/GTL/asacks/ros_workspace/install/nav2_msgs/include/nav2_msgs/nav2_msgs/action/detail/follow_waypoints__rosidl_typesupport_introspection_c.h
[78.326s] -- Symlinking: /home/GTL/asacks/ros_workspace/install/nav2_msgs/include/nav2_msgs/nav2_msgs/action/detail/navigate_through_poses__rosidl_typesupport_introspection_c.h
[78.333s] -- Symlinking: /home/GTL/asacks/ros_workspace/install/nav2_msgs/include/nav2_msgs/nav2_msgs/action/detail/navigate_to_pose__rosidl_typesupport_introspection_c.h
[78.340s] -- Symlinking: /home/GTL/asacks/ros_workspace/install/nav2_msgs/include/nav2_msgs/nav2_msgs/action/detail/smooth_path__rosidl_typesupport_introspection_c.h
[78.348s] -- Symlinking: /home/GTL/asacks/ros_workspace/install/nav2_msgs/include/nav2_msgs/nav2_msgs/action/detail/spin__rosidl_typesupport_introspection_c.h
[78.355s] -- Symlinking: /home/GTL/asacks/ros_workspace/install/nav2_msgs/include/nav2_msgs/nav2_msgs/action/detail/undock_robot__rosidl_typesupport_introspection_c.h
[78.362s] -- Symlinking: /home/GTL/asacks/ros_workspace/install/nav2_msgs/include/nav2_msgs/nav2_msgs/action/detail/wait__rosidl_typesupport_introspection_c.h
[78.369s] -- Symlinking: /home/GTL/asacks/ros_workspace/install/nav2_msgs/include/nav2_msgs/nav2_msgs/msg/detail/behavior_tree_log__rosidl_typesupport_introspection_c.h
[78.376s] -- Symlinking: /home/GTL/asacks/ros_workspace/install/nav2_msgs/include/nav2_msgs/nav2_msgs/msg/detail/behavior_tree_status_change__rosidl_typesupport_introspection_c.h
[78.384s] -- Symlinking: /home/GTL/asacks/ros_workspace/install/nav2_msgs/include/nav2_msgs/nav2_msgs/msg/detail/collision_detector_state__rosidl_typesupport_introspection_c.h
[78.391s] -- Symlinking: /home/GTL/asacks/ros_workspace/install/nav2_msgs/include/nav2_msgs/nav2_msgs/msg/detail/collision_monitor_state__rosidl_typesupport_introspection_c.h
[78.398s] -- Symlinking: /home/GTL/asacks/ros_workspace/install/nav2_msgs/include/nav2_msgs/nav2_msgs/msg/detail/costmap__rosidl_typesupport_introspection_c.h
[78.405s] -- Symlinking: /home/GTL/asacks/ros_workspace/install/nav2_msgs/include/nav2_msgs/nav2_msgs/msg/detail/costmap_filter_info__rosidl_typesupport_introspection_c.h
[78.412s] -- Symlinking: /home/GTL/asacks/ros_workspace/install/nav2_msgs/include/nav2_msgs/nav2_msgs/msg/detail/costmap_meta_data__rosidl_typesupport_introspection_c.h
[78.420s] -- Symlinking: /home/GTL/asacks/ros_workspace/install/nav2_msgs/include/nav2_msgs/nav2_msgs/msg/detail/costmap_update__rosidl_typesupport_introspection_c.h
[78.427s] -- Symlinking: /home/GTL/asacks/ros_workspace/install/nav2_msgs/include/nav2_msgs/nav2_msgs/msg/detail/edge_cost__rosidl_typesupport_introspection_c.h
[78.435s] -- Symlinking: /home/GTL/asacks/ros_workspace/install/nav2_msgs/include/nav2_msgs/nav2_msgs/msg/detail/particle__rosidl_typesupport_introspection_c.h
[78.442s] -- Symlinking: /home/GTL/asacks/ros_workspace/install/nav2_msgs/include/nav2_msgs/nav2_msgs/msg/detail/particle_cloud__rosidl_typesupport_introspection_c.h
[78.450s] -- Symlinking: /home/GTL/asacks/ros_workspace/install/nav2_msgs/include/nav2_msgs/nav2_msgs/msg/detail/route__rosidl_typesupport_introspection_c.h
[78.458s] -- Symlinking: /home/GTL/asacks/ros_workspace/install/nav2_msgs/include/nav2_msgs/nav2_msgs/msg/detail/route_edge__rosidl_typesupport_introspection_c.h
[78.466s] -- Symlinking: /home/GTL/asacks/ros_workspace/install/nav2_msgs/include/nav2_msgs/nav2_msgs/msg/detail/route_node__rosidl_typesupport_introspection_c.h
[78.473s] -- Symlinking: /home/GTL/asacks/ros_workspace/install/nav2_msgs/include/nav2_msgs/nav2_msgs/msg/detail/speed_limit__rosidl_typesupport_introspection_c.h
[78.481s] -- Symlinking: /home/GTL/asacks/ros_workspace/install/nav2_msgs/include/nav2_msgs/nav2_msgs/msg/detail/trajectory__rosidl_typesupport_introspection_c.h
[78.487s] -- Symlinking: /home/GTL/asacks/ros_workspace/install/nav2_msgs/include/nav2_msgs/nav2_msgs/msg/detail/trajectory_point__rosidl_typesupport_introspection_c.h
[78.495s] -- Symlinking: /home/GTL/asacks/ros_workspace/install/nav2_msgs/include/nav2_msgs/nav2_msgs/msg/detail/voxel_grid__rosidl_typesupport_introspection_c.h
[78.502s] -- Symlinking: /home/GTL/asacks/ros_workspace/install/nav2_msgs/include/nav2_msgs/nav2_msgs/msg/detail/waypoint_status__rosidl_typesupport_introspection_c.h
[78.510s] -- Symlinking: /home/GTL/asacks/ros_workspace/install/nav2_msgs/include/nav2_msgs/nav2_msgs/msg/rosidl_typesupport_introspection_c__visibility_control.h
[78.517s] -- Symlinking: /home/GTL/asacks/ros_workspace/install/nav2_msgs/include/nav2_msgs/nav2_msgs/srv/detail/clear_costmap_around_robot__rosidl_typesupport_introspection_c.h
[78.524s] -- Symlinking: /home/GTL/asacks/ros_workspace/install/nav2_msgs/include/nav2_msgs/nav2_msgs/srv/detail/clear_costmap_except_region__rosidl_typesupport_introspection_c.h
[78.532s] -- Symlinking: /home/GTL/asacks/ros_workspace/install/nav2_msgs/include/nav2_msgs/nav2_msgs/srv/detail/clear_entire_costmap__rosidl_typesupport_introspection_c.h
[78.539s] -- Symlinking: /home/GTL/asacks/ros_workspace/install/nav2_msgs/include/nav2_msgs/nav2_msgs/srv/detail/dynamic_edges__rosidl_typesupport_introspection_c.h
[78.547s] -- Symlinking: /home/GTL/asacks/ros_workspace/install/nav2_msgs/include/nav2_msgs/nav2_msgs/srv/detail/get_costmap__rosidl_typesupport_introspection_c.h
[78.554s] -- Symlinking: /home/GTL/asacks/ros_workspace/install/nav2_msgs/include/nav2_msgs/nav2_msgs/srv/detail/get_costs__rosidl_typesupport_introspection_c.h
[78.562s] -- Symlinking: /home/GTL/asacks/ros_workspace/install/nav2_msgs/include/nav2_msgs/nav2_msgs/srv/detail/is_path_valid__rosidl_typesupport_introspection_c.h
[78.570s] -- Symlinking: /home/GTL/asacks/ros_workspace/install/nav2_msgs/include/nav2_msgs/nav2_msgs/srv/detail/load_map__rosidl_typesupport_introspection_c.h
[78.578s] -- Symlinking: /home/GTL/asacks/ros_workspace/install/nav2_msgs/include/nav2_msgs/nav2_msgs/srv/detail/manage_lifecycle_nodes__rosidl_typesupport_introspection_c.h
[78.585s] -- Symlinking: /home/GTL/asacks/ros_workspace/install/nav2_msgs/include/nav2_msgs/nav2_msgs/srv/detail/reload_dock_database__rosidl_typesupport_introspection_c.h
[78.593s] -- Symlinking: /home/GTL/asacks/ros_workspace/install/nav2_msgs/include/nav2_msgs/nav2_msgs/srv/detail/save_map__rosidl_typesupport_introspection_c.h
[78.600s] -- Symlinking: /home/GTL/asacks/ros_workspace/install/nav2_msgs/include/nav2_msgs/nav2_msgs/srv/detail/set_initial_pose__rosidl_typesupport_introspection_c.h
[78.608s] -- Symlinking: /home/GTL/asacks/ros_workspace/install/nav2_msgs/include/nav2_msgs/nav2_msgs/srv/detail/set_route_graph__rosidl_typesupport_introspection_c.h
[78.623s] -- Symlinking: /home/GTL/asacks/ros_workspace/install/nav2_msgs/include/nav2_msgs/nav2_msgs/action/detail/assisted_teleop__rosidl_typesupport_introspection_cpp.hpp
[78.630s] -- Symlinking: /home/GTL/asacks/ros_workspace/install/nav2_msgs/include/nav2_msgs/nav2_msgs/action/detail/back_up__rosidl_typesupport_introspection_cpp.hpp
[78.637s] -- Symlinking: /home/GTL/asacks/ros_workspace/install/nav2_msgs/include/nav2_msgs/nav2_msgs/action/detail/compute_and_track_route__rosidl_typesupport_introspection_cpp.hpp
[78.645s] -- Symlinking: /home/GTL/asacks/ros_workspace/install/nav2_msgs/include/nav2_msgs/nav2_msgs/action/detail/compute_path_through_poses__rosidl_typesupport_introspection_cpp.hpp
[78.652s] -- Symlinking: /home/GTL/asacks/ros_workspace/install/nav2_msgs/include/nav2_msgs/nav2_msgs/action/detail/compute_path_to_pose__rosidl_typesupport_introspection_cpp.hpp
[78.660s] -- Symlinking: /home/GTL/asacks/ros_workspace/install/nav2_msgs/include/nav2_msgs/nav2_msgs/action/detail/compute_route__rosidl_typesupport_introspection_cpp.hpp
[78.668s] -- Symlinking: /home/GTL/asacks/ros_workspace/install/nav2_msgs/include/nav2_msgs/nav2_msgs/action/detail/dock_robot__rosidl_typesupport_introspection_cpp.hpp
[78.675s] -- Symlinking: /home/GTL/asacks/ros_workspace/install/nav2_msgs/include/nav2_msgs/nav2_msgs/action/detail/drive_on_heading__rosidl_typesupport_introspection_cpp.hpp
[78.682s] -- Symlinking: /home/GTL/asacks/ros_workspace/install/nav2_msgs/include/nav2_msgs/nav2_msgs/action/detail/dummy_behavior__rosidl_typesupport_introspection_cpp.hpp
[78.689s] -- Symlinking: /home/GTL/asacks/ros_workspace/install/nav2_msgs/include/nav2_msgs/nav2_msgs/action/detail/follow_gps_waypoints__rosidl_typesupport_introspection_cpp.hpp
[78.696s] -- Symlinking: /home/GTL/asacks/ros_workspace/install/nav2_msgs/include/nav2_msgs/nav2_msgs/action/detail/follow_path__rosidl_typesupport_introspection_cpp.hpp
[78.704s] -- Symlinking: /home/GTL/asacks/ros_workspace/install/nav2_msgs/include/nav2_msgs/nav2_msgs/action/detail/follow_waypoints__rosidl_typesupport_introspection_cpp.hpp
[78.711s] -- Symlinking: /home/GTL/asacks/ros_workspace/install/nav2_msgs/include/nav2_msgs/nav2_msgs/action/detail/navigate_through_poses__rosidl_typesupport_introspection_cpp.hpp
[78.719s] -- Symlinking: /home/GTL/asacks/ros_workspace/install/nav2_msgs/include/nav2_msgs/nav2_msgs/action/detail/navigate_to_pose__rosidl_typesupport_introspection_cpp.hpp
[78.726s] -- Symlinking: /home/GTL/asacks/ros_workspace/install/nav2_msgs/include/nav2_msgs/nav2_msgs/action/detail/smooth_path__rosidl_typesupport_introspection_cpp.hpp
[78.734s] -- Symlinking: /home/GTL/asacks/ros_workspace/install/nav2_msgs/include/nav2_msgs/nav2_msgs/action/detail/spin__rosidl_typesupport_introspection_cpp.hpp
[78.741s] -- Symlinking: /home/GTL/asacks/ros_workspace/install/nav2_msgs/include/nav2_msgs/nav2_msgs/action/detail/undock_robot__rosidl_typesupport_introspection_cpp.hpp
[78.749s] -- Symlinking: /home/GTL/asacks/ros_workspace/install/nav2_msgs/include/nav2_msgs/nav2_msgs/action/detail/wait__rosidl_typesupport_introspection_cpp.hpp
[78.756s] -- Symlinking: /home/GTL/asacks/ros_workspace/install/nav2_msgs/include/nav2_msgs/nav2_msgs/msg/detail/behavior_tree_log__rosidl_typesupport_introspection_cpp.hpp
[78.764s] -- Symlinking: /home/GTL/asacks/ros_workspace/install/nav2_msgs/include/nav2_msgs/nav2_msgs/msg/detail/behavior_tree_status_change__rosidl_typesupport_introspection_cpp.hpp
[78.772s] -- Symlinking: /home/GTL/asacks/ros_workspace/install/nav2_msgs/include/nav2_msgs/nav2_msgs/msg/detail/collision_detector_state__rosidl_typesupport_introspection_cpp.hpp
[78.780s] -- Symlinking: /home/GTL/asacks/ros_workspace/install/nav2_msgs/include/nav2_msgs/nav2_msgs/msg/detail/collision_monitor_state__rosidl_typesupport_introspection_cpp.hpp
[78.788s] -- Symlinking: /home/GTL/asacks/ros_workspace/install/nav2_msgs/include/nav2_msgs/nav2_msgs/msg/detail/costmap__rosidl_typesupport_introspection_cpp.hpp
[78.796s] -- Symlinking: /home/GTL/asacks/ros_workspace/install/nav2_msgs/include/nav2_msgs/nav2_msgs/msg/detail/costmap_filter_info__rosidl_typesupport_introspection_cpp.hpp
[78.803s] -- Symlinking: /home/GTL/asacks/ros_workspace/install/nav2_msgs/include/nav2_msgs/nav2_msgs/msg/detail/costmap_meta_data__rosidl_typesupport_introspection_cpp.hpp
[78.811s] -- Symlinking: /home/GTL/asacks/ros_workspace/install/nav2_msgs/include/nav2_msgs/nav2_msgs/msg/detail/costmap_update__rosidl_typesupport_introspection_cpp.hpp
[78.819s] -- Symlinking: /home/GTL/asacks/ros_workspace/install/nav2_msgs/include/nav2_msgs/nav2_msgs/msg/detail/edge_cost__rosidl_typesupport_introspection_cpp.hpp
[78.826s] -- Symlinking: /home/GTL/asacks/ros_workspace/install/nav2_msgs/include/nav2_msgs/nav2_msgs/msg/detail/particle__rosidl_typesupport_introspection_cpp.hpp
[78.834s] -- Symlinking: /home/GTL/asacks/ros_workspace/install/nav2_msgs/include/nav2_msgs/nav2_msgs/msg/detail/particle_cloud__rosidl_typesupport_introspection_cpp.hpp
[78.841s] -- Symlinking: /home/GTL/asacks/ros_workspace/install/nav2_msgs/include/nav2_msgs/nav2_msgs/msg/detail/route__rosidl_typesupport_introspection_cpp.hpp
[78.848s] -- Symlinking: /home/GTL/asacks/ros_workspace/install/nav2_msgs/include/nav2_msgs/nav2_msgs/msg/detail/route_edge__rosidl_typesupport_introspection_cpp.hpp
[78.855s] -- Symlinking: /home/GTL/asacks/ros_workspace/install/nav2_msgs/include/nav2_msgs/nav2_msgs/msg/detail/route_node__rosidl_typesupport_introspection_cpp.hpp
[78.862s] -- Symlinking: /home/GTL/asacks/ros_workspace/install/nav2_msgs/include/nav2_msgs/nav2_msgs/msg/detail/speed_limit__rosidl_typesupport_introspection_cpp.hpp
[78.869s] -- Symlinking: /home/GTL/asacks/ros_workspace/install/nav2_msgs/include/nav2_msgs/nav2_msgs/msg/detail/trajectory__rosidl_typesupport_introspection_cpp.hpp
[78.876s] -- Symlinking: /home/GTL/asacks/ros_workspace/install/nav2_msgs/include/nav2_msgs/nav2_msgs/msg/detail/trajectory_point__rosidl_typesupport_introspection_cpp.hpp
[78.882s] -- Symlinking: /home/GTL/asacks/ros_workspace/install/nav2_msgs/include/nav2_msgs/nav2_msgs/msg/detail/voxel_grid__rosidl_typesupport_introspection_cpp.hpp
[78.889s] -- Symlinking: /home/GTL/asacks/ros_workspace/install/nav2_msgs/include/nav2_msgs/nav2_msgs/msg/detail/waypoint_status__rosidl_typesupport_introspection_cpp.hpp
[78.895s] -- Symlinking: /home/GTL/asacks/ros_workspace/install/nav2_msgs/include/nav2_msgs/nav2_msgs/srv/detail/clear_costmap_around_robot__rosidl_typesupport_introspection_cpp.hpp
[78.903s] -- Symlinking: /home/GTL/asacks/ros_workspace/install/nav2_msgs/include/nav2_msgs/nav2_msgs/srv/detail/clear_costmap_except_region__rosidl_typesupport_introspection_cpp.hpp
[78.911s] -- Symlinking: /home/GTL/asacks/ros_workspace/install/nav2_msgs/include/nav2_msgs/nav2_msgs/srv/detail/clear_entire_costmap__rosidl_typesupport_introspection_cpp.hpp
[78.918s] -- Symlinking: /home/GTL/asacks/ros_workspace/install/nav2_msgs/include/nav2_msgs/nav2_msgs/srv/detail/dynamic_edges__rosidl_typesupport_introspection_cpp.hpp
[78.925s] -- Symlinking: /home/GTL/asacks/ros_workspace/install/nav2_msgs/include/nav2_msgs/nav2_msgs/srv/detail/get_costmap__rosidl_typesupport_introspection_cpp.hpp
[78.932s] -- Symlinking: /home/GTL/asacks/ros_workspace/install/nav2_msgs/include/nav2_msgs/nav2_msgs/srv/detail/get_costs__rosidl_typesupport_introspection_cpp.hpp
[78.939s] -- Symlinking: /home/GTL/asacks/ros_workspace/install/nav2_msgs/include/nav2_msgs/nav2_msgs/srv/detail/is_path_valid__rosidl_typesupport_introspection_cpp.hpp
[78.946s] -- Symlinking: /home/GTL/asacks/ros_workspace/install/nav2_msgs/include/nav2_msgs/nav2_msgs/srv/detail/load_map__rosidl_typesupport_introspection_cpp.hpp
[78.954s] -- Symlinking: /home/GTL/asacks/ros_workspace/install/nav2_msgs/include/nav2_msgs/nav2_msgs/srv/detail/manage_lifecycle_nodes__rosidl_typesupport_introspection_cpp.hpp
[78.962s] -- Symlinking: /home/GTL/asacks/ros_workspace/install/nav2_msgs/include/nav2_msgs/nav2_msgs/srv/detail/reload_dock_database__rosidl_typesupport_introspection_cpp.hpp
[78.969s] -- Symlinking: /home/GTL/asacks/ros_workspace/install/nav2_msgs/include/nav2_msgs/nav2_msgs/srv/detail/save_map__rosidl_typesupport_introspection_cpp.hpp
[78.977s] -- Symlinking: /home/GTL/asacks/ros_workspace/install/nav2_msgs/include/nav2_msgs/nav2_msgs/srv/detail/set_initial_pose__rosidl_typesupport_introspection_cpp.hpp
[78.984s] -- Symlinking: /home/GTL/asacks/ros_workspace/install/nav2_msgs/include/nav2_msgs/nav2_msgs/srv/detail/set_route_graph__rosidl_typesupport_introspection_cpp.hpp
[78.992s] -- Symlinking: /home/GTL/asacks/ros_workspace/install/nav2_msgs/share/nav2_msgs/environment/pythonpath.sh
[79.000s] -- Symlinking: /home/GTL/asacks/ros_workspace/install/nav2_msgs/share/nav2_msgs/environment/pythonpath.dsv
[79.013s] -- Symlinking: /home/GTL/asacks/ros_workspace/install/nav2_msgs/lib/python3.12/site-packages/nav2_msgs-1.4.0-py3.12.egg-info/PKG-INFO
[79.022s] -- Symlinking: /home/GTL/asacks/ros_workspace/install/nav2_msgs/lib/python3.12/site-packages/nav2_msgs-1.4.0-py3.12.egg-info/SOURCES.txt
[79.029s] -- Symlinking: /home/GTL/asacks/ros_workspace/install/nav2_msgs/lib/python3.12/site-packages/nav2_msgs-1.4.0-py3.12.egg-info/dependency_links.txt
[79.037s] -- Symlinking: /home/GTL/asacks/ros_workspace/install/nav2_msgs/lib/python3.12/site-packages/nav2_msgs-1.4.0-py3.12.egg-info/top_level.txt
[79.054s] -- Symlinking: /home/GTL/asacks/ros_workspace/install/nav2_msgs/lib/python3.12/site-packages/nav2_msgs/__init__.py
[79.062s] -- Symlinking: /home/GTL/asacks/ros_workspace/install/nav2_msgs/lib/python3.12/site-packages/nav2_msgs/_nav2_msgs_s.ep.rosidl_typesupport_c.c
[79.069s] -- Symlinking: /home/GTL/asacks/ros_workspace/install/nav2_msgs/lib/python3.12/site-packages/nav2_msgs/_nav2_msgs_s.ep.rosidl_typesupport_fastrtps_c.c
[79.076s] -- Symlinking: /home/GTL/asacks/ros_workspace/install/nav2_msgs/lib/python3.12/site-packages/nav2_msgs/_nav2_msgs_s.ep.rosidl_typesupport_introspection_c.c
[79.086s] -- Symlinking: /home/GTL/asacks/ros_workspace/install/nav2_msgs/lib/python3.12/site-packages/nav2_msgs/action/__init__.py
[79.093s] -- Symlinking: /home/GTL/asacks/ros_workspace/install/nav2_msgs/lib/python3.12/site-packages/nav2_msgs/action/_assisted_teleop.py
[79.100s] -- Symlinking: /home/GTL/asacks/ros_workspace/install/nav2_msgs/lib/python3.12/site-packages/nav2_msgs/action/_assisted_teleop_s.c
[79.108s] -- Symlinking: /home/GTL/asacks/ros_workspace/install/nav2_msgs/lib/python3.12/site-packages/nav2_msgs/action/_back_up.py
[79.115s] -- Symlinking: /home/GTL/asacks/ros_workspace/install/nav2_msgs/lib/python3.12/site-packages/nav2_msgs/action/_back_up_s.c
[79.122s] -- Symlinking: /home/GTL/asacks/ros_workspace/install/nav2_msgs/lib/python3.12/site-packages/nav2_msgs/action/_compute_and_track_route.py
[79.130s] -- Symlinking: /home/GTL/asacks/ros_workspace/install/nav2_msgs/lib/python3.12/site-packages/nav2_msgs/action/_compute_and_track_route_s.c
[79.137s] -- Symlinking: /home/GTL/asacks/ros_workspace/install/nav2_msgs/lib/python3.12/site-packages/nav2_msgs/action/_compute_path_through_poses.py
[79.145s] -- Symlinking: /home/GTL/asacks/ros_workspace/install/nav2_msgs/lib/python3.12/site-packages/nav2_msgs/action/_compute_path_through_poses_s.c
[79.153s] -- Symlinking: /home/GTL/asacks/ros_workspace/install/nav2_msgs/lib/python3.12/site-packages/nav2_msgs/action/_compute_path_to_pose.py
[79.161s] -- Symlinking: /home/GTL/asacks/ros_workspace/install/nav2_msgs/lib/python3.12/site-packages/nav2_msgs/action/_compute_path_to_pose_s.c
[79.169s] -- Symlinking: /home/GTL/asacks/ros_workspace/install/nav2_msgs/lib/python3.12/site-packages/nav2_msgs/action/_compute_route.py
[79.176s] -- Symlinking: /home/GTL/asacks/ros_workspace/install/nav2_msgs/lib/python3.12/site-packages/nav2_msgs/action/_compute_route_s.c
[79.184s] -- Symlinking: /home/GTL/asacks/ros_workspace/install/nav2_msgs/lib/python3.12/site-packages/nav2_msgs/action/_dock_robot.py
[79.191s] -- Symlinking: /home/GTL/asacks/ros_workspace/install/nav2_msgs/lib/python3.12/site-packages/nav2_msgs/action/_dock_robot_s.c
[79.198s] -- Symlinking: /home/GTL/asacks/ros_workspace/install/nav2_msgs/lib/python3.12/site-packages/nav2_msgs/action/_drive_on_heading.py
[79.205s] -- Symlinking: /home/GTL/asacks/ros_workspace/install/nav2_msgs/lib/python3.12/site-packages/nav2_msgs/action/_drive_on_heading_s.c
[79.213s] -- Symlinking: /home/GTL/asacks/ros_workspace/install/nav2_msgs/lib/python3.12/site-packages/nav2_msgs/action/_dummy_behavior.py
[79.220s] -- Symlinking: /home/GTL/asacks/ros_workspace/install/nav2_msgs/lib/python3.12/site-packages/nav2_msgs/action/_dummy_behavior_s.c
[79.228s] -- Symlinking: /home/GTL/asacks/ros_workspace/install/nav2_msgs/lib/python3.12/site-packages/nav2_msgs/action/_follow_gps_waypoints.py
[79.235s] -- Symlinking: /home/GTL/asacks/ros_workspace/install/nav2_msgs/lib/python3.12/site-packages/nav2_msgs/action/_follow_gps_waypoints_s.c
[79.242s] -- Symlinking: /home/GTL/asacks/ros_workspace/install/nav2_msgs/lib/python3.12/site-packages/nav2_msgs/action/_follow_path.py
[79.249s] -- Symlinking: /home/GTL/asacks/ros_workspace/install/nav2_msgs/lib/python3.12/site-packages/nav2_msgs/action/_follow_path_s.c
[79.257s] -- Symlinking: /home/GTL/asacks/ros_workspace/install/nav2_msgs/lib/python3.12/site-packages/nav2_msgs/action/_follow_waypoints.py
[79.265s] -- Symlinking: /home/GTL/asacks/ros_workspace/install/nav2_msgs/lib/python3.12/site-packages/nav2_msgs/action/_follow_waypoints_s.c
[79.272s] -- Symlinking: /home/GTL/asacks/ros_workspace/install/nav2_msgs/lib/python3.12/site-packages/nav2_msgs/action/_navigate_through_poses.py
[79.281s] -- Symlinking: /home/GTL/asacks/ros_workspace/install/nav2_msgs/lib/python3.12/site-packages/nav2_msgs/action/_navigate_through_poses_s.c
[79.290s] -- Symlinking: /home/GTL/asacks/ros_workspace/install/nav2_msgs/lib/python3.12/site-packages/nav2_msgs/action/_navigate_to_pose.py
[79.297s] -- Symlinking: /home/GTL/asacks/ros_workspace/install/nav2_msgs/lib/python3.12/site-packages/nav2_msgs/action/_navigate_to_pose_s.c
[79.304s] -- Symlinking: /home/GTL/asacks/ros_workspace/install/nav2_msgs/lib/python3.12/site-packages/nav2_msgs/action/_smooth_path.py
[79.312s] -- Symlinking: /home/GTL/asacks/ros_workspace/install/nav2_msgs/lib/python3.12/site-packages/nav2_msgs/action/_smooth_path_s.c
[79.320s] -- Symlinking: /home/GTL/asacks/ros_workspace/install/nav2_msgs/lib/python3.12/site-packages/nav2_msgs/action/_spin.py
[79.326s] -- Symlinking: /home/GTL/asacks/ros_workspace/install/nav2_msgs/lib/python3.12/site-packages/nav2_msgs/action/_spin_s.c
[79.334s] -- Symlinking: /home/GTL/asacks/ros_workspace/install/nav2_msgs/lib/python3.12/site-packages/nav2_msgs/action/_undock_robot.py
[79.341s] -- Symlinking: /home/GTL/asacks/ros_workspace/install/nav2_msgs/lib/python3.12/site-packages/nav2_msgs/action/_undock_robot_s.c
[79.348s] -- Symlinking: /home/GTL/asacks/ros_workspace/install/nav2_msgs/lib/python3.12/site-packages/nav2_msgs/action/_wait.py
[79.356s] -- Symlinking: /home/GTL/asacks/ros_workspace/install/nav2_msgs/lib/python3.12/site-packages/nav2_msgs/action/_wait_s.c
[79.367s] -- Symlinking: /home/GTL/asacks/ros_workspace/install/nav2_msgs/lib/python3.12/site-packages/nav2_msgs/msg/__init__.py
[79.374s] -- Symlinking: /home/GTL/asacks/ros_workspace/install/nav2_msgs/lib/python3.12/site-packages/nav2_msgs/msg/_behavior_tree_log.py
[79.382s] -- Symlinking: /home/GTL/asacks/ros_workspace/install/nav2_msgs/lib/python3.12/site-packages/nav2_msgs/msg/_behavior_tree_log_s.c
[79.390s] -- Symlinking: /home/GTL/asacks/ros_workspace/install/nav2_msgs/lib/python3.12/site-packages/nav2_msgs/msg/_behavior_tree_status_change.py
[79.398s] -- Symlinking: /home/GTL/asacks/ros_workspace/install/nav2_msgs/lib/python3.12/site-packages/nav2_msgs/msg/_behavior_tree_status_change_s.c
[79.405s] -- Symlinking: /home/GTL/asacks/ros_workspace/install/nav2_msgs/lib/python3.12/site-packages/nav2_msgs/msg/_collision_detector_state.py
[79.413s] -- Symlinking: /home/GTL/asacks/ros_workspace/install/nav2_msgs/lib/python3.12/site-packages/nav2_msgs/msg/_collision_detector_state_s.c
[79.421s] -- Symlinking: /home/GTL/asacks/ros_workspace/install/nav2_msgs/lib/python3.12/site-packages/nav2_msgs/msg/_collision_monitor_state.py
[79.428s] -- Symlinking: /home/GTL/asacks/ros_workspace/install/nav2_msgs/lib/python3.12/site-packages/nav2_msgs/msg/_collision_monitor_state_s.c
[79.435s] -- Symlinking: /home/GTL/asacks/ros_workspace/install/nav2_msgs/lib/python3.12/site-packages/nav2_msgs/msg/_costmap.py
[79.442s] -- Symlinking: /home/GTL/asacks/ros_workspace/install/nav2_msgs/lib/python3.12/site-packages/nav2_msgs/msg/_costmap_filter_info.py
[79.449s] -- Symlinking: /home/GTL/asacks/ros_workspace/install/nav2_msgs/lib/python3.12/site-packages/nav2_msgs/msg/_costmap_filter_info_s.c
[79.456s] -- Symlinking: /home/GTL/asacks/ros_workspace/install/nav2_msgs/lib/python3.12/site-packages/nav2_msgs/msg/_costmap_meta_data.py
[79.464s] -- Symlinking: /home/GTL/asacks/ros_workspace/install/nav2_msgs/lib/python3.12/site-packages/nav2_msgs/msg/_costmap_meta_data_s.c
[79.472s] -- Symlinking: /home/GTL/asacks/ros_workspace/install/nav2_msgs/lib/python3.12/site-packages/nav2_msgs/msg/_costmap_s.c
[79.479s] -- Symlinking: /home/GTL/asacks/ros_workspace/install/nav2_msgs/lib/python3.12/site-packages/nav2_msgs/msg/_costmap_update.py
[79.485s] -- Symlinking: /home/GTL/asacks/ros_workspace/install/nav2_msgs/lib/python3.12/site-packages/nav2_msgs/msg/_costmap_update_s.c
[79.492s] -- Symlinking: /home/GTL/asacks/ros_workspace/install/nav2_msgs/lib/python3.12/site-packages/nav2_msgs/msg/_edge_cost.py
[79.499s] -- Symlinking: /home/GTL/asacks/ros_workspace/install/nav2_msgs/lib/python3.12/site-packages/nav2_msgs/msg/_edge_cost_s.c
[79.507s] -- Symlinking: /home/GTL/asacks/ros_workspace/install/nav2_msgs/lib/python3.12/site-packages/nav2_msgs/msg/_particle.py
[79.515s] -- Symlinking: /home/GTL/asacks/ros_workspace/install/nav2_msgs/lib/python3.12/site-packages/nav2_msgs/msg/_particle_cloud.py
[79.522s] -- Symlinking: /home/GTL/asacks/ros_workspace/install/nav2_msgs/lib/python3.12/site-packages/nav2_msgs/msg/_particle_cloud_s.c
[79.529s] -- Symlinking: /home/GTL/asacks/ros_workspace/install/nav2_msgs/lib/python3.12/site-packages/nav2_msgs/msg/_particle_s.c
[79.537s] -- Symlinking: /home/GTL/asacks/ros_workspace/install/nav2_msgs/lib/python3.12/site-packages/nav2_msgs/msg/_route.py
[79.545s] -- Symlinking: /home/GTL/asacks/ros_workspace/install/nav2_msgs/lib/python3.12/site-packages/nav2_msgs/msg/_route_edge.py
[79.553s] -- Symlinking: /home/GTL/asacks/ros_workspace/install/nav2_msgs/lib/python3.12/site-packages/nav2_msgs/msg/_route_edge_s.c
[79.560s] -- Symlinking: /home/GTL/asacks/ros_workspace/install/nav2_msgs/lib/python3.12/site-packages/nav2_msgs/msg/_route_node.py
[79.567s] -- Symlinking: /home/GTL/asacks/ros_workspace/install/nav2_msgs/lib/python3.12/site-packages/nav2_msgs/msg/_route_node_s.c
[79.573s] -- Symlinking: /home/GTL/asacks/ros_workspace/install/nav2_msgs/lib/python3.12/site-packages/nav2_msgs/msg/_route_s.c
[79.580s] -- Symlinking: /home/GTL/asacks/ros_workspace/install/nav2_msgs/lib/python3.12/site-packages/nav2_msgs/msg/_speed_limit.py
[79.587s] -- Symlinking: /home/GTL/asacks/ros_workspace/install/nav2_msgs/lib/python3.12/site-packages/nav2_msgs/msg/_speed_limit_s.c
[79.593s] -- Symlinking: /home/GTL/asacks/ros_workspace/install/nav2_msgs/lib/python3.12/site-packages/nav2_msgs/msg/_trajectory.py
[79.600s] -- Symlinking: /home/GTL/asacks/ros_workspace/install/nav2_msgs/lib/python3.12/site-packages/nav2_msgs/msg/_trajectory_point.py
[79.606s] -- Symlinking: /home/GTL/asacks/ros_workspace/install/nav2_msgs/lib/python3.12/site-packages/nav2_msgs/msg/_trajectory_point_s.c
[79.613s] -- Symlinking: /home/GTL/asacks/ros_workspace/install/nav2_msgs/lib/python3.12/site-packages/nav2_msgs/msg/_trajectory_s.c
[79.621s] -- Symlinking: /home/GTL/asacks/ros_workspace/install/nav2_msgs/lib/python3.12/site-packages/nav2_msgs/msg/_voxel_grid.py
[79.628s] -- Symlinking: /home/GTL/asacks/ros_workspace/install/nav2_msgs/lib/python3.12/site-packages/nav2_msgs/msg/_voxel_grid_s.c
[79.634s] -- Symlinking: /home/GTL/asacks/ros_workspace/install/nav2_msgs/lib/python3.12/site-packages/nav2_msgs/msg/_waypoint_status.py
[79.641s] -- Symlinking: /home/GTL/asacks/ros_workspace/install/nav2_msgs/lib/python3.12/site-packages/nav2_msgs/msg/_waypoint_status_s.c
[79.648s] -- Symlinking: /home/GTL/asacks/ros_workspace/install/nav2_msgs/lib/python3.12/site-packages/nav2_msgs/nav2_msgs_s__rosidl_typesupport_c.so
[79.655s] -- Symlinking: /home/GTL/asacks/ros_workspace/install/nav2_msgs/lib/python3.12/site-packages/nav2_msgs/nav2_msgs_s__rosidl_typesupport_fastrtps_c.so
[79.663s] -- Symlinking: /home/GTL/asacks/ros_workspace/install/nav2_msgs/lib/python3.12/site-packages/nav2_msgs/nav2_msgs_s__rosidl_typesupport_introspection_c.so
[79.672s] -- Symlinking: /home/GTL/asacks/ros_workspace/install/nav2_msgs/lib/python3.12/site-packages/nav2_msgs/srv/__init__.py
[79.679s] -- Symlinking: /home/GTL/asacks/ros_workspace/install/nav2_msgs/lib/python3.12/site-packages/nav2_msgs/srv/_clear_costmap_around_robot.py
[79.686s] -- Symlinking: /home/GTL/asacks/ros_workspace/install/nav2_msgs/lib/python3.12/site-packages/nav2_msgs/srv/_clear_costmap_around_robot_s.c
[79.693s] -- Symlinking: /home/GTL/asacks/ros_workspace/install/nav2_msgs/lib/python3.12/site-packages/nav2_msgs/srv/_clear_costmap_except_region.py
[79.699s] -- Symlinking: /home/GTL/asacks/ros_workspace/install/nav2_msgs/lib/python3.12/site-packages/nav2_msgs/srv/_clear_costmap_except_region_s.c
[79.706s] -- Symlinking: /home/GTL/asacks/ros_workspace/install/nav2_msgs/lib/python3.12/site-packages/nav2_msgs/srv/_clear_entire_costmap.py
[79.713s] -- Symlinking: /home/GTL/asacks/ros_workspace/install/nav2_msgs/lib/python3.12/site-packages/nav2_msgs/srv/_clear_entire_costmap_s.c
[79.719s] -- Symlinking: /home/GTL/asacks/ros_workspace/install/nav2_msgs/lib/python3.12/site-packages/nav2_msgs/srv/_dynamic_edges.py
[79.726s] -- Symlinking: /home/GTL/asacks/ros_workspace/install/nav2_msgs/lib/python3.12/site-packages/nav2_msgs/srv/_dynamic_edges_s.c
[79.732s] -- Symlinking: /home/GTL/asacks/ros_workspace/install/nav2_msgs/lib/python3.12/site-packages/nav2_msgs/srv/_get_costmap.py
[79.739s] -- Symlinking: /home/GTL/asacks/ros_workspace/install/nav2_msgs/lib/python3.12/site-packages/nav2_msgs/srv/_get_costmap_s.c
[79.746s] -- Symlinking: /home/GTL/asacks/ros_workspace/install/nav2_msgs/lib/python3.12/site-packages/nav2_msgs/srv/_get_costs.py
[79.753s] -- Symlinking: /home/GTL/asacks/ros_workspace/install/nav2_msgs/lib/python3.12/site-packages/nav2_msgs/srv/_get_costs_s.c
[79.759s] -- Symlinking: /home/GTL/asacks/ros_workspace/install/nav2_msgs/lib/python3.12/site-packages/nav2_msgs/srv/_is_path_valid.py
[79.766s] -- Symlinking: /home/GTL/asacks/ros_workspace/install/nav2_msgs/lib/python3.12/site-packages/nav2_msgs/srv/_is_path_valid_s.c
[79.773s] -- Symlinking: /home/GTL/asacks/ros_workspace/install/nav2_msgs/lib/python3.12/site-packages/nav2_msgs/srv/_load_map.py
[79.780s] -- Symlinking: /home/GTL/asacks/ros_workspace/install/nav2_msgs/lib/python3.12/site-packages/nav2_msgs/srv/_load_map_s.c
[79.788s] -- Symlinking: /home/GTL/asacks/ros_workspace/install/nav2_msgs/lib/python3.12/site-packages/nav2_msgs/srv/_manage_lifecycle_nodes.py
[79.795s] -- Symlinking: /home/GTL/asacks/ros_workspace/install/nav2_msgs/lib/python3.12/site-packages/nav2_msgs/srv/_manage_lifecycle_nodes_s.c
[79.802s] -- Symlinking: /home/GTL/asacks/ros_workspace/install/nav2_msgs/lib/python3.12/site-packages/nav2_msgs/srv/_reload_dock_database.py
[79.810s] -- Symlinking: /home/GTL/asacks/ros_workspace/install/nav2_msgs/lib/python3.12/site-packages/nav2_msgs/srv/_reload_dock_database_s.c
[79.817s] -- Symlinking: /home/GTL/asacks/ros_workspace/install/nav2_msgs/lib/python3.12/site-packages/nav2_msgs/srv/_save_map.py
[79.824s] -- Symlinking: /home/GTL/asacks/ros_workspace/install/nav2_msgs/lib/python3.12/site-packages/nav2_msgs/srv/_save_map_s.c
[79.831s] -- Symlinking: /home/GTL/asacks/ros_workspace/install/nav2_msgs/lib/python3.12/site-packages/nav2_msgs/srv/_set_initial_pose.py
[79.838s] -- Symlinking: /home/GTL/asacks/ros_workspace/install/nav2_msgs/lib/python3.12/site-packages/nav2_msgs/srv/_set_initial_pose_s.c
[79.844s] -- Symlinking: /home/GTL/asacks/ros_workspace/install/nav2_msgs/lib/python3.12/site-packages/nav2_msgs/srv/_set_route_graph.py
[79.851s] -- Symlinking: /home/GTL/asacks/ros_workspace/install/nav2_msgs/lib/python3.12/site-packages/nav2_msgs/srv/_set_route_graph_s.c
[79.859s] -- Up-to-date symlink: /home/GTL/asacks/ros_workspace/install/nav2_msgs/lib/python3.12/site-packages/nav2_msgs/nav2_msgs_s__rosidl_typesupport_fastrtps_c.so
[79.860s] -- Up-to-date symlink: /home/GTL/asacks/ros_workspace/install/nav2_msgs/lib/python3.12/site-packages/nav2_msgs/nav2_msgs_s__rosidl_typesupport_introspection_c.so
[79.862s] -- Up-to-date symlink: /home/GTL/asacks/ros_workspace/install/nav2_msgs/lib/python3.12/site-packages/nav2_msgs/nav2_msgs_s__rosidl_typesupport_c.so
[79.866s] -- Symlinking: /home/GTL/asacks/ros_workspace/install/nav2_msgs/share/nav2_msgs/rust/Cargo.toml
[79.873s] -- Symlinking: /home/GTL/asacks/ros_workspace/install/nav2_msgs/share/nav2_msgs/rust/build.rs
[79.883s] -- Symlinking: /home/GTL/asacks/ros_workspace/install/nav2_msgs/share/nav2_msgs/rust/src/action.rs
[79.893s] -- Symlinking: /home/GTL/asacks/ros_workspace/install/nav2_msgs/share/nav2_msgs/rust/src/action/rmw.rs
[79.900s] -- Symlinking: /home/GTL/asacks/ros_workspace/install/nav2_msgs/share/nav2_msgs/rust/src/lib.rs
[79.907s] -- Symlinking: /home/GTL/asacks/ros_workspace/install/nav2_msgs/share/nav2_msgs/rust/src/msg.rs
[79.917s] -- Symlinking: /home/GTL/asacks/ros_workspace/install/nav2_msgs/share/nav2_msgs/rust/src/msg/rmw.rs
[79.924s] -- Symlinking: /home/GTL/asacks/ros_workspace/install/nav2_msgs/share/nav2_msgs/rust/src/srv.rs
[79.933s] -- Symlinking: /home/GTL/asacks/ros_workspace/install/nav2_msgs/share/nav2_msgs/rust/src/srv/rmw.rs
[79.942s] -- Symlinking: /home/GTL/asacks/ros_workspace/install/nav2_msgs/share/nav2_msgs/msg/CollisionMonitorState.idl
[79.949s] -- Symlinking: /home/GTL/asacks/ros_workspace/install/nav2_msgs/share/nav2_msgs/msg/CollisionDetectorState.idl
[79.957s] -- Symlinking: /home/GTL/asacks/ros_workspace/install/nav2_msgs/share/nav2_msgs/msg/Costmap.idl
[79.965s] -- Symlinking: /home/GTL/asacks/ros_workspace/install/nav2_msgs/share/nav2_msgs/msg/CostmapMetaData.idl
[79.972s] -- Symlinking: /home/GTL/asacks/ros_workspace/install/nav2_msgs/share/nav2_msgs/msg/CostmapUpdate.idl
[79.980s] -- Symlinking: /home/GTL/asacks/ros_workspace/install/nav2_msgs/share/nav2_msgs/msg/CostmapFilterInfo.idl
[79.988s] -- Symlinking: /home/GTL/asacks/ros_workspace/install/nav2_msgs/share/nav2_msgs/msg/SpeedLimit.idl
[79.995s] -- Symlinking: /home/GTL/asacks/ros_workspace/install/nav2_msgs/share/nav2_msgs/msg/VoxelGrid.idl
[80.004s] -- Symlinking: /home/GTL/asacks/ros_workspace/install/nav2_msgs/share/nav2_msgs/msg/BehaviorTreeStatusChange.idl
[80.011s] -- Symlinking: /home/GTL/asacks/ros_workspace/install/nav2_msgs/share/nav2_msgs/msg/BehaviorTreeLog.idl
[80.018s] -- Symlinking: /home/GTL/asacks/ros_workspace/install/nav2_msgs/share/nav2_msgs/msg/Particle.idl
[80.027s] -- Symlinking: /home/GTL/asacks/ros_workspace/install/nav2_msgs/share/nav2_msgs/msg/ParticleCloud.idl
[80.036s] -- Symlinking: /home/GTL/asacks/ros_workspace/install/nav2_msgs/share/nav2_msgs/msg/WaypointStatus.idl
[80.047s] -- Symlinking: /home/GTL/asacks/ros_workspace/install/nav2_msgs/share/nav2_msgs/msg/Route.idl
[80.057s] -- Symlinking: /home/GTL/asacks/ros_workspace/install/nav2_msgs/share/nav2_msgs/msg/RouteNode.idl
[80.066s] -- Symlinking: /home/GTL/asacks/ros_workspace/install/nav2_msgs/share/nav2_msgs/msg/RouteEdge.idl
[80.074s] -- Symlinking: /home/GTL/asacks/ros_workspace/install/nav2_msgs/share/nav2_msgs/msg/EdgeCost.idl
[80.083s] -- Symlinking: /home/GTL/asacks/ros_workspace/install/nav2_msgs/share/nav2_msgs/msg/Trajectory.idl
[80.090s] -- Symlinking: /home/GTL/asacks/ros_workspace/install/nav2_msgs/share/nav2_msgs/msg/TrajectoryPoint.idl
[80.099s] -- Symlinking: /home/GTL/asacks/ros_workspace/install/nav2_msgs/share/nav2_msgs/srv/GetCosts.idl
[80.109s] -- Symlinking: /home/GTL/asacks/ros_workspace/install/nav2_msgs/share/nav2_msgs/srv/GetCostmap.idl
[80.118s] -- Symlinking: /home/GTL/asacks/ros_workspace/install/nav2_msgs/share/nav2_msgs/srv/IsPathValid.idl
[80.126s] -- Symlinking: /home/GTL/asacks/ros_workspace/install/nav2_msgs/share/nav2_msgs/srv/ClearCostmapExceptRegion.idl
[80.134s] -- Symlinking: /home/GTL/asacks/ros_workspace/install/nav2_msgs/share/nav2_msgs/srv/ClearCostmapAroundRobot.idl
[80.142s] -- Symlinking: /home/GTL/asacks/ros_workspace/install/nav2_msgs/share/nav2_msgs/srv/ClearEntireCostmap.idl
[80.150s] -- Symlinking: /home/GTL/asacks/ros_workspace/install/nav2_msgs/share/nav2_msgs/srv/ManageLifecycleNodes.idl
[80.158s] -- Symlinking: /home/GTL/asacks/ros_workspace/install/nav2_msgs/share/nav2_msgs/srv/LoadMap.idl
[80.166s] -- Symlinking: /home/GTL/asacks/ros_workspace/install/nav2_msgs/share/nav2_msgs/srv/SaveMap.idl
[80.174s] -- Symlinking: /home/GTL/asacks/ros_workspace/install/nav2_msgs/share/nav2_msgs/srv/SetInitialPose.idl
[80.183s] -- Symlinking: /home/GTL/asacks/ros_workspace/install/nav2_msgs/share/nav2_msgs/srv/ReloadDockDatabase.idl
[80.190s] -- Symlinking: /home/GTL/asacks/ros_workspace/install/nav2_msgs/share/nav2_msgs/srv/SetRouteGraph.idl
[80.198s] -- Symlinking: /home/GTL/asacks/ros_workspace/install/nav2_msgs/share/nav2_msgs/srv/DynamicEdges.idl
[80.206s] -- Symlinking: /home/GTL/asacks/ros_workspace/install/nav2_msgs/share/nav2_msgs/action/AssistedTeleop.idl
[80.213s] -- Symlinking: /home/GTL/asacks/ros_workspace/install/nav2_msgs/share/nav2_msgs/action/BackUp.idl
[80.221s] -- Symlinking: /home/GTL/asacks/ros_workspace/install/nav2_msgs/share/nav2_msgs/action/ComputePathToPose.idl
[80.229s] -- Symlinking: /home/GTL/asacks/ros_workspace/install/nav2_msgs/share/nav2_msgs/action/ComputePathThroughPoses.idl
[80.237s] -- Symlinking: /home/GTL/asacks/ros_workspace/install/nav2_msgs/share/nav2_msgs/action/DriveOnHeading.idl
[80.245s] -- Symlinking: /home/GTL/asacks/ros_workspace/install/nav2_msgs/share/nav2_msgs/action/SmoothPath.idl
[80.253s] -- Symlinking: /home/GTL/asacks/ros_workspace/install/nav2_msgs/share/nav2_msgs/action/FollowPath.idl
[80.261s] -- Symlinking: /home/GTL/asacks/ros_workspace/install/nav2_msgs/share/nav2_msgs/action/NavigateToPose.idl
[80.269s] -- Symlinking: /home/GTL/asacks/ros_workspace/install/nav2_msgs/share/nav2_msgs/action/NavigateThroughPoses.idl
[80.276s] -- Symlinking: /home/GTL/asacks/ros_workspace/install/nav2_msgs/share/nav2_msgs/action/Wait.idl
[80.286s] -- Symlinking: /home/GTL/asacks/ros_workspace/install/nav2_msgs/share/nav2_msgs/action/Spin.idl
[80.294s] -- Symlinking: /home/GTL/asacks/ros_workspace/install/nav2_msgs/share/nav2_msgs/action/DummyBehavior.idl
[80.304s] -- Symlinking: /home/GTL/asacks/ros_workspace/install/nav2_msgs/share/nav2_msgs/action/FollowWaypoints.idl
[80.311s] -- Symlinking: /home/GTL/asacks/ros_workspace/install/nav2_msgs/share/nav2_msgs/action/FollowGPSWaypoints.idl
[80.321s] -- Symlinking: /home/GTL/asacks/ros_workspace/install/nav2_msgs/share/nav2_msgs/action/DockRobot.idl
[80.330s] -- Symlinking: /home/GTL/asacks/ros_workspace/install/nav2_msgs/share/nav2_msgs/action/UndockRobot.idl
[80.341s] -- Symlinking: /home/GTL/asacks/ros_workspace/install/nav2_msgs/share/nav2_msgs/action/ComputeRoute.idl
[80.349s] -- Symlinking: /home/GTL/asacks/ros_workspace/install/nav2_msgs/share/nav2_msgs/action/ComputeAndTrackRoute.idl
[80.358s] -- Symlinking: /home/GTL/asacks/ros_workspace/install/nav2_msgs/share/nav2_msgs/msg/CollisionMonitorState.msg
[80.366s] -- Symlinking: /home/GTL/asacks/ros_workspace/install/nav2_msgs/share/nav2_msgs/msg/CollisionDetectorState.msg
[80.374s] -- Symlinking: /home/GTL/asacks/ros_workspace/install/nav2_msgs/share/nav2_msgs/msg/Costmap.msg
[80.382s] -- Symlinking: /home/GTL/asacks/ros_workspace/install/nav2_msgs/share/nav2_msgs/msg/CostmapMetaData.msg
[80.390s] -- Symlinking: /home/GTL/asacks/ros_workspace/install/nav2_msgs/share/nav2_msgs/msg/CostmapUpdate.msg
[80.398s] -- Symlinking: /home/GTL/asacks/ros_workspace/install/nav2_msgs/share/nav2_msgs/msg/CostmapFilterInfo.msg
[80.405s] -- Symlinking: /home/GTL/asacks/ros_workspace/install/nav2_msgs/share/nav2_msgs/msg/SpeedLimit.msg
[80.414s] -- Symlinking: /home/GTL/asacks/ros_workspace/install/nav2_msgs/share/nav2_msgs/msg/VoxelGrid.msg
[80.422s] -- Symlinking: /home/GTL/asacks/ros_workspace/install/nav2_msgs/share/nav2_msgs/msg/BehaviorTreeStatusChange.msg
[80.430s] -- Symlinking: /home/GTL/asacks/ros_workspace/install/nav2_msgs/share/nav2_msgs/msg/BehaviorTreeLog.msg
[80.437s] -- Symlinking: /home/GTL/asacks/ros_workspace/install/nav2_msgs/share/nav2_msgs/msg/Particle.msg
[80.445s] -- Symlinking: /home/GTL/asacks/ros_workspace/install/nav2_msgs/share/nav2_msgs/msg/ParticleCloud.msg
[80.453s] -- Symlinking: /home/GTL/asacks/ros_workspace/install/nav2_msgs/share/nav2_msgs/msg/WaypointStatus.msg
[80.461s] -- Symlinking: /home/GTL/asacks/ros_workspace/install/nav2_msgs/share/nav2_msgs/msg/Route.msg
[80.469s] -- Symlinking: /home/GTL/asacks/ros_workspace/install/nav2_msgs/share/nav2_msgs/msg/RouteNode.msg
[80.477s] -- Symlinking: /home/GTL/asacks/ros_workspace/install/nav2_msgs/share/nav2_msgs/msg/RouteEdge.msg
[80.485s] -- Symlinking: /home/GTL/asacks/ros_workspace/install/nav2_msgs/share/nav2_msgs/msg/EdgeCost.msg
[80.493s] -- Symlinking: /home/GTL/asacks/ros_workspace/install/nav2_msgs/share/nav2_msgs/msg/Trajectory.msg
[80.500s] -- Symlinking: /home/GTL/asacks/ros_workspace/install/nav2_msgs/share/nav2_msgs/msg/TrajectoryPoint.msg
[80.508s] -- Symlinking: /home/GTL/asacks/ros_workspace/install/nav2_msgs/share/nav2_msgs/srv/GetCosts.srv
[80.517s] -- Symlinking: /home/GTL/asacks/ros_workspace/install/nav2_msgs/share/nav2_msgs/srv/GetCostmap.srv
[80.525s] -- Symlinking: /home/GTL/asacks/ros_workspace/install/nav2_msgs/share/nav2_msgs/srv/IsPathValid.srv
[80.534s] -- Symlinking: /home/GTL/asacks/ros_workspace/install/nav2_msgs/share/nav2_msgs/srv/ClearCostmapExceptRegion.srv
[80.542s] -- Symlinking: /home/GTL/asacks/ros_workspace/install/nav2_msgs/share/nav2_msgs/srv/ClearCostmapAroundRobot.srv
[80.551s] -- Symlinking: /home/GTL/asacks/ros_workspace/install/nav2_msgs/share/nav2_msgs/srv/ClearEntireCostmap.srv
[80.559s] -- Symlinking: /home/GTL/asacks/ros_workspace/install/nav2_msgs/share/nav2_msgs/srv/ManageLifecycleNodes.srv
[80.568s] -- Symlinking: /home/GTL/asacks/ros_workspace/install/nav2_msgs/share/nav2_msgs/srv/LoadMap.srv
[80.575s] -- Symlinking: /home/GTL/asacks/ros_workspace/install/nav2_msgs/share/nav2_msgs/srv/SaveMap.srv
[80.583s] -- Symlinking: /home/GTL/asacks/ros_workspace/install/nav2_msgs/share/nav2_msgs/srv/SetInitialPose.srv
[80.591s] -- Symlinking: /home/GTL/asacks/ros_workspace/install/nav2_msgs/share/nav2_msgs/srv/ReloadDockDatabase.srv
[80.599s] -- Symlinking: /home/GTL/asacks/ros_workspace/install/nav2_msgs/share/nav2_msgs/srv/SetRouteGraph.srv
[80.607s] -- Symlinking: /home/GTL/asacks/ros_workspace/install/nav2_msgs/share/nav2_msgs/srv/DynamicEdges.srv
[80.615s] -- Symlinking: /home/GTL/asacks/ros_workspace/install/nav2_msgs/share/nav2_msgs/action/AssistedTeleop.action
[80.623s] -- Symlinking: /home/GTL/asacks/ros_workspace/install/nav2_msgs/share/nav2_msgs/action/BackUp.action
[80.630s] -- Symlinking: /home/GTL/asacks/ros_workspace/install/nav2_msgs/share/nav2_msgs/action/ComputePathToPose.action
[80.638s] -- Symlinking: /home/GTL/asacks/ros_workspace/install/nav2_msgs/share/nav2_msgs/action/ComputePathThroughPoses.action
[80.646s] -- Symlinking: /home/GTL/asacks/ros_workspace/install/nav2_msgs/share/nav2_msgs/action/DriveOnHeading.action
[80.653s] -- Symlinking: /home/GTL/asacks/ros_workspace/install/nav2_msgs/share/nav2_msgs/action/SmoothPath.action
[80.661s] -- Symlinking: /home/GTL/asacks/ros_workspace/install/nav2_msgs/share/nav2_msgs/action/FollowPath.action
[80.669s] -- Symlinking: /home/GTL/asacks/ros_workspace/install/nav2_msgs/share/nav2_msgs/action/NavigateToPose.action
[80.677s] -- Symlinking: /home/GTL/asacks/ros_workspace/install/nav2_msgs/share/nav2_msgs/action/NavigateThroughPoses.action
[80.684s] -- Symlinking: /home/GTL/asacks/ros_workspace/install/nav2_msgs/share/nav2_msgs/action/Wait.action
[80.692s] -- Symlinking: /home/GTL/asacks/ros_workspace/install/nav2_msgs/share/nav2_msgs/action/Spin.action
[80.699s] -- Symlinking: /home/GTL/asacks/ros_workspace/install/nav2_msgs/share/nav2_msgs/action/DummyBehavior.action
[80.707s] -- Symlinking: /home/GTL/asacks/ros_workspace/install/nav2_msgs/share/nav2_msgs/action/FollowWaypoints.action
[80.715s] -- Symlinking: /home/GTL/asacks/ros_workspace/install/nav2_msgs/share/nav2_msgs/action/FollowGPSWaypoints.action
[80.723s] -- Symlinking: /home/GTL/asacks/ros_workspace/install/nav2_msgs/share/nav2_msgs/action/DockRobot.action
[80.730s] -- Symlinking: /home/GTL/asacks/ros_workspace/install/nav2_msgs/share/nav2_msgs/action/UndockRobot.action
[80.738s] -- Symlinking: /home/GTL/asacks/ros_workspace/install/nav2_msgs/share/nav2_msgs/action/ComputeRoute.action
[80.746s] -- Symlinking: /home/GTL/asacks/ros_workspace/install/nav2_msgs/share/nav2_msgs/action/ComputeAndTrackRoute.action
[80.756s] -- Symlinking: /home/GTL/asacks/ros_workspace/install/nav2_msgs/share/ament_index/resource_index/package_run_dependencies/nav2_msgs
[80.766s] -- Symlinking: /home/GTL/asacks/ros_workspace/install/nav2_msgs/share/ament_index/resource_index/parent_prefix_path/nav2_msgs
[80.775s] -- Symlinking: /home/GTL/asacks/ros_workspace/install/nav2_msgs/share/nav2_msgs/environment/ament_prefix_path.sh
[80.782s] -- Symlinking: /home/GTL/asacks/ros_workspace/install/nav2_msgs/share/nav2_msgs/environment/ament_prefix_path.dsv
[80.791s] -- Symlinking: /home/GTL/asacks/ros_workspace/install/nav2_msgs/share/nav2_msgs/environment/path.sh
[80.799s] -- Symlinking: /home/GTL/asacks/ros_workspace/install/nav2_msgs/share/nav2_msgs/environment/path.dsv
[80.807s] -- Symlinking: /home/GTL/asacks/ros_workspace/install/nav2_msgs/share/nav2_msgs/local_setup.bash
[80.816s] -- Symlinking: /home/GTL/asacks/ros_workspace/install/nav2_msgs/share/nav2_msgs/local_setup.sh
[80.824s] -- Symlinking: /home/GTL/asacks/ros_workspace/install/nav2_msgs/share/nav2_msgs/local_setup.zsh
[80.832s] -- Symlinking: /home/GTL/asacks/ros_workspace/install/nav2_msgs/share/nav2_msgs/local_setup.dsv
[80.840s] -- Symlinking: /home/GTL/asacks/ros_workspace/install/nav2_msgs/share/nav2_msgs/package.dsv
[80.850s] -- Symlinking: /home/GTL/asacks/ros_workspace/install/nav2_msgs/share/ament_index/resource_index/packages/nav2_msgs
[80.879s] -- Symlinking: /home/GTL/asacks/ros_workspace/install/nav2_msgs/share/nav2_msgs/cmake/rosidl_cmake-extras.cmake
[80.887s] -- Symlinking: /home/GTL/asacks/ros_workspace/install/nav2_msgs/share/nav2_msgs/cmake/ament_cmake_export_dependencies-extras.cmake
[80.895s] -- Symlinking: /home/GTL/asacks/ros_workspace/install/nav2_msgs/share/nav2_msgs/cmake/ament_cmake_export_include_directories-extras.cmake
[80.902s] -- Symlinking: /home/GTL/asacks/ros_workspace/install/nav2_msgs/share/nav2_msgs/cmake/ament_cmake_export_libraries-extras.cmake
[80.910s] -- Symlinking: /home/GTL/asacks/ros_workspace/install/nav2_msgs/share/nav2_msgs/cmake/ament_cmake_export_targets-extras.cmake
[80.918s] -- Symlinking: /home/GTL/asacks/ros_workspace/install/nav2_msgs/share/nav2_msgs/cmake/rosidl_cmake_export_typesupport_targets-extras.cmake
[80.926s] -- Symlinking: /home/GTL/asacks/ros_workspace/install/nav2_msgs/share/nav2_msgs/cmake/rosidl_cmake_export_typesupport_libraries-extras.cmake
[80.935s] -- Symlinking: /home/GTL/asacks/ros_workspace/install/nav2_msgs/share/nav2_msgs/cmake/rosidl_cmake_aggregate_target-extras.cmake
[80.944s] -- Symlinking: /home/GTL/asacks/ros_workspace/install/nav2_msgs/share/nav2_msgs/cmake/nav2_msgsConfig.cmake
[80.951s] -- Symlinking: /home/GTL/asacks/ros_workspace/install/nav2_msgs/share/nav2_msgs/cmake/nav2_msgsConfig-version.cmake
[80.960s] -- Symlinking: /home/GTL/asacks/ros_workspace/install/nav2_msgs/share/nav2_msgs/package.xml
[80.967s] -- Installing: /home/GTL/asacks/ros_workspace/install/nav2_msgs/lib/libnav2_msgs__rosidl_generator_c.so
[80.997s] -- Set non-toolchain portion of runtime path of "/home/GTL/asacks/ros_workspace/install/nav2_msgs/lib/libnav2_msgs__rosidl_generator_c.so" to ""
[80.997s] -- Installing: /home/GTL/asacks/ros_workspace/install/nav2_msgs/lib/libnav2_msgs__rosidl_typesupport_fastrtps_c.so
[81.020s] -- Set non-toolchain portion of runtime path of "/home/GTL/asacks/ros_workspace/install/nav2_msgs/lib/libnav2_msgs__rosidl_typesupport_fastrtps_c.so" to ""
[81.021s] -- Installing: /home/GTL/asacks/ros_workspace/install/nav2_msgs/lib/libnav2_msgs__rosidl_typesupport_fastrtps_cpp.so
[81.064s] -- Set non-toolchain portion of runtime path of "/home/GTL/asacks/ros_workspace/install/nav2_msgs/lib/libnav2_msgs__rosidl_typesupport_fastrtps_cpp.so" to ""
[81.064s] -- Installing: /home/GTL/asacks/ros_workspace/install/nav2_msgs/lib/libnav2_msgs__rosidl_typesupport_introspection_c.so
[81.084s] -- Set non-toolchain portion of runtime path of "/home/GTL/asacks/ros_workspace/install/nav2_msgs/lib/libnav2_msgs__rosidl_typesupport_introspection_c.so" to ""
[81.085s] -- Installing: /home/GTL/asacks/ros_workspace/install/nav2_msgs/lib/libnav2_msgs__rosidl_typesupport_c.so
[81.100s] -- Set non-toolchain portion of runtime path of "/home/GTL/asacks/ros_workspace/install/nav2_msgs/lib/libnav2_msgs__rosidl_typesupport_c.so" to ""
[81.101s] -- Installing: /home/GTL/asacks/ros_workspace/install/nav2_msgs/lib/libnav2_msgs__rosidl_typesupport_introspection_cpp.so
[81.134s] -- Set non-toolchain portion of runtime path of "/home/GTL/asacks/ros_workspace/install/nav2_msgs/lib/libnav2_msgs__rosidl_typesupport_introspection_cpp.so" to ""
[81.135s] -- Installing: /home/GTL/asacks/ros_workspace/install/nav2_msgs/lib/libnav2_msgs__rosidl_typesupport_cpp.so
[81.157s] -- Set non-toolchain portion of runtime path of "/home/GTL/asacks/ros_workspace/install/nav2_msgs/lib/libnav2_msgs__rosidl_typesupport_cpp.so" to ""
[81.578s] Listing '/home/GTL/asacks/ros_workspace/install/nav2_msgs/lib/python3.12/site-packages/nav2_msgs'...
[81.579s] Compiling '/home/GTL/asacks/ros_workspace/install/nav2_msgs/lib/python3.12/site-packages/nav2_msgs/__init__.py'...
[81.580s] Listing '/home/GTL/asacks/ros_workspace/install/nav2_msgs/lib/python3.12/site-packages/nav2_msgs/action'...
[81.581s] Compiling '/home/GTL/asacks/ros_workspace/install/nav2_msgs/lib/python3.12/site-packages/nav2_msgs/action/__init__.py'...
[81.582s] Compiling '/home/GTL/asacks/ros_workspace/install/nav2_msgs/lib/python3.12/site-packages/nav2_msgs/action/_assisted_teleop.py'...
[81.582s] Compiling '/home/GTL/asacks/ros_workspace/install/nav2_msgs/lib/python3.12/site-packages/nav2_msgs/action/_back_up.py'...
[81.582s] Compiling '/home/GTL/asacks/ros_workspace/install/nav2_msgs/lib/python3.12/site-packages/nav2_msgs/action/_compute_and_track_route.py'...
[81.583s] Compiling '/home/GTL/asacks/ros_workspace/install/nav2_msgs/lib/python3.12/site-packages/nav2_msgs/action/_compute_path_through_poses.py'...
[81.584s] Compiling '/home/GTL/asacks/ros_workspace/install/nav2_msgs/lib/python3.12/site-packages/nav2_msgs/action/_compute_path_to_pose.py'...
[81.585s] Compiling '/home/GTL/asacks/ros_workspace/install/nav2_msgs/lib/python3.12/site-packages/nav2_msgs/action/_compute_route.py'...
[81.585s] Compiling '/home/GTL/asacks/ros_workspace/install/nav2_msgs/lib/python3.12/site-packages/nav2_msgs/action/_dock_robot.py'...
[81.589s] Compiling '/home/GTL/asacks/ros_workspace/install/nav2_msgs/lib/python3.12/site-packages/nav2_msgs/action/_drive_on_heading.py'...
[81.591s] Compiling '/home/GTL/asacks/ros_workspace/install/nav2_msgs/lib/python3.12/site-packages/nav2_msgs/action/_dummy_behavior.py'...
[81.591s] Compiling '/home/GTL/asacks/ros_workspace/install/nav2_msgs/lib/python3.12/site-packages/nav2_msgs/action/_follow_gps_waypoints.py'...
[81.592s] Compiling '/home/GTL/asacks/ros_workspace/install/nav2_msgs/lib/python3.12/site-packages/nav2_msgs/action/_follow_path.py'...
[81.592s] Compiling '/home/GTL/asacks/ros_workspace/install/nav2_msgs/lib/python3.12/site-packages/nav2_msgs/action/_follow_waypoints.py'...
[81.593s] Compiling '/home/GTL/asacks/ros_workspace/install/nav2_msgs/lib/python3.12/site-packages/nav2_msgs/action/_navigate_through_poses.py'...
[81.594s] Compiling '/home/GTL/asacks/ros_workspace/install/nav2_msgs/lib/python3.12/site-packages/nav2_msgs/action/_navigate_to_pose.py'...
[81.594s] Compiling '/home/GTL/asacks/ros_workspace/install/nav2_msgs/lib/python3.12/site-packages/nav2_msgs/action/_smooth_path.py'...
[81.595s] Compiling '/home/GTL/asacks/ros_workspace/install/nav2_msgs/lib/python3.12/site-packages/nav2_msgs/action/_spin.py'...
[81.595s] Compiling '/home/GTL/asacks/ros_workspace/install/nav2_msgs/lib/python3.12/site-packages/nav2_msgs/action/_undock_robot.py'...
[81.596s] Compiling '/home/GTL/asacks/ros_workspace/install/nav2_msgs/lib/python3.12/site-packages/nav2_msgs/action/_wait.py'...
[81.597s] Listing '/home/GTL/asacks/ros_workspace/install/nav2_msgs/lib/python3.12/site-packages/nav2_msgs/msg'...
[81.597s] Compiling '/home/GTL/asacks/ros_workspace/install/nav2_msgs/lib/python3.12/site-packages/nav2_msgs/msg/__init__.py'...
[81.598s] Compiling '/home/GTL/asacks/ros_workspace/install/nav2_msgs/lib/python3.12/site-packages/nav2_msgs/msg/_behavior_tree_log.py'...
[81.600s] Compiling '/home/GTL/asacks/ros_workspace/install/nav2_msgs/lib/python3.12/site-packages/nav2_msgs/msg/_behavior_tree_status_change.py'...
[81.601s] Compiling '/home/GTL/asacks/ros_workspace/install/nav2_msgs/lib/python3.12/site-packages/nav2_msgs/msg/_collision_detector_state.py'...
[81.602s] Compiling '/home/GTL/asacks/ros_workspace/install/nav2_msgs/lib/python3.12/site-packages/nav2_msgs/msg/_collision_monitor_state.py'...
[81.603s] Compiling '/home/GTL/asacks/ros_workspace/install/nav2_msgs/lib/python3.12/site-packages/nav2_msgs/msg/_costmap.py'...
[81.604s] Compiling '/home/GTL/asacks/ros_workspace/install/nav2_msgs/lib/python3.12/site-packages/nav2_msgs/msg/_costmap_filter_info.py'...
[81.605s] Compiling '/home/GTL/asacks/ros_workspace/install/nav2_msgs/lib/python3.12/site-packages/nav2_msgs/msg/_costmap_meta_data.py'...
[81.607s] Compiling '/home/GTL/asacks/ros_workspace/install/nav2_msgs/lib/python3.12/site-packages/nav2_msgs/msg/_costmap_update.py'...
[81.607s] Compiling '/home/GTL/asacks/ros_workspace/install/nav2_msgs/lib/python3.12/site-packages/nav2_msgs/msg/_edge_cost.py'...
[81.608s] Compiling '/home/GTL/asacks/ros_workspace/install/nav2_msgs/lib/python3.12/site-packages/nav2_msgs/msg/_particle.py'...
[81.609s] Compiling '/home/GTL/asacks/ros_workspace/install/nav2_msgs/lib/python3.12/site-packages/nav2_msgs/msg/_particle_cloud.py'...
[81.610s] Compiling '/home/GTL/asacks/ros_workspace/install/nav2_msgs/lib/python3.12/site-packages/nav2_msgs/msg/_route.py'...
[81.611s] Compiling '/home/GTL/asacks/ros_workspace/install/nav2_msgs/lib/python3.12/site-packages/nav2_msgs/msg/_route_edge.py'...
[81.611s] Compiling '/home/GTL/asacks/ros_workspace/install/nav2_msgs/lib/python3.12/site-packages/nav2_msgs/msg/_route_node.py'...
[81.612s] Compiling '/home/GTL/asacks/ros_workspace/install/nav2_msgs/lib/python3.12/site-packages/nav2_msgs/msg/_speed_limit.py'...
[81.613s] Compiling '/home/GTL/asacks/ros_workspace/install/nav2_msgs/lib/python3.12/site-packages/nav2_msgs/msg/_trajectory.py'...
[81.613s] Compiling '/home/GTL/asacks/ros_workspace/install/nav2_msgs/lib/python3.12/site-packages/nav2_msgs/msg/_trajectory_point.py'...
[81.614s] Compiling '/home/GTL/asacks/ros_workspace/install/nav2_msgs/lib/python3.12/site-packages/nav2_msgs/msg/_voxel_grid.py'...
[81.614s] Compiling '/home/GTL/asacks/ros_workspace/install/nav2_msgs/lib/python3.12/site-packages/nav2_msgs/msg/_waypoint_status.py'...
[81.614s] Listing '/home/GTL/asacks/ros_workspace/install/nav2_msgs/lib/python3.12/site-packages/nav2_msgs/srv'...
[81.614s] Compiling '/home/GTL/asacks/ros_workspace/install/nav2_msgs/lib/python3.12/site-packages/nav2_msgs/srv/__init__.py'...
[81.614s] Compiling '/home/GTL/asacks/ros_workspace/install/nav2_msgs/lib/python3.12/site-packages/nav2_msgs/srv/_clear_costmap_around_robot.py'...
[81.614s] Compiling '/home/GTL/asacks/ros_workspace/install/nav2_msgs/lib/python3.12/site-packages/nav2_msgs/srv/_clear_costmap_except_region.py'...
[81.614s] Compiling '/home/GTL/asacks/ros_workspace/install/nav2_msgs/lib/python3.12/site-packages/nav2_msgs/srv/_clear_entire_costmap.py'...
[81.614s] Compiling '/home/GTL/asacks/ros_workspace/install/nav2_msgs/lib/python3.12/site-packages/nav2_msgs/srv/_dynamic_edges.py'...
[81.615s] Compiling '/home/GTL/asacks/ros_workspace/install/nav2_msgs/lib/python3.12/site-packages/nav2_msgs/srv/_get_costmap.py'...
[81.616s] Compiling '/home/GTL/asacks/ros_workspace/install/nav2_msgs/lib/python3.12/site-packages/nav2_msgs/srv/_get_costs.py'...
[81.618s] Compiling '/home/GTL/asacks/ros_workspace/install/nav2_msgs/lib/python3.12/site-packages/nav2_msgs/srv/_is_path_valid.py'...
[81.618s] Compiling '/home/GTL/asacks/ros_workspace/install/nav2_msgs/lib/python3.12/site-packages/nav2_msgs/srv/_load_map.py'...
[81.619s] Compiling '/home/GTL/asacks/ros_workspace/install/nav2_msgs/lib/python3.12/site-packages/nav2_msgs/srv/_manage_lifecycle_nodes.py'...
[81.620s] Compiling '/home/GTL/asacks/ros_workspace/install/nav2_msgs/lib/python3.12/site-packages/nav2_msgs/srv/_reload_dock_database.py'...
[81.621s] Compiling '/home/GTL/asacks/ros_workspace/install/nav2_msgs/lib/python3.12/site-packages/nav2_msgs/srv/_save_map.py'...
[81.622s] Compiling '/home/GTL/asacks/ros_workspace/install/nav2_msgs/lib/python3.12/site-packages/nav2_msgs/srv/_set_initial_pose.py'...
[81.622s] Compiling '/home/GTL/asacks/ros_workspace/install/nav2_msgs/lib/python3.12/site-packages/nav2_msgs/srv/_set_route_graph.py'...
[81.623s] -- Installing: /home/GTL/asacks/ros_workspace/install/nav2_msgs/lib/libnav2_msgs__rosidl_generator_py.so
[81.623s] -- Set non-toolchain portion of runtime path of "/home/GTL/asacks/ros_workspace/install/nav2_msgs/lib/libnav2_msgs__rosidl_generator_py.so" to ""
[81.624s] -- Installing: /home/GTL/asacks/ros_workspace/install/nav2_msgs/share/nav2_msgs/cmake/export_nav2_msgs__rosidl_generator_cExport.cmake
[81.625s] -- Installing: /home/GTL/asacks/ros_workspace/install/nav2_msgs/share/nav2_msgs/cmake/export_nav2_msgs__rosidl_generator_cExport-release.cmake
[81.626s] -- Installing: /home/GTL/asacks/ros_workspace/install/nav2_msgs/share/nav2_msgs/cmake/export_nav2_msgs__rosidl_typesupport_fastrtps_cExport.cmake
[81.627s] -- Installing: /home/GTL/asacks/ros_workspace/install/nav2_msgs/share/nav2_msgs/cmake/export_nav2_msgs__rosidl_typesupport_fastrtps_cExport-release.cmake
[81.628s] -- Installing: /home/GTL/asacks/ros_workspace/install/nav2_msgs/share/nav2_msgs/cmake/export_nav2_msgs__rosidl_generator_cppExport.cmake
[81.629s] -- Installing: /home/GTL/asacks/ros_workspace/install/nav2_msgs/share/nav2_msgs/cmake/export_nav2_msgs__rosidl_typesupport_fastrtps_cppExport.cmake
[81.630s] -- Installing: /home/GTL/asacks/ros_workspace/install/nav2_msgs/share/nav2_msgs/cmake/export_nav2_msgs__rosidl_typesupport_fastrtps_cppExport-release.cmake
[81.630s] -- Installing: /home/GTL/asacks/ros_workspace/install/nav2_msgs/share/nav2_msgs/cmake/nav2_msgs__rosidl_typesupport_introspection_cExport.cmake
[81.630s] -- Installing: /home/GTL/asacks/ros_workspace/install/nav2_msgs/share/nav2_msgs/cmake/nav2_msgs__rosidl_typesupport_introspection_cExport-release.cmake
[81.631s] -- Installing: /home/GTL/asacks/ros_workspace/install/nav2_msgs/share/nav2_msgs/cmake/nav2_msgs__rosidl_typesupport_cExport.cmake
[81.632s] -- Installing: /home/GTL/asacks/ros_workspace/install/nav2_msgs/share/nav2_msgs/cmake/nav2_msgs__rosidl_typesupport_cExport-release.cmake
[81.633s] -- Installing: /home/GTL/asacks/ros_workspace/install/nav2_msgs/share/nav2_msgs/cmake/nav2_msgs__rosidl_typesupport_introspection_cppExport.cmake
[81.637s] -- Installing: /home/GTL/asacks/ros_workspace/install/nav2_msgs/share/nav2_msgs/cmake/nav2_msgs__rosidl_typesupport_introspection_cppExport-release.cmake
[81.641s] -- Installing: /home/GTL/asacks/ros_workspace/install/nav2_msgs/share/nav2_msgs/cmake/nav2_msgs__rosidl_typesupport_cppExport.cmake
[81.645s] -- Installing: /home/GTL/asacks/ros_workspace/install/nav2_msgs/share/nav2_msgs/cmake/nav2_msgs__rosidl_typesupport_cppExport-release.cmake
[81.649s] -- Installing: /home/GTL/asacks/ros_workspace/install/nav2_msgs/share/nav2_msgs/cmake/export_nav2_msgs__rosidl_generator_pyExport.cmake
[81.652s] -- Installing: /home/GTL/asacks/ros_workspace/install/nav2_msgs/share/nav2_msgs/cmake/export_nav2_msgs__rosidl_generator_pyExport-release.cmake
[81.659s] Invoked command in '/home/GTL/asacks/ros_workspace/build/nav2_msgs' returned '0': AMENT_PREFIX_PATH=/home/GTL/asacks/ros_workspace/install/nav2_common:${AMENT_PREFIX_PATH} CMAKE_PREFIX_PATH=/home/GTL/asacks/ros_workspace/install/nav2_common:/home/GTL/asacks/ros_workspace/install/vrep4_helpers:/home/GTL/asacks/ros_workspace/install/floor_plane_regression_base:/home/GTL/asacks/ros_workspace/install/floor_plane_ransac_base:/home/GTL/asacks/ros_workspace/install/floor_plane_hough_base:/opt/ros/kilted/opt/gz_sim_vendor:/opt/ros/kilted/opt/gz_sensors_vendor:/opt/ros/kilted/opt/gz_physics_vendor:/opt/ros/kilted/opt/sdformat_vendor:/opt/ros/kilted/opt/gz_gui_vendor:/opt/ros/kilted/opt/gz_transport_vendor:/opt/ros/kilted/opt/gz_rendering_vendor:/opt/ros/kilted/opt/gz_plugin_vendor:/opt/ros/kilted/opt/gz_fuel_tools_vendor:/opt/ros/kilted/opt/gz_msgs_vendor:/opt/ros/kilted/opt/gz_common_vendor:/opt/ros/kilted/opt/gz_math_vendor:/opt/ros/kilted/opt/gz_utils_vendor:/opt/ros/kilted/opt/gz_tools_vendor:/opt/ros/kilted/opt/gz_ogre_next_vendor:/opt/ros/kilted/opt/gz_dartsim_vendor:/opt/ros/kilted/opt/gz_cmake_vendor:/home/GTL/asacks/ros_workspace/install/model_prediction:/home/GTL/asacks/ros_workspace/install/joy_teleop:/opt/ros/kilted DEBUGINFOD_URLS=https://debuginfod.ubuntu.com PYTHONPATH=/home/GTL/asacks/ros_workspace/install/nav2_common/lib/python3.12/site-packages:${PYTHONPATH} /usr/bin/cmake --install /home/GTL/asacks/ros_workspace/build/nav2_msgs
