1789985993,199404910,n/a,0.0,0.0,0.0,0.0,0.0,0.0
1789985993,217342861,n/a,0.0,0.0,0.0,0.0,0.0,0.0
1789985993,237062857,n/a,0.0,0.0,0.0,0.0,0.0,0.0
1789985993,255201335,n/a,0.0,0.0,0.0,0.0,0.0,0.0
1789985993,280867755,n/a,0.0,0.0,0.0,0.0,0.0,0.0
1789985993,299127257,n/a,0.0,0.0,0.0,0.0,0.0,0.0
1789985993,317559415,n/a,0.0,0.0,0.0,0.0,0.0,0.0
1789985993,341338955,n/a,0.0,0.0,0.0,0.0,0.0,0.0
1789985993,360194041,n/a,0.0,0.0,0.0,0.0,0.0,0.0
1789985993,381179759,n/a,0.0,0.0,0.0,0.0,0.0,0.0
1789985993,401090390,n/a,0.0,0.0,0.0,0.0,0.0,0.0
1789985993,420656391,n/a,0.0,0.0,0.0,0.0,0.0,0.0
1789985993,440787233,n/a,0.0,0.0,0.0,0.0,0.0,0.0
1789985993,455269136,n/a,0.0,0.0,0.0,0.0,0.0,0.0
1789985993,479990622,n/a,0.0,0.0,0.0,0.0,0.0,0.0
1789985993,499376669,n/a,0.0,0.0,0.0,0.0,0.0,0.0
1789985993,518351181,n/a,0.0,0.0,0.0,0.0,0.0,0.0
1789985993,537486910,n/a,0.0,0.0,0.0,0.0,0.0,0.0
1789985993,556171131,n/a,0.0,0.0,0.0,0.0,0.0,0.0
1789985993,576020138,n/a,0.0,0.0,0.0,0.0,0.0,0.0
1789985993,599202009,n/a,0.0,0.0,0.0,0.0,0.0,0.0
1789985993,617391452,n/a,0.0,0.0,0.0,0.0,0.0,0.0
1789985993,636304353,n/a,0.0,0.0,0.0,0.0,0.0,0.0
1789985993,660257237,n/a,0.0,0.0,0.0,0.0,0.0,0.0
1789985993,679221526,n/a,0.0,0.0,0.0,0.0,0.0,0.0
1789985993,700471716,n/a,0.0,0.0,0.0,0.0,0.0,0.0
1789985993,715837409,n/a,0.0,0.0,0.0,0.0,0.0,0.0
1789985993,736331586,n/a,0.0,0.0,0.0,0.0,0.0,0.0
1789985993,755350570,n/a,0.0,0.0,0.0,0.0,0.0,0.0
1789985993,780984946,n/a,0.0,0.0,0.0,0.0,0.0,0.0
1789985993,800096223,n/a,0.0,0.0,0.0,0.0,0.0,0.0
1789985993,819675611,n/a,0.0,0.0,0.0,0.0,0.0,0.0
1789985993,839975880,n/a,0.0,0.0,0.0,0.0,0.0,0.0
1789985993,859578811,n/a,0.0,0.0,0.0,0.0,0.0,0.0
1789985993,878371038,n/a,0.0,0.0,0.0,0.0,0.0,0.0
1789985993,897001917,n/a,0.0,0.0,0.0,0.0,0.0,0.0
1789985993,914989818,n/a,0.0,0.0,0.0,0.0,0.0,0.0
1789985993,940468738,n/a,0.0,0.0,0.0,0.0,0.0,0.0
1789985993,957298425,n/a,0.0,0.0,0.0,0.0,0.0,0.0
1789985993,975973361,n/a,0.0,0.0,0.0,0.0,0.0,0.0
1789985993,995479996,n/a,0.0,0.0,0.0,0.0,0.0,0.0
1789985994,16644669,n/a,0.0,0.0,0.0,0.0,0.0,0.0
1789985994,37298592,n/a,0.0,0.0,0.0,0.0,0.0,0.0
1789985994,57702660,n/a,0.0,0.0,0.0,0.0,0.0,0.0
1789985994,81821902,n/a,0.0,0.0,0.0,0.0,0.0,0.0
1789985994,100511912,n/a,0.0,0.0,0.0,0.0,0.0,0.0
1789985994,119814079,n/a,0.0,0.0,0.0,0.0,0.0,0.0
1789985994,137461205,n/a,0.0,0.0,0.0,0.0,0.0,0.0
1789985994,156845190,n/a,0.0,0.0,0.0,0.0,0.0,0.0
1789985994,176566068,n/a,0.0,0.0,0.0,0.0,0.0,0.0
1789985994,195415336,n/a,0.0,0.0,0.0,0.0,0.0,0.0
1789985994,218449638,n/a,0.0,0.0,0.0,0.0,0.0,0.0
1789985994,237435328,n/a,0.0,0.0,0.0,0.0,0.0,0.0
1789985994,256287933,n/a,0.0,0.0,0.0,0.0,0.0,0.0
1789985994,275655864,n/a,0.0,0.0,0.0,0.0,0.0,0.0
1789985994,295554873,n/a,0.0,0.0,0.0,0.0,0.0,0.0
1789985994,322073990,n/a,0.0,0.0,0.0,0.0,0.0,0.0
1789985994,337710683,n/a,0.0,0.0,0.0,0.0,0.0,0.0
1789985994,356298666,n/a,0.0,0.0,0.0,0.0,0.0,0.0
1789985994,375920332,n/a,0.0,0.0,0.0,0.0,0.0,0.0
1789985994,401143271,n/a,0.0,0.0,0.0,0.0,0.0,0.0
1789985994,420657038,n/a,0.0,0.0,0.0,0.0,0.0,0.0
1789985994,440066775,n/a,0.0,0.0,0.0,0.0,0.0,0.0
1789985994,456559013,n/a,0.0,0.0,0.0,0.0,0.0,0.0
1789985994,478493191,n/a,0.0,0.0,0.0,0.0,0.0,0.0
1789985994,498177794,n/a,0.0,0.0,0.0,0.0,0.0,0.0
1789985994,517247920,n/a,0.0,0.0,0.0,0.0,0.0,0.0
1789985994,536441444,n/a,0.0,0.0,0.0,0.0,0.0,0.0
1789985994,555568110,n/a,0.0,0.0,0.0,0.0,0.0,0.0
1789985994,579437395,n/a,0.0,0.0,0.0,0.0,0.0,0.0
1789985994,599454977,n/a,0.0,0.0,0.0,0.0,0.0,0.0
1789985994,618345862,n/a,0.0,0.0,0.0,0.0,0.0,0.0
1789985994,637554248,n/a,0.0,0.0,0.0,0.0,0.0,0.0
1789985994,656307847,n/a,0.0,0.0,0.0,0.0,0.0,0.0
1789985994,675113122,n/a,0.0,0.0,0.0,0.0,0.0,0.0
1789985994,697919629,n/a,0.0,0.0,0.0,0.0,0.0,0.0
1789985994,718079488,n/a,0.0,0.0,0.0,0.0,0.0,0.0
1789985994,737870642,n/a,0.0,0.0,0.0,0.0,0.0,0.0
1789985994,757088774,n/a,0.0,0.0,0.0,0.0,0.0,0.0
1789985994,776306951,n/a,0.0,0.0,0.0,0.0,0.0,0.0
1789985994,795096544,n/a,0.0,0.0,0.0,0.0,0.0,0.0
1789985994,816754620,n/a,0.0,0.0,0.0,0.0,0.0,0.0
1789985994,838318566,n/a,0.0,0.0,0.0,0.0,0.0,0.0
1789985994,857065223,n/a,0.0,0.0,0.0,0.0,0.0,0.0
1789985994,876580009,n/a,0.0,0.0,0.0,0.0,0.0,0.0
1789985994,896207247,n/a,0.0,0.0,0.0,0.0,0.0,0.0
1789985994,915066892,n/a,0.0,0.0,0.0,0.0,0.0,0.0
1789985994,945954711,n/a,0.0,0.0,0.0,0.0,0.0,0.0
1789985994,958796425,n/a,0.0,0.0,0.0,0.0,0.0,0.0
1789985994,978048678,n/a,1.0,0.0,0.0,0.0,0.0,0.0
1789985994,997490472,n/a,1.0,0.0,0.0,0.0,0.0,0.0
1789985995,17337984,n/a,1.0,0.0,0.0,0.0,0.0,0.0
1789985995,36015918,n/a,1.0,0.0,0.0,0.0,0.0,0.0
1789985995,64109967,n/a,1.0,0.0,0.0,0.0,0.0,0.0
1789985995,78183176,n/a,1.0,0.0,0.0,0.0,0.0,0.0
1789985995,97047349,n/a,1.0,0.0,0.0,0.0,0.0,0.0
1789985995,116536953,n/a,1.0,0.0,0.0,0.0,0.0,0.0
1789985995,136755799,n/a,1.0,0.0,0.0,0.0,0.0,0.0
1789985995,156569426,n/a,1.0,0.0,0.0,0.0,0.0,0.0
1789985995,176111493,n/a,1.0,0.0,0.0,0.0,0.0,0.0
1789985995,199819308,n/a,1.0,0.0,0.0,0.0,0.0,0.0
1789985995,219598801,n/a,1.0,0.0,0.0,0.0,0.0,0.0
1789985995,239948487,n/a,1.0,0.0,0.0,0.0,0.0,0.0
1789985995,259586427,n/a,1.0,0.0,0.0,0.0,0.0,0.0
1789985995,279166674,n/a,1.0,0.0,0.0,0.0,0.0,0.0
1789985995,297643872,n/a,1.0,0.0,0.0,0.0,0.0,0.0
1789985995,320565773,n/a,1.0,0.0,0.0,0.0,0.0,0.0
1789985995,340808401,n/a,1.0,0.0,0.0,0.0,0.0,0.0
1789985995,359881269,n/a,1.0,0.0,0.0,0.0,0.0,0.0
1789985995,378846917,n/a,1.0,0.0,0.0,0.0,0.0,0.0
1789985995,397185750,n/a,1.0,0.0,0.0,0.0,0.0,0.0
1789985995,415560038,n/a,1.0,0.0,0.0,0.0,0.0,0.0
1789985995,439118107,n/a,1.0,0.0,0.0,0.0,0.0,0.0
1789985995,457923927,n/a,1.0,0.0,0.0,0.0,0.0,0.0
1789985995,477110338,n/a,1.0,0.0,0.0,0.0,0.0,0.0
1789985995,496561209,n/a,1.0,0.0,0.0,0.0,0.0,0.0
1789985995,515432321,n/a,1.0,0.0,0.0,0.0,0.0,0.0
1789985995,540099946,n/a,1.0,0.0,0.0,0.0,0.0,0.0
1789985995,556264010,n/a,1.0,0.0,0.0,0.0,0.0,0.0
1789985995,575257809,n/a,1.0,0.0,0.0,0.0,0.0,0.0
1789985995,600460529,n/a,1.0,0.0,0.0,0.0,0.0,0.0
1789985995,620169847,n/a,1.0,0.0,0.0,0.0,0.0,0.0
1789985995,638397039,n/a,1.0,0.0,0.0,0.0,0.0,0.0
1789985995,655042260,n/a,1.0,0.0,0.0,0.0,0.0,0.0
1789985995,675248209,n/a,1.0,0.0,0.0,0.0,0.0,0.0
1789985995,697272441,n/a,1.0,0.0,0.0,0.0,0.0,0.0
1789985995,719433124,n/a,1.0,0.0,0.0,0.0,0.0,0.0
1789985995,737211144,n/a,1.0,0.0,0.0,0.0,0.0,0.0
1789985995,757510147,n/a,1.0,0.0,0.0,0.0,0.0,0.0
1789985995,776609776,n/a,1.0,0.0,0.0,0.0,0.0,0.0
1789985995,796723962,n/a,1.0,0.0,0.0,0.0,0.0,0.0
1789985995,820197966,n/a,1.0,0.0,0.0,0.0,0.0,0.0
1789985995,838631134,n/a,1.0,0.0,0.0,0.0,0.0,0.0
1789985995,856794501,n/a,1.0,0.0,0.0,0.0,0.0,0.0
1789985995,880224065,n/a,1.0,0.0,0.0,0.0,0.0,0.0
1789985995,895259471,n/a,1.0,0.0,0.0,0.0,0.0,0.0
1789985995,918852966,n/a,1.0,0.0,0.0,0.0,0.0,0.0
1789985995,936148240,n/a,1.0,0.0,0.0,0.0,0.0,0.0
1789985995,954938310,n/a,1.0,0.0,0.0,0.0,0.0,0.0
1789985995,980211986,n/a,1.0,0.0,0.0,0.0,0.0,0.0
1789985996,15530841,n/a,1.0,0.0,0.0,0.0,0.0,0.0
1789985996,39907494,n/a,1.0,0.0,0.0,0.0,0.0,0.0
1789985996,57281850,n/a,1.0,0.0,0.0,0.0,0.0,0.0
1789985996,76178490,n/a,1.0,0.0,0.0,0.0,0.0,0.0
1789985996,95224996,n/a,1.0,0.0,0.0,0.0,0.0,0.0
1789985996,120819726,n/a,1.0,0.0,0.0,0.0,0.0,0.0
1789985996,138803419,n/a,1.0,0.0,0.0,0.0,0.0,0.0
1789985996,157031942,n/a,1.0,0.0,0.0,0.0,0.0,0.0
1789985996,177553283,n/a,1.0,0.0,0.0,0.0,0.0,0.0
1789985996,196461574,n/a,1.0,0.0,0.0,0.0,0.0,0.0
1789985996,219628507,n/a,1.0,0.0,0.0,0.0,0.0,0.0
1789985996,236677166,n/a,1.0,0.0,0.0,0.0,0.0,0.0
1789985996,257921766,n/a,1.0,0.0,0.0,0.0,0.0,0.0
1789985996,280172211,n/a,1.0,0.0,0.0,0.0,0.0,0.0
1789985996,296727555,n/a,1.0,0.0,0.0,0.0,0.0,0.0
1789985996,319251466,n/a,1.0,0.0,0.0,0.0,0.0,0.0
1789985996,336458952,n/a,1.0,0.0,0.0,0.0,0.0,0.0
1789985996,357302489,n/a,1.0,0.0,0.0,0.0,0.0,0.0
1789985996,379647972,n/a,1.0,0.0,0.0,0.0,0.0,0.0
1789985996,396463249,n/a,1.0,0.0,0.0,0.0,0.0,0.0
1789985996,418051157,n/a,1.0,0.0,0.0,0.0,0.0,0.0
1789985996,441240057,n/a,1.0,0.0,0.0,0.0,0.0,0.0
1789985996,462060360,n/a,1.0,0.0,0.0,0.0,0.0,0.0
1789985996,479476894,n/a,1.0,0.0,0.0,0.0,0.0,0.0
1789985996,495838242,n/a,1.0,0.0,0.0,0.0,0.0,0.0
1789985996,517459224,n/a,1.0,0.0,0.0,0.0,0.0,0.0
1789985996,539659280,n/a,1.0,0.0,0.0,0.0,0.0,0.0
1789985996,556182607,n/a,1.0,0.0,0.0,0.0,0.0,0.0
1789985996,578135857,n/a,1.0,0.0,0.0,0.0,0.0,0.0
1789985996,599995291,n/a,1.0,0.0,0.0,0.0,0.0,0.0
1789985996,616542321,n/a,1.0,0.0,0.0,0.0,0.0,0.0
1789985996,639125413,n/a,1.0,0.0,0.0,0.0,0.0,0.0
1789985996,655229962,n/a,1.0,0.0,0.0,0.0,0.0,0.0
1789985996,675293313,n/a,1.0,0.0,0.0,0.0,0.0,0.0
1789985996,698739632,n/a,1.0,0.0,0.0,0.0,0.0,0.0
1789985996,715371633,n/a,1.0,0.0,0.0,0.0,0.0,0.0
1789985996,737407953,n/a,1.0,0.0,0.0,0.0,0.0,0.0
1789985996,758714999,n/a,1.0,0.0,0.0,0.0,0.0,0.0
1789985996,776872711,n/a,1.0,0.0,0.0,0.0,0.0,0.0
1789985996,796038359,n/a,1.0,0.0,0.0,0.0,0.0,0.0
1789985996,817656048,n/a,1.0,0.0,0.0,0.0,0.0,0.0
1789985996,839698441,n/a,1.0,0.0,0.0,0.0,0.0,0.0
1789985996,855623114,n/a,1.0,0.0,0.0,0.0,0.0,0.0
1789985996,876806045,n/a,1.0,0.0,0.0,0.0,0.0,0.0
1789985996,897404048,n/a,1.0,0.0,0.0,0.0,0.0,0.0
1789985996,919777856,n/a,1.0,0.0,0.0,0.0,0.0,0.0
1789985996,936455443,n/a,1.0,0.0,0.0,0.0,0.0,0.0
1789985996,959008022,n/a,1.0,0.0,0.0,0.0,0.0,0.0
1789985996,975363515,n/a,1.0,0.0,0.0,0.0,0.0,0.0
1789985996,995687504,n/a,1.0,0.0,0.0,0.0,0.0,0.0
1789985997,18258318,n/a,1.0,0.0,0.0,0.0,0.0,0.0
1789985997,34966235,n/a,1.0,0.0,0.0,0.0,0.0,0.0
1789985997,57918582,n/a,1.0,0.0,0.0,0.0,0.0,0.0
1789985997,79420107,n/a,1.0,0.0,0.0,0.0,0.0,0.0
1789985997,100491721,n/a,1.0,0.0,0.0,0.0,0.0,0.0
1789985997,117632702,n/a,1.0,0.0,0.0,0.0,0.0,0.0
1789985997,139966713,n/a,1.0,0.0,0.0,0.0,0.0,0.0
1789985997,156167762,n/a,1.0,0.0,0.0,0.0,0.0,0.0
1789985997,178469021,n/a,1.0,0.0,0.0,0.0,0.0,0.0
1789985997,203832898,n/a,1.0,0.0,0.0,0.0,0.0,0.0
1789985997,215367631,n/a,1.0,0.0,0.0,0.0,0.0,0.0
1789985997,237500820,n/a,1.0,0.0,0.0,0.0,0.0,0.0
1789985997,258982828,n/a,1.0,0.0,0.0,0.0,0.0,0.0
1789985997,274978815,n/a,1.0,0.0,0.0,0.0,0.0,0.0
1789985997,297039218,n/a,1.0,0.0,0.0,0.0,0.0,0.0
1789985997,317427981,n/a,1.0,0.0,0.0,0.0,0.0,0.0
1789985997,339585749,n/a,1.0,0.0,0.0,0.0,0.0,0.0
1789985997,355587035,n/a,1.0,0.0,0.0,0.0,0.0,0.0
1789985997,377563606,n/a,1.0,0.0,0.0,0.0,0.0,0.0
1789985997,399175292,n/a,1.0,0.0,0.0,0.0,0.0,0.0
1789985997,420175690,n/a,1.0,0.0,0.0,0.0,0.0,0.0
1789985997,436838693,n/a,1.0,0.0,0.0,0.0,0.0,0.0
1789985997,458978906,n/a,1.0,0.0,0.0,0.0,0.0,0.0
1789985997,476432168,n/a,1.0,0.0,0.0,0.0,0.0,0.0
1789985997,498076992,n/a,1.0,0.0,0.0,0.0,0.0,0.0
1789985997,515758447,n/a,1.0,0.0,0.0,0.0,0.0,0.0
1789985997,540428095,n/a,1.0,0.0,0.0,0.0,0.0,0.0
1789985997,556830829,n/a,1.0,0.0,0.0,0.0,0.0,0.0
1789985997,578595933,n/a,1.0,0.0,0.0,0.0,0.0,0.0
1789985997,600138204,n/a,1.0,0.0,0.0,0.0,0.0,0.0
1789985997,615920339,n/a,1.0,0.0,0.0,0.0,0.0,0.0
1789985997,637799944,n/a,1.0,0.0,0.0,0.0,0.0,0.0
1789985997,660881896,n/a,1.0,0.0,0.0,0.0,0.0,0.0
1789985997,678975376,n/a,1.0,0.0,0.0,0.0,0.0,0.0
1789985997,695832618,n/a,1.0,0.0,0.0,0.0,0.0,0.0
1789985997,717216092,n/a,1.0,0.0,0.0,0.0,0.0,0.0
1789985997,739363588,n/a,1.0,0.0,0.0,0.0,0.0,0.0
1789985997,756196398,n/a,1.0,0.0,0.0,0.0,0.0,0.0
1789985997,779035107,n/a,1.0,0.0,0.0,0.0,0.0,0.0
1789985997,795805855,n/a,1.0,0.0,0.0,0.0,0.0,0.0
1789985997,817546743,n/a,1.0,0.0,0.0,0.0,0.0,0.0
1789985997,834997697,n/a,1.0,0.0,0.0,0.0,0.0,0.0
1789985997,855956011,n/a,1.0,0.0,0.0,0.0,0.0,0.0
1789985997,878323024,n/a,1.0,0.0,0.0,0.0,0.0,0.0
1789985997,896275220,n/a,1.0,0.0,0.0,0.0,0.0,0.0
1789985997,918338451,n/a,1.0,0.0,0.0,0.0,0.0,0.0
1789985997,939868244,n/a,1.0,0.0,0.0,0.0,0.0,0.0
1789985997,955266364,n/a,1.0,0.0,0.0,0.0,0.0,0.0
1789985997,977168038,n/a,0.0,0.0,0.0,0.0,0.0,0.0
1789985997,999333609,n/a,0.0,0.0,0.0,0.0,0.0,0.0
1789985998,18105527,n/a,0.0,0.0,0.0,0.0,0.0,0.0
1789985998,35947091,n/a,0.0,0.0,0.0,0.0,0.0,0.0
1789985998,62242099,n/a,0.0,0.0,0.0,0.0,0.0,0.0
1789985998,79416900,n/a,0.0,0.0,0.0,0.0,0.0,0.0
1789985998,96028285,n/a,0.0,0.0,0.0,0.0,0.0,0.0
1789985998,117926212,n/a,0.0,0.0,0.0,0.0,0.0,0.0
1789985998,140091440,n/a,0.0,0.0,0.0,0.0,0.0,0.0
1789985998,156719599,n/a,0.0,0.0,0.0,0.0,0.0,0.0
1789985998,177080994,n/a,0.0,0.0,0.0,0.0,0.0,0.0
1789985998,198460546,n/a,0.0,0.0,0.0,0.0,0.0,0.0
1789985998,215708527,n/a,0.0,0.0,0.0,0.0,0.0,0.0
1789985998,238413988,n/a,0.0,0.0,0.0,0.0,0.0,0.0
1789985998,259450766,n/a,0.0,0.0,0.0,0.0,0.0,0.0
1789985998,279696645,n/a,0.0,0.0,0.0,0.0,0.0,0.0
1789985998,296597304,n/a,0.0,0.0,0.0,0.0,0.0,0.0
1789985998,317918215,n/a,0.0,0.0,0.0,0.0,0.0,0.0
1789985998,340242229,n/a,0.0,0.0,0.0,0.0,0.0,0.0
1789985998,356112952,n/a,0.0,0.0,0.0,0.0,0.0,0.0
1789985998,377066066,n/a,0.0,0.0,0.0,0.0,0.0,0.0
1789985998,399626879,n/a,0.0,0.0,0.0,0.0,0.0,0.0
1789985998,415898766,n/a,0.0,0.0,0.0,0.0,0.0,0.0
1789985998,438332999,n/a,0.0,0.0,0.0,0.0,0.0,0.0
1789985998,459689882,n/a,0.0,0.0,0.0,0.0,0.0,0.0
1789985998,479734169,n/a,0.0,0.0,0.0,0.0,0.0,0.0
1789985998,498113985,n/a,0.0,0.0,0.0,0.0,0.0,0.0
1789985998,520283848,n/a,0.0,0.0,0.0,0.0,0.0,0.0
1789985998,537424498,n/a,0.0,0.0,0.0,0.0,0.0,0.0
1789985998,558557478,n/a,0.0,0.0,0.0,0.0,0.0,0.0
1789985998,575031194,n/a,0.0,0.0,0.0,0.0,0.0,0.0
1789985998,595992408,n/a,0.0,0.0,0.0,0.0,0.0,0.0
1789985998,618869846,n/a,0.0,0.0,0.0,0.0,0.0,0.0
1789985998,635882199,n/a,0.0,0.0,0.0,0.0,0.0,0.0
1789985998,657226220,n/a,0.0,0.0,0.0,0.0,0.0,0.0
1789985998,678361467,n/a,0.0,0.0,0.0,0.0,0.0,0.0
1789985998,699197111,n/a,0.0,0.0,0.0,0.0,0.0,0.0
1789985998,715581467,n/a,0.0,0.0,0.0,0.0,0.0,0.0
1789985998,738959528,n/a,0.0,0.0,0.0,0.0,0.0,0.0
1789985998,755090283,n/a,0.0,0.0,0.0,0.0,0.0,0.0
1789985998,776260242,n/a,0.0,0.0,0.0,0.0,0.0,0.0
1789985998,801770263,n/a,0.0,0.0,0.0,0.0,0.0,0.0
1789985998,818605291,n/a,0.0,0.0,0.0,0.0,0.0,0.0
1789985998,835855331,n/a,0.0,0.0,0.0,0.0,0.0,0.0
1789985998,858400173,n/a,0.0,0.0,0.0,0.0,0.0,0.0
1789985998,879437681,n/a,0.0,0.0,0.0,0.0,0.0,0.0
1789985998,895314619,n/a,0.0,0.0,0.0,0.0,0.0,0.0
1789985998,916389078,n/a,0.0,0.0,0.0,0.0,0.0,0.0
1789985998,938906933,n/a,0.0,0.0,0.0,0.0,0.0,0.0
1789985998,955442510,n/a,0.0,0.0,0.0,0.0,0.0,0.0
1789985998,977881075,n/a,0.0,0.0,0.0,0.0,0.0,0.0
1789985998,999199840,n/a,0.0,0.0,0.0,0.0,0.0,0.0
1789985999,15247178,n/a,0.0,0.0,0.0,0.0,0.0,0.0
1789985999,37751204,n/a,0.0,0.0,0.0,0.0,0.0,0.0
1789985999,58851877,n/a,0.0,0.0,0.0,0.0,0.0,0.0
1789985999,80409158,n/a,0.0,0.0,0.0,0.0,0.0,0.0
1789985999,96324248,n/a,0.0,0.0,0.0,0.0,0.0,0.0
1789985999,116668960,n/a,0.0,0.0,0.0,0.0,0.0,0.0
1789985999,139860188,n/a,0.0,0.0,0.0,0.0,0.0,0.0
1789985999,155810536,n/a,0.0,0.0,0.0,0.0,0.0,0.0
1789985999,176859949,n/a,0.0,0.0,0.0,0.0,0.0,0.0
1789985999,197959711,n/a,0.0,0.0,0.0,0.0,0.0,0.0
1789985999,218947845,n/a,0.0,0.0,0.0,0.0,0.0,0.0
1789985999,236608822,n/a,0.0,0.0,0.0,0.0,0.0,0.0
1789985999,258004874,n/a,0.0,0.0,0.0,0.0,0.0,0.0
1789985999,275633249,n/a,0.0,0.0,0.0,0.0,0.0,0.0
1789985999,296527394,n/a,0.0,0.0,0.0,0.0,0.0,0.0
1789985999,318373542,n/a,0.0,0.0,0.0,0.0,0.0,0.0
1789985999,338959135,n/a,0.0,0.0,0.0,0.0,0.0,0.0
1789985999,354891581,n/a,0.0,0.0,0.0,0.0,0.0,0.0
1789985999,377022948,n/a,0.0,0.0,0.0,0.0,0.0,0.0
1789985999,398959977,n/a,0.0,0.0,0.0,0.0,0.0,0.0
1789985999,419679456,n/a,0.0,0.0,0.0,0.0,0.0,0.0
1789985999,440905856,n/a,0.0,0.0,0.0,0.0,0.0,0.0
1789985999,457255568,n/a,0.0,0.0,0.0,0.0,0.0,0.0
1789985999,479413121,n/a,0.0,0.0,0.0,0.0,0.0,0.0
1789985999,496410019,n/a,0.0,0.0,0.0,0.0,0.0,0.0
1789985999,517631020,n/a,0.0,0.0,0.0,0.0,0.0,0.0
1789985999,539060836,n/a,0.0,0.0,0.0,0.0,0.0,0.0
1789985999,555919197,n/a,0.0,0.0,0.0,0.0,0.0,0.0
1789985999,578711702,n/a,0.0,0.0,0.0,0.0,0.0,0.0
1789985999,595834604,n/a,0.0,0.0,0.0,0.0,0.0,0.0
1789985999,617417333,n/a,0.0,0.0,0.0,0.0,0.0,0.0
1789985999,644637912,n/a,0.0,0.0,0.0,0.0,0.0,0.0
1789985999,655770991,n/a,0.0,0.0,0.0,0.0,0.0,0.0
1789985999,678096915,n/a,0.0,0.0,0.0,0.0,0.0,0.0
1789985999,699963582,n/a,0.0,0.0,0.0,0.0,0.0,0.0
1789985999,716657813,n/a,0.0,0.0,0.0,0.0,0.0,0.0
1789985999,739210223,n/a,0.0,0.0,0.0,0.0,0.0,0.0
1789985999,755273854,n/a,0.0,0.0,0.0,0.0,0.0,0.0
1789985999,778559560,n/a,0.0,0.0,0.0,0.0,0.0,0.0
1789985999,796187614,n/a,0.0,0.0,0.0,0.0,0.0,0.0
1789985999,819519318,n/a,0.0,0.0,0.0,0.0,0.0,0.0
1789985999,837159741,n/a,0.0,0.0,0.0,0.0,0.0,0.0
1789985999,855903137,n/a,0.0,0.0,0.0,0.0,0.0,0.0
1789985999,877694513,n/a,0.0,0.0,0.0,0.0,0.0,0.0
1789985999,895539735,n/a,0.0,0.0,0.0,0.0,0.0,0.0
1789985999,918555709,n/a,0.0,0.0,0.0,0.0,0.0,0.0
1789985999,936238870,n/a,0.0,0.0,0.0,0.0,0.0,0.0
1789985999,960001212,n/a,0.0,0.0,0.0,0.0,0.0,0.0
1789985999,975881696,n/a,0.0,0.0,0.0,0.0,0.0,0.0
1789985999,999961330,n/a,0.0,0.0,0.0,0.0,0.0,0.0
1789986000,17215115,n/a,0.0,0.0,0.0,0.0,0.0,0.0
1789986000,40493436,n/a,0.0,0.0,0.0,0.0,0.0,0.0
1789986000,57929227,n/a,0.0,0.0,0.0,0.0,0.0,0.0
1789986000,75351911,n/a,0.0,0.0,0.0,0.0,0.0,0.0
1789986000,98737439,n/a,0.0,0.0,0.0,0.0,0.0,0.0
1789986000,115759905,n/a,0.0,0.0,0.0,0.0,0.0,0.0
1789986000,139137364,n/a,0.0,0.0,0.0,0.0,0.0,0.0
1789986000,156938846,n/a,0.0,0.0,0.0,0.0,0.0,0.0
1789986000,180091469,n/a,0.0,0.0,0.0,0.0,0.0,0.0
1789986000,203145366,n/a,0.0,0.0,0.0,0.0,0.0,0.0
1789986000,215137591,n/a,0.0,0.0,0.0,0.0,0.0,0.0
1789986000,238369915,n/a,0.0,0.0,0.0,0.0,0.0,0.0
1789986000,255032952,n/a,0.0,0.0,0.0,0.0,0.0,0.0
1789986000,278083854,n/a,0.0,0.0,0.0,0.0,0.0,0.0
1789986000,296198056,n/a,0.0,0.0,0.0,0.0,0.0,0.0
1789986000,320156027,n/a,0.0,0.0,0.0,0.0,0.0,0.0
1789986000,337486419,n/a,0.0,0.0,0.0,0.0,0.0,0.0
1789986000,360247976,n/a,0.0,0.0,0.0,0.0,0.0,0.0
1789986000,377227505,n/a,0.0,0.0,0.0,0.0,0.0,0.0
1789986000,400326226,n/a,0.0,0.0,0.0,0.0,0.0,0.0
1789986000,418383592,n/a,0.0,0.0,0.0,0.0,0.0,0.0
1789986000,440960699,n/a,0.0,0.0,0.0,0.0,0.0,0.0
1789986000,457772496,n/a,0.0,0.0,0.0,0.0,0.0,0.0
1789986000,475149561,n/a,-1.0,0.0,0.0,0.0,0.0,0.0
1789986000,497983620,n/a,-1.0,0.0,0.0,0.0,0.0,0.0
1789986000,515735529,n/a,-1.0,0.0,0.0,0.0,0.0,0.0
1789986000,538246048,n/a,-1.0,0.0,0.0,0.0,0.0,0.0
1789986000,555982818,n/a,-1.0,0.0,0.0,0.0,0.0,0.0
1789986000,579469470,n/a,-1.0,0.0,0.0,0.0,0.0,0.0
1789986000,596704919,n/a,-1.0,0.0,0.0,0.0,0.0,0.0
1789986000,619952246,n/a,-1.0,0.0,0.0,0.0,0.0,0.0
1789986000,637740782,n/a,-1.0,0.0,0.0,0.0,0.0,0.0
1789986000,655150655,n/a,-1.0,0.0,0.0,0.0,0.0,0.0
1789986000,678280515,n/a,-1.0,0.0,0.0,0.0,0.0,0.0
1789986000,695684147,n/a,-1.0,0.0,0.0,0.0,0.0,0.0
1789986000,718715838,n/a,-1.0,0.0,0.0,0.0,0.0,0.0
1789986000,736884953,n/a,-1.0,0.0,0.0,0.0,0.0,0.0
1789986000,764250556,n/a,-1.0,0.0,0.0,0.0,0.0,0.0
1789986000,777044337,n/a,-1.0,0.0,0.0,0.0,0.0,0.0
1789986000,800212612,n/a,-1.0,0.0,0.0,0.0,0.0,0.0
1789986000,817626608,n/a,-1.0,0.0,0.0,0.0,0.0,0.0
1789986000,834899287,n/a,-1.0,0.0,0.0,0.0,0.0,0.0
1789986000,857340196,n/a,-1.0,0.0,0.0,0.0,0.0,0.0
1789986000,880092321,n/a,-1.0,0.0,0.0,0.0,0.0,0.0
1789986000,898074518,n/a,-1.0,0.0,0.0,0.0,0.0,0.0
1789986000,916125831,n/a,-1.0,0.0,0.0,0.0,0.0,0.0
1789986000,939064181,n/a,-1.0,0.0,0.0,0.0,0.0,0.0
1789986000,955945361,n/a,-1.0,0.0,0.0,0.0,0.0,0.0
1789986000,979095556,n/a,-1.0,0.0,0.0,0.0,0.0,0.0
1789986000,995086395,n/a,-1.0,0.0,0.0,0.0,0.0,0.0
1789986001,19254739,n/a,-1.0,0.0,0.0,0.0,0.0,0.0
1789986001,37249738,n/a,-1.0,0.0,0.0,0.0,0.0,0.0
1789986001,59589760,n/a,-1.0,0.0,0.0,0.0,0.0,0.0
1789986001,76788283,n/a,-1.0,0.0,0.0,0.0,0.0,0.0
1789986001,97842297,n/a,-1.0,0.0,0.0,0.0,0.0,0.0
1789986001,117359978,n/a,-1.0,0.0,0.0,0.0,0.0,0.0
1789986001,134985002,n/a,-1.0,0.0,0.0,0.0,0.0,0.0
1789986001,158365722,n/a,-1.0,0.0,0.0,0.0,0.0,0.0
1789986001,175411710,n/a,-1.0,0.0,0.0,0.0,0.0,0.0
1789986001,198082140,n/a,-1.0,0.0,0.0,0.0,0.0,0.0
1789986001,215208761,n/a,-1.0,0.0,0.0,0.0,0.0,0.0
1789986001,238765545,n/a,-1.0,0.0,0.0,0.0,0.0,0.0
1789986001,256985235,n/a,-1.0,0.0,0.0,0.0,0.0,0.0
1789986001,280828074,n/a,-1.0,0.0,0.0,0.0,0.0,0.0
1789986001,298776006,n/a,-1.0,0.0,0.0,0.0,0.0,0.0
1789986001,316829214,n/a,-1.0,0.0,0.0,0.0,0.0,0.0
1789986001,335370372,n/a,-1.0,0.0,0.0,0.0,0.0,0.0
1789986001,359248819,n/a,-1.0,0.0,0.0,0.0,0.0,0.0
1789986001,377315831,n/a,-1.0,0.0,0.0,0.0,0.0,0.0
1789986001,395066550,n/a,-1.0,0.0,0.0,0.0,0.0,0.0
1789986001,417743419,n/a,-1.0,0.0,0.0,0.0,0.0,0.0
1789986001,436209562,n/a,-1.0,0.0,0.0,0.0,0.0,0.0
1789986001,457988502,n/a,-1.0,0.0,0.0,0.0,0.0,0.0
1789986001,475494693,n/a,-1.0,0.0,0.0,0.0,0.0,0.0
1789986001,498847591,n/a,-1.0,0.0,0.0,0.0,0.0,0.0
1789986001,515759079,n/a,-1.0,0.0,0.0,0.0,0.0,0.0
1789986001,538183471,n/a,-1.0,0.0,0.0,0.0,0.0,0.0
1789986001,560023167,n/a,-1.0,0.0,0.0,0.0,0.0,0.0
1789986001,577203421,n/a,-1.0,0.0,0.0,0.0,0.0,0.0
1789986001,600411606,n/a,-1.0,0.0,0.0,0.0,0.0,0.0
1789986001,617849585,n/a,-1.0,0.0,0.0,0.0,0.0,0.0
1789986001,635040503,n/a,-1.0,0.0,0.0,0.0,0.0,0.0
1789986001,659730122,n/a,-1.0,0.0,0.0,0.0,0.0,0.0
1789986001,679894376,n/a,-1.0,0.0,0.0,0.0,0.0,0.0
1789986001,697149517,n/a,-1.0,0.0,0.0,0.0,0.0,0.0
1789986001,720037348,n/a,-1.0,0.0,0.0,0.0,0.0,0.0
1789986001,737781218,n/a,-1.0,0.0,0.0,0.0,0.0,0.0
1789986001,755527333,n/a,-1.0,0.0,0.0,0.0,0.0,0.0
1789986001,780499525,n/a,-1.0,0.0,0.0,0.0,0.0,0.0
1789986001,798615964,n/a,-1.0,0.0,0.0,0.0,0.0,0.0
1789986001,816061993,n/a,-1.0,0.0,0.0,0.0,0.0,0.0
1789986001,839799857,n/a,-1.0,0.0,0.0,0.0,0.0,0.0
1789986001,857539835,n/a,-1.0,0.0,0.0,0.0,0.0,0.0
1789986001,875283788,n/a,-1.0,0.0,0.0,0.0,0.0,0.0
1789986001,898940262,n/a,-1.0,0.0,0.0,0.0,0.0,0.0
1789986001,920824905,n/a,-1.0,0.0,0.0,0.0,0.0,0.0
1789986001,939569260,n/a,-1.0,0.0,0.0,0.0,0.0,0.0
1789986001,957348321,n/a,-1.0,0.0,0.0,0.0,0.0,0.0
1789986001,975249268,n/a,-1.0,0.0,0.0,0.0,0.0,0.0
1789986001,999045541,n/a,-1.0,0.0,0.0,0.0,0.0,0.0
1789986002,15998134,n/a,-1.0,0.0,0.0,0.0,0.0,0.0
1789986002,40198442,n/a,-1.0,0.0,0.0,0.0,0.0,0.0
1789986002,57656335,n/a,-1.0,0.0,0.0,0.0,0.0,0.0
1789986002,75949489,n/a,-1.0,0.0,0.0,0.0,0.0,0.0
1789986002,99927900,n/a,-1.0,0.0,0.0,0.0,0.0,0.0
1789986002,117375982,n/a,-1.0,0.0,0.0,0.0,0.0,0.0
1789986002,135260419,n/a,-1.0,0.0,0.0,0.0,0.0,0.0
1789986002,159108865,n/a,-1.0,0.0,0.0,0.0,0.0,0.0
1789986002,177171287,n/a,-1.0,0.0,0.0,0.0,0.0,0.0
1789986002,195295733,n/a,-1.0,0.0,0.0,0.0,0.0,0.0
1789986002,218661470,n/a,-1.0,0.0,0.0,0.0,0.0,0.0
1789986002,238568886,n/a,-1.0,0.0,0.0,0.0,0.0,0.0
1789986002,261276323,n/a,-1.0,0.0,0.0,0.0,0.0,0.0
1789986002,279448643,n/a,-1.0,0.0,0.0,0.0,0.0,0.0
1789986002,297696424,n/a,-1.0,0.0,0.0,0.0,0.0,0.0
1789986002,316286217,n/a,-1.0,0.0,0.0,0.0,0.0,0.0
1789986002,340983025,n/a,-1.0,0.0,0.0,0.0,0.0,0.0
1789986002,362859254,n/a,-1.0,0.0,0.0,0.0,0.0,0.0
1789986002,375351318,n/a,-1.0,0.0,0.0,0.0,0.0,0.0
1789986002,398401956,n/a,-1.0,0.0,0.0,0.0,0.0,0.0
1789986002,420237955,n/a,-1.0,0.0,0.0,0.0,0.0,0.0
1789986002,437611836,n/a,-1.0,0.0,0.0,0.0,0.0,0.0
1789986002,460366670,n/a,-1.0,0.0,0.0,0.0,0.0,0.0
1789986002,477270337,n/a,-1.0,0.0,0.0,0.0,0.0,0.0
1789986002,500573317,n/a,-1.0,0.0,0.0,0.0,0.0,0.0
1789986002,518064331,n/a,-1.0,0.0,0.0,0.0,0.0,0.0
1789986002,535695078,n/a,-1.0,0.0,0.0,0.0,0.0,0.0
1789986002,558972839,n/a,-1.0,0.0,0.0,0.0,0.0,0.0
1789986002,576301552,n/a,-1.0,0.0,0.0,0.0,0.0,0.0
1789986002,599164788,n/a,-1.0,0.0,0.0,0.0,0.0,0.0
1789986002,616533006,n/a,-1.0,0.0,0.0,0.0,0.0,0.0
1789986002,640143702,n/a,-1.0,0.0,0.0,0.0,0.0,0.0
1789986002,657767483,n/a,-1.0,0.0,0.0,0.0,0.0,0.0
1789986002,675370526,n/a,-1.0,0.0,0.0,0.0,0.0,0.0
1789986002,696979426,n/a,-1.0,0.0,0.0,0.0,0.0,0.0
1789986002,715752585,n/a,-1.0,0.0,0.0,0.0,0.0,0.0
1789986002,739387617,n/a,-1.0,0.0,0.0,0.0,0.0,0.0
1789986002,756943293,n/a,-1.0,0.0,0.0,0.0,0.0,0.0
1789986002,779707008,n/a,-1.0,0.0,0.0,0.0,0.0,0.0
1789986002,796933617,n/a,-1.0,0.0,0.0,0.0,0.0,0.0
1789986002,818596963,n/a,-1.0,0.0,0.0,0.0,0.0,0.0
1789986002,836946694,n/a,-1.0,0.0,0.0,0.0,0.0,0.0
1789986002,859254427,n/a,-1.0,0.0,0.0,0.0,0.0,0.0
1789986002,876840348,n/a,-1.0,0.0,0.0,0.0,0.0,0.0
1789986002,899000570,n/a,-1.0,0.0,0.0,0.0,0.0,0.0
1789986002,919237579,n/a,-1.0,0.0,0.0,0.0,0.0,0.0
1789986002,937811855,n/a,-1.0,0.0,0.0,0.0,0.0,0.0
1789986002,959946386,n/a,-1.0,0.0,0.0,0.0,0.0,0.0
1789986002,977377441,n/a,-1.0,0.0,0.0,0.0,0.0,0.0
1789986002,995240086,n/a,-1.0,0.0,0.0,0.0,0.0,0.0
1789986003,19982412,n/a,-1.0,0.0,0.0,0.0,0.0,0.0
1789986003,37351507,n/a,-1.0,0.0,0.0,0.0,0.0,0.0
1789986003,56610688,n/a,-1.0,0.0,0.0,0.0,0.0,0.0
1789986003,75850519,n/a,-1.0,0.0,0.0,0.0,0.0,0.0
1789986003,95878931,n/a,-1.0,0.0,0.0,0.0,0.0,0.0
1789986003,121084224,n/a,-1.0,0.0,0.0,0.0,0.0,0.0
1789986003,140213997,n/a,-1.0,0.0,0.0,0.0,0.0,0.0
1789986003,156786018,n/a,-1.0,0.0,0.0,0.0,0.0,0.0
1789986003,178068043,n/a,-1.0,0.0,0.0,0.0,0.0,0.0
1789986003,198285434,n/a,-1.0,0.0,0.0,0.0,0.0,0.0
1789986003,217506779,n/a,-1.0,0.0,0.0,0.0,0.0,0.0
1789986003,237320739,n/a,-1.0,0.0,0.0,0.0,0.0,0.0
1789986003,256091425,n/a,-1.0,0.0,0.0,0.0,0.0,0.0
1789986003,275630464,n/a,-1.0,0.0,0.0,0.0,0.0,0.0
1789986003,299852319,n/a,-1.0,0.0,0.0,0.0,0.0,0.0
1789986003,318934709,n/a,-1.0,0.0,0.0,0.0,0.0,0.0
1789986003,338097401,n/a,-1.0,0.0,0.0,0.0,0.0,0.0
1789986003,356696276,n/a,-1.0,0.0,0.0,0.0,0.0,0.0
1789986003,375722714,n/a,-1.0,0.0,0.0,0.0,0.0,0.0
1789986003,395525681,n/a,-1.0,0.0,0.0,0.0,0.0,0.0
1789986003,419380105,n/a,-1.0,0.0,0.0,0.0,0.0,0.0
1789986003,438687565,n/a,-1.0,0.0,0.0,0.0,0.0,0.0
1789986003,457315278,n/a,-1.0,0.0,0.0,0.0,0.0,0.0
1789986003,476418624,n/a,0.0,0.0,0.0,0.0,0.0,0.0
1789986003,496215317,n/a,0.0,0.0,0.0,0.0,0.0,0.0
1789986003,523461446,n/a,0.0,0.0,0.0,0.0,0.0,0.0
1789986003,538525487,n/a,0.0,0.0,0.0,0.0,0.0,0.0
1789986003,557046792,n/a,0.0,0.0,0.0,0.0,0.0,0.0
1789986003,575383723,n/a,0.0,0.0,0.0,0.0,0.0,0.0
1789986003,595009001,n/a,0.0,0.0,0.0,0.0,0.0,0.0
1789986003,619407974,n/a,0.0,0.0,0.0,0.0,0.0,0.0
1789986003,638762454,n/a,0.0,0.0,0.0,0.0,0.0,0.0
1789986003,656145102,n/a,0.0,0.0,0.0,0.0,0.0,0.0
1789986003,675151226,n/a,0.0,0.0,0.0,0.0,0.0,0.0
1789986003,695406586,n/a,0.0,0.0,0.0,0.0,0.0,0.0
1789986003,721151211,n/a,0.0,0.0,0.0,0.0,0.0,0.0
1789986003,740095802,n/a,0.0,0.0,0.0,0.0,0.0,0.0
1789986003,758541780,n/a,0.0,0.0,0.0,0.0,0.0,0.0
1789986003,775918849,n/a,0.0,0.0,0.0,0.0,0.0,0.0
1789986003,795947448,n/a,0.0,0.0,0.0,0.0,0.0,0.0
1789986003,820940067,n/a,0.0,0.0,0.0,0.0,0.0,0.0
1789986003,839859209,n/a,0.0,0.0,0.0,0.0,0.0,0.0
1789986003,858044076,n/a,0.0,0.0,0.0,0.0,0.0,0.0
1789986003,876653534,n/a,0.0,0.0,0.0,0.0,0.0,0.0
1789986003,895776711,n/a,0.0,0.0,0.0,0.0,0.0,0.0
1789986003,915045659,n/a,0.0,0.0,0.0,0.0,0.0,0.0
1789986003,940688351,n/a,0.0,0.0,0.0,0.0,0.0,0.0
1789986003,958774375,n/a,0.0,0.0,0.0,0.0,0.0,0.0
1789986003,977350688,n/a,0.0,0.0,0.0,0.0,0.0,0.0
1789986003,995896498,n/a,0.0,0.0,0.0,0.0,0.0,0.0
1789986004,18617672,n/a,0.0,0.0,0.0,0.0,0.0,0.0
1789986004,38359228,n/a,0.0,0.0,0.0,0.0,0.0,0.0
1789986004,57044242,n/a,0.0,0.0,0.0,0.0,0.0,0.0
1789986004,75525759,n/a,0.0,0.0,0.0,0.0,0.0,0.0
1789986004,95303209,n/a,0.0,0.0,0.0,0.0,0.0,0.0
1789986004,120555371,n/a,0.0,0.0,0.0,0.0,0.0,0.0
1789986004,138410329,n/a,0.0,0.0,0.0,0.0,0.0,0.0
1789986004,157505056,n/a,0.0,0.0,0.0,0.0,0.0,0.0
1789986004,176179817,n/a,0.0,0.0,0.0,0.0,0.0,0.0
1789986004,196677135,n/a,0.0,0.0,0.0,0.0,0.0,0.0
1789986004,215896068,n/a,0.0,0.0,0.0,0.0,0.0,0.0
1789986004,235596766,n/a,0.0,0.0,0.0,0.0,0.0,0.0
1789986004,260464480,n/a,0.0,0.0,0.0,0.0,0.0,0.0
1789986004,280959567,n/a,0.0,0.0,0.0,0.0,0.0,0.0
1789986004,300806857,n/a,0.0,0.0,0.0,0.0,0.0,0.0
1789986004,320544503,n/a,0.0,0.0,0.0,0.0,0.0,0.0
1789986004,339905647,n/a,0.0,0.0,0.0,0.0,0.0,0.0
1789986004,359143674,n/a,0.0,0.0,0.0,0.0,0.0,0.0
1789986004,381923723,n/a,0.0,0.0,0.0,0.0,0.0,0.0
1789986004,398253654,n/a,0.0,0.0,0.0,0.0,0.0,0.0
1789986004,417819126,n/a,0.0,0.0,0.0,0.0,0.0,0.0
1789986004,437487737,n/a,0.0,0.0,0.0,0.0,0.0,0.0
1789986004,457886999,n/a,0.0,0.0,0.0,0.0,0.0,0.0
1789986004,477562002,n/a,0.0,0.0,0.0,0.0,0.0,0.0
1789986004,498000405,n/a,0.0,0.0,0.0,0.0,0.0,0.0
1789986004,515116163,n/a,0.0,0.0,0.0,0.0,0.0,0.0
1789986004,541635773,n/a,0.0,0.0,0.0,0.0,0.0,0.0
1789986004,561145318,n/a,0.0,0.0,0.0,0.0,0.0,0.0
1789986004,580664866,n/a,0.0,0.0,0.0,0.0,0.0,0.0
1789986004,601207149,n/a,0.0,0.0,0.0,0.0,0.0,0.0
1789986004,621715111,n/a,0.0,0.0,0.0,0.0,0.0,0.0
1789986004,638194533,n/a,0.0,0.0,0.0,0.0,0.0,0.0
1789986004,661254571,n/a,0.0,0.0,0.0,0.0,0.0,0.0
1789986004,681205661,n/a,0.0,0.0,0.0,0.0,0.0,0.0
1789986004,701266793,n/a,0.0,0.0,0.0,0.0,0.0,0.0
1789986004,720512662,n/a,0.0,0.0,0.0,0.0,0.0,0.0
1789986004,740829400,n/a,0.0,0.0,0.0,0.0,0.0,0.0
1789986004,761942111,n/a,0.0,0.0,0.0,0.0,0.0,0.0
1789986004,779085099,n/a,0.0,0.0,0.0,0.0,0.0,0.0
1789986004,799091068,n/a,0.0,0.0,0.0,0.0,0.0,0.0
1789986004,818437866,n/a,0.0,0.0,0.0,0.0,0.0,0.0
1789986004,838870505,n/a,0.0,0.0,0.0,0.0,0.0,0.0
1789986004,859094797,n/a,0.0,0.0,0.0,0.0,0.0,0.0
1789986004,878997093,n/a,0.0,0.0,0.0,0.0,0.0,0.0
1789986004,897714858,n/a,0.0,0.0,0.0,0.0,0.0,0.0
1789986004,919738774,n/a,0.0,0.0,0.0,0.0,0.0,0.0
1789986004,942423464,n/a,0.0,0.0,0.0,0.0,0.0,0.0
1789986004,960055336,n/a,0.0,0.0,0.0,0.0,0.0,0.0
1789986004,976939907,n/a,0.0,0.0,0.0,0.0,0.0,0.0
1789986004,998109330,n/a,0.0,0.0,0.0,0.0,0.0,0.0
1789986005,17253149,n/a,0.0,0.0,0.0,0.0,0.0,0.0
1789986005,41878328,n/a,0.0,0.0,0.0,0.0,0.0,0.0
1789986005,55469489,n/a,0.0,0.0,0.0,0.0,0.0,0.0
1789986005,75070265,n/a,0.0,0.0,0.0,0.0,0.0,0.0
1789986005,101079840,n/a,0.0,0.0,0.0,0.0,0.0,0.0
1789986005,120232518,n/a,0.0,0.0,0.0,0.0,0.0,0.0
1789986005,139609329,n/a,0.0,0.0,0.0,0.0,0.0,0.0
1789986005,165123099,n/a,0.0,0.0,0.0,0.0,0.0,0.0
1789986005,178566683,n/a,0.0,0.0,0.0,0.0,0.0,0.0
1789986005,197793942,n/a,0.0,0.0,0.0,0.0,0.0,0.0
1789986005,217001511,n/a,0.0,0.0,0.0,0.0,0.0,0.0
1789986005,236013193,n/a,0.0,0.0,0.0,0.0,0.0,0.0
1789986005,255110999,n/a,0.0,0.0,0.0,0.0,0.0,0.0
1789986005,282716067,n/a,0.0,0.0,0.0,0.0,0.0,0.0
1789986005,298162680,n/a,0.0,0.0,0.0,0.0,0.0,0.0
1789986005,316175887,n/a,0.0,0.0,0.0,0.0,0.0,0.0
1789986005,336299641,n/a,0.0,0.0,0.0,0.0,0.0,0.0
1789986005,355804780,n/a,0.0,0.0,0.0,0.0,0.0,0.0
1789986005,375386094,n/a,0.0,0.0,0.0,0.0,0.0,0.0
1789986005,400202998,n/a,0.0,0.0,0.0,0.0,0.0,0.0
1789986005,417367547,n/a,0.0,0.0,0.0,0.0,0.0,0.0
1789986005,436133899,n/a,0.0,0.0,0.0,0.0,0.0,0.0
1789986005,455322256,n/a,0.0,0.0,0.0,0.0,0.0,0.0
1789986005,475338979,n/a,0.0,0.0,0.0,0.0,0.0,0.0
1789986005,500378832,n/a,0.0,0.0,0.0,0.0,0.0,0.0
1789986005,518986075,n/a,0.0,0.0,0.0,0.0,0.0,0.0
1789986005,536349788,n/a,0.0,0.0,0.0,0.0,0.0,0.0
1789986005,555783089,n/a,0.0,0.0,0.0,0.0,0.0,0.0
1789986005,576031312,n/a,0.0,0.0,0.0,0.0,0.0,0.0
1789986005,595064777,n/a,0.0,0.0,0.0,0.0,0.0,0.0
1789986005,619470528,n/a,0.0,0.0,0.0,0.0,0.0,0.0
1789986005,638350944,n/a,0.0,0.0,0.0,0.0,0.0,0.0
1789986005,657270552,n/a,0.0,0.0,0.0,0.0,0.0,0.0
1789986005,676495153,n/a,0.0,0.0,0.0,0.0,0.0,0.0
1789986005,696402107,n/a,0.0,0.0,0.0,0.0,0.0,0.0
1789986005,715248105,n/a,0.0,0.0,0.0,0.0,0.0,0.0
1789986005,740638031,n/a,0.0,0.0,0.0,0.0,0.0,0.0
1789986005,760149412,n/a,0.0,0.0,0.0,0.0,0.0,0.0
1789986005,776937661,n/a,0.0,0.0,0.0,0.0,0.0,0.0
1789986005,797219095,n/a,0.0,0.0,0.0,0.0,0.0,0.0
1789986005,816595989,n/a,0.0,0.0,0.0,0.0,0.0,0.0
1789986005,836109810,n/a,0.0,0.0,0.0,0.0,0.0,0.0
1789986005,855739468,n/a,0.0,0.0,0.0,0.0,0.0,0.0
1789986005,874920165,n/a,0.0,0.0,0.0,0.0,0.0,0.0
1789986005,904010593,n/a,0.0,0.0,0.0,0.0,0.0,0.0
1789986005,916881512,n/a,0.0,0.0,0.0,0.0,0.0,0.0
1789986005,936615087,n/a,0.0,0.0,0.0,0.0,0.0,0.0
1789986005,955993296,n/a,0.0,0.0,0.0,0.0,0.0,0.0
1789986005,975405727,n/a,-0.75,0.0,0.0,0.0,0.0,0.0
1789986006,14249,n/a,-0.75,0.0,0.0,0.0,0.0,0.0
1789986006,24169209,n/a,-0.75,0.0,0.0,0.0,0.0,0.0
1789986006,37804780,n/a,-0.75,0.0,0.0,0.0,0.0,0.0
1789986006,57294844,n/a,-0.75,0.0,0.0,0.0,0.0,0.0
1789986006,76841596,n/a,-0.75,0.0,0.0,0.0,0.0,0.0
1789986006,95708493,n/a,-0.75,0.0,0.0,0.0,0.0,0.0
1789986006,121085336,n/a,-0.75,0.0,0.0,0.0,0.0,0.0
1789986006,142320181,n/a,-0.75,0.0,0.0,0.0,0.0,0.0
1789986006,158937367,n/a,-0.75,0.0,0.0,0.0,0.0,0.0
1789986006,178165068,n/a,-0.75,0.0,0.0,0.0,0.0,0.0
1789986006,197050711,n/a,-0.75,0.0,0.0,0.0,0.0,0.0
1789986006,216140892,n/a,-0.75,0.0,0.0,0.0,0.0,0.0
1789986006,235408888,n/a,-0.75,0.0,0.0,0.0,0.0,0.0
1789986006,255092886,n/a,-0.75,0.0,0.0,0.0,0.0,0.0
1789986006,278693495,n/a,-0.75,0.0,0.0,0.0,0.0,0.0
1789986006,298391309,n/a,-0.75,0.0,0.0,0.0,0.0,0.0
1789986006,317529763,n/a,-0.75,0.0,0.0,0.0,0.0,0.0
1789986006,337159660,n/a,-0.75,0.0,0.0,0.0,0.0,0.0
1789986006,356625888,n/a,-0.75,0.0,0.0,0.0,0.0,0.0
1789986006,375811188,n/a,-0.75,0.0,0.0,0.0,0.0,0.0
1789986006,399223821,n/a,-0.75,0.0,0.0,0.0,0.0,0.0
1789986006,418298527,n/a,-0.75,0.0,0.0,0.0,0.0,0.0
1789986006,437186647,n/a,-0.75,0.0,0.0,0.0,0.0,0.0
1789986006,456578502,n/a,-0.75,0.0,0.0,0.0,0.0,0.0
1789986006,475161178,n/a,-0.75,0.0,0.0,0.0,0.0,0.0
1789986006,499437263,n/a,-0.75,0.0,0.0,0.0,0.0,0.0
1789986006,516040920,n/a,-0.75,0.0,0.0,0.0,0.0,0.0
1789986006,535596375,n/a,-0.75,0.0,0.0,0.0,0.0,0.0
1789986006,555044667,n/a,-0.75,0.0,0.0,0.0,0.0,0.0
1789986006,580715113,n/a,-0.75,0.0,0.0,0.0,0.0,0.0
1789986006,599038066,n/a,-0.75,0.0,0.0,0.0,0.0,0.0
1789986006,617279577,n/a,-0.75,0.0,0.0,0.0,0.0,0.0
1789986006,641253926,n/a,-0.75,0.0,0.0,0.0,0.0,0.0
1789986006,661551461,n/a,-0.75,0.0,0.0,0.0,0.0,0.0
1789986006,680832312,n/a,-0.75,0.0,0.0,0.0,0.0,0.0
1789986006,699033061,n/a,-0.75,0.0,0.0,0.0,0.0,0.0
1789986006,719062533,n/a,-0.75,0.0,0.0,0.0,0.0,0.0
1789986006,737902660,n/a,-0.75,0.0,0.0,0.0,0.0,0.0
1789986006,761323051,n/a,-0.75,0.0,0.0,0.0,0.0,0.0
1789986006,780597680,n/a,-0.75,0.0,0.0,0.0,0.0,0.0
1789986006,799417131,n/a,-0.75,0.0,0.0,0.0,0.0,0.0
1789986006,819157751,n/a,-0.75,0.0,0.0,0.0,0.0,0.0
1789986006,838601854,n/a,-0.75,0.0,0.0,0.0,0.0,0.0
1789986006,857134245,n/a,-0.75,0.0,0.0,0.0,0.0,0.0
1789986006,879254492,n/a,-0.75,0.0,0.0,0.0,0.0,0.0
1789986006,898537625,n/a,-0.75,0.0,0.0,0.0,0.0,0.0
1789986006,918363036,n/a,-0.75,0.0,0.0,0.0,0.0,0.0
1789986006,937812140,n/a,-0.75,0.0,0.0,0.0,0.0,0.0
1789986006,956374573,n/a,-0.75,0.0,0.0,0.0,0.0,0.0
1789986006,980532591,n/a,-0.75,0.0,0.0,0.0,0.0,0.0
1789986006,995257845,n/a,-0.75,0.0,0.0,0.0,0.0,0.0
1789986007,18933914,n/a,-0.75,0.0,0.0,0.0,0.0,0.0
1789986007,38381204,n/a,-0.75,0.0,0.0,0.0,0.0,0.0
1789986007,56887139,n/a,-0.75,0.0,0.0,0.0,0.0,0.0
1789986007,74962849,n/a,-0.75,0.0,0.0,0.0,0.0,0.0
1789986007,98518481,n/a,-0.75,0.0,0.0,0.0,0.0,0.0
1789986007,120396591,n/a,-0.75,0.0,0.0,0.0,0.0,0.0
1789986007,138650966,n/a,-0.75,0.0,0.0,0.0,0.0,0.0
1789986007,155077846,n/a,-0.75,0.0,0.0,0.0,0.0,0.0
1789986007,176526380,n/a,-0.75,0.0,0.0,0.0,0.0,0.0
1789986007,197599770,n/a,-0.75,0.0,0.0,0.0,0.0,0.0
1789986007,221456529,n/a,-0.75,0.0,0.0,0.0,0.0,0.0
1789986007,235077416,n/a,-0.75,0.0,0.0,0.0,0.0,0.0
1789986007,257993611,n/a,-0.75,0.0,0.0,0.0,0.0,0.0
1789986007,279650485,n/a,-0.75,0.0,0.0,0.0,0.0,0.0
1789986007,295936579,n/a,-0.75,0.0,0.0,0.0,0.0,0.0
1789986007,318025808,n/a,-0.75,0.0,0.0,0.0,0.0,0.0
1789986007,339204364,n/a,-0.75,0.0,0.0,0.0,0.0,0.0
1789986007,355626976,n/a,-0.75,0.0,0.0,0.0,0.0,0.0
1789986007,378021871,n/a,-0.75,0.0,0.0,0.0,0.0,0.0
1789986007,399218031,n/a,-0.75,0.0,0.0,0.0,0.0,0.0
1789986007,415853005,n/a,-0.75,0.0,0.0,0.0,0.0,0.0
1789986007,441746739,n/a,-0.75,0.0,0.0,0.0,0.0,0.0
1789986007,457752205,n/a,-0.75,0.0,0.0,0.0,0.0,0.0
1789986007,480148118,n/a,-0.75,0.0,0.0,0.0,0.0,0.0
1789986007,496477808,n/a,-0.75,0.0,0.0,0.0,0.0,0.0
1789986007,518609797,n/a,-0.75,0.0,0.0,0.0,0.0,0.0
1789986007,535413118,n/a,-0.75,0.0,0.0,0.0,0.0,0.0
1789986007,560247232,n/a,-0.75,0.0,0.0,0.0,0.0,0.0
1789986007,576246617,n/a,-0.75,0.0,0.0,0.0,0.0,0.0
1789986007,597282277,n/a,-0.75,0.0,0.0,0.0,0.0,0.0
1789986007,618679826,n/a,-0.75,0.0,0.0,0.0,0.0,0.0
1789986007,635283578,n/a,-0.75,0.0,0.0,0.0,0.0,0.0
1789986007,655672095,n/a,-0.75,0.0,0.0,0.0,0.0,0.0
1789986007,677417600,n/a,-0.75,0.0,0.0,0.0,0.0,0.0
1789986007,698743994,n/a,-0.75,0.0,0.0,0.0,0.0,0.0
1789986007,715480195,n/a,-0.75,0.0,0.0,0.0,0.0,0.0
1789986007,737740084,n/a,-0.75,0.0,0.0,0.0,0.0,0.0
1789986007,758105535,n/a,-0.75,0.0,0.0,0.0,0.0,0.0
1789986007,779278513,n/a,-0.75,0.0,0.0,0.0,0.0,0.0
1789986007,795271242,n/a,-0.75,0.0,0.0,0.0,0.0,0.0
1789986007,817930885,n/a,-0.75,0.0,0.0,0.0,0.0,0.0
1789986007,834976408,n/a,-0.75,0.0,0.0,0.0,0.0,0.0
1789986007,856668032,n/a,-0.75,0.0,0.0,0.0,0.0,0.0
1789986007,879008515,n/a,-0.75,0.0,0.0,0.0,0.0,0.0
1789986007,895432916,n/a,-0.75,0.0,0.0,0.0,0.0,0.0
1789986007,917506423,n/a,-0.75,0.0,0.0,0.0,0.0,0.0
1789986007,939572573,n/a,-0.75,0.0,0.0,0.0,0.0,0.0
1789986007,960451556,n/a,-0.75,0.0,0.0,0.0,0.0,0.0
1789986007,978825588,n/a,-0.75,0.0,0.0,0.0,0.0,0.0
1789986007,997948452,n/a,-0.75,0.0,0.0,0.0,0.0,0.0
1789986008,17257785,n/a,-0.75,0.0,0.0,0.0,0.0,0.0
1789986008,35381756,n/a,-0.75,0.0,0.0,0.0,0.0,0.0
1789986008,57948194,n/a,-0.75,0.0,0.0,0.0,0.0,0.0
1789986008,85235730,n/a,-0.75,0.0,0.0,0.0,0.0,0.0
1789986008,97057859,n/a,-0.75,0.0,0.0,0.0,0.0,0.0
1789986008,119849509,n/a,-0.75,0.0,0.0,0.0,0.0,0.0
1789986008,137494331,n/a,-0.75,0.0,0.0,0.0,0.0,0.0
1789986008,159118096,n/a,-0.75,0.0,0.0,0.0,0.0,0.0
1789986008,175439148,n/a,-0.75,0.0,0.0,0.0,0.0,0.0
1789986008,196313039,n/a,-0.75,0.0,0.0,0.0,0.0,0.0
1789986008,220053537,n/a,-0.75,0.0,0.0,0.0,0.0,0.0
1789986008,237342750,n/a,-0.75,0.0,0.0,0.0,0.0,0.0
1789986008,255171038,n/a,-0.75,0.0,0.0,0.0,0.0,0.0
1789986008,277662929,n/a,-0.75,0.0,0.0,0.0,0.0,0.0
1789986008,303627861,n/a,-0.75,0.0,0.0,0.0,0.0,0.0
1789986008,320827458,n/a,-0.75,0.0,0.0,0.0,0.0,0.0
1789986008,337448232,n/a,-0.75,0.0,0.0,0.0,0.0,0.0
1789986008,359314589,n/a,-0.75,0.0,0.0,0.0,0.0,0.0
1789986008,376187269,n/a,-0.75,0.0,0.0,0.0,0.0,0.0
1789986008,397652173,n/a,-0.75,0.0,0.0,0.0,0.0,0.0
1789986008,418399700,n/a,-0.75,0.0,0.0,0.0,0.0,0.0
1789986008,436151383,n/a,-0.75,0.0,0.0,0.0,0.0,0.0
1789986008,458949742,n/a,-0.75,0.0,0.0,0.0,0.0,0.0
1789986008,475651156,n/a,-0.75,0.0,0.0,0.0,0.0,0.0
1789986008,497269876,n/a,-0.75,0.0,0.0,0.0,0.0,0.0
1789986008,517614393,n/a,-0.75,0.0,0.0,0.0,0.0,0.0
1789986008,534985607,n/a,-0.75,0.0,0.0,0.0,0.0,0.0
1789986008,557916554,n/a,-0.75,0.0,0.0,0.0,0.0,0.0
1789986008,574997548,n/a,-0.75,0.0,0.0,0.0,0.0,0.0
1789986008,596680843,n/a,-0.75,0.0,0.0,0.0,0.0,0.0
1789986008,623363175,n/a,-0.75,0.0,0.0,0.0,0.0,0.0
1789986008,634913011,n/a,-0.75,0.0,0.0,0.0,0.0,0.0
1789986008,657281334,n/a,-0.75,0.0,0.0,0.0,0.0,0.0
1789986008,679503657,n/a,-0.75,0.0,0.0,0.0,0.0,0.0
1789986008,696055677,n/a,-0.75,0.0,0.0,0.0,0.0,0.0
1789986008,717844577,n/a,-0.75,0.0,0.0,0.0,0.0,0.0
1789986008,740198170,n/a,-0.75,0.0,0.0,0.0,0.0,0.0
1789986008,756792233,n/a,-0.75,0.0,0.0,0.0,0.0,0.0
1789986008,778628941,n/a,-0.75,0.0,0.0,0.0,0.0,0.0
1789986008,795129729,n/a,-0.75,0.0,0.0,0.0,0.0,0.0
1789986008,817488172,n/a,-0.75,0.0,0.0,0.0,0.0,0.0
1789986008,838827489,n/a,-0.75,0.0,0.0,0.0,0.0,0.0
1789986008,855479433,n/a,-0.75,0.0,0.0,0.0,0.0,0.0
1789986008,877280102,n/a,-0.75,0.0,0.0,0.0,0.0,0.0
1789986008,899062373,n/a,-0.75,0.0,0.0,0.0,0.0,0.0
1789986008,915050569,n/a,-0.75,0.0,0.0,0.0,0.0,0.0
1789986008,940885997,n/a,-0.75,0.0,0.0,0.0,0.0,0.0
1789986008,959205746,n/a,-0.75,0.0,0.0,0.0,0.0,0.0
1789986008,975958648,n/a,0.0,0.0,0.0,0.0,0.0,0.0
1789986008,997886871,n/a,0.0,0.0,0.0,0.0,0.0,0.0
1789986009,19832071,n/a,0.0,0.0,0.0,0.0,0.0,0.0
1789986009,36268962,n/a,0.0,0.0,0.0,0.0,0.0,0.0
1789986009,56622855,n/a,0.0,0.0,0.0,0.0,0.0,0.0
1789986009,78477515,n/a,0.0,0.0,0.0,0.0,0.0,0.0
1789986009,99834676,n/a,0.0,0.0,0.0,0.0,0.0,0.0
1789986009,115977623,n/a,0.0,0.0,0.0,0.0,0.0,0.0
1789986009,138756714,n/a,0.0,0.0,0.0,0.0,0.0,0.0
1789986009,160080731,n/a,0.0,0.0,0.0,0.0,0.0,0.0
1789986009,177031063,n/a,0.0,0.0,0.0,0.0,0.0,0.0
1789986009,198478703,n/a,0.0,0.0,0.0,0.0,0.0,0.0
1789986009,220502160,n/a,0.0,0.0,0.0,0.0,0.0,0.0
1789986009,238197400,n/a,0.0,0.0,0.0,0.0,0.0,0.0
1789986009,255501643,n/a,0.0,0.0,0.0,0.0,0.0,0.0
1789986009,275667786,n/a,0.0,0.0,0.0,0.0,0.0,0.0
1789986009,298735548,n/a,0.0,0.0,0.0,0.0,0.0,0.0
1789986009,315170479,n/a,0.0,0.0,0.0,0.0,0.0,0.0
1789986009,337074284,n/a,0.0,0.0,0.0,0.0,0.0,0.0
1789986009,359974700,n/a,0.0,0.0,0.0,0.0,0.0,0.0
1789986009,375933939,n/a,0.0,0.0,0.0,0.0,0.0,0.0
1789986009,397920334,n/a,0.0,0.0,0.0,0.0,0.0,0.0
1789986009,415348929,n/a,0.0,0.0,0.0,0.0,0.0,0.0
1789986009,438215063,n/a,0.0,0.0,0.0,0.0,0.0,0.0
1789986009,458643439,n/a,0.0,0.0,0.0,0.0,0.0,0.0
1789986009,476206766,n/a,0.0,0.0,0.0,0.0,0.0,0.0
1789986009,496235781,n/a,0.0,0.0,0.0,0.0,0.0,0.0
1789986009,518103649,n/a,0.0,0.0,0.0,0.0,0.0,0.0
1789986009,535124099,n/a,0.0,0.0,0.0,0.0,0.0,0.0
1789986009,557435445,n/a,0.0,0.0,0.0,0.0,0.0,0.0
1789986009,579166760,n/a,0.0,0.0,0.0,0.0,0.0,0.0
1789986009,600149519,n/a,0.0,0.0,0.0,0.0,0.0,0.0
1789986009,616408859,n/a,0.0,0.0,0.0,0.0,0.0,0.0
1789986009,639469343,n/a,0.0,0.0,0.0,0.0,0.0,0.0
1789986009,656419708,n/a,0.0,0.0,0.0,0.0,0.0,0.0
1789986009,678643867,n/a,0.0,0.0,0.0,0.0,0.0,0.0
1789986009,699354417,n/a,0.0,0.0,0.0,0.0,0.0,0.0
1789986009,716138389,n/a,0.0,0.0,0.0,0.0,0.0,0.0
1789986009,740050640,n/a,0.0,0.0,0.0,0.0,0.0,0.0
1789986009,757418951,n/a,0.0,0.0,0.0,0.0,0.0,0.0
1789986009,779464384,n/a,0.0,0.0,0.0,0.0,0.0,0.0
1789986009,795434360,n/a,0.0,0.0,0.0,0.0,0.0,0.0
1789986009,815712008,n/a,0.0,0.0,0.0,0.0,0.0,0.0
1789986009,838146580,n/a,0.0,0.0,0.0,0.0,0.0,0.0
1789986009,855318757,n/a,0.0,0.0,0.0,0.0,0.0,0.0
1789986009,877654622,n/a,0.0,0.0,0.0,0.0,0.0,0.0
1789986009,899783380,n/a,0.0,0.0,0.0,0.0,0.0,0.0
1789986009,915366613,n/a,0.0,0.0,0.0,0.0,0.0,0.0
1789986009,938407123,n/a,0.0,0.0,0.0,0.0,0.0,0.0
1789986009,955857004,n/a,0.0,0.0,0.0,0.0,0.0,0.0
1789986009,977844787,n/a,0.0,0.0,0.0,0.0,0.0,0.0
1789986009,999001945,n/a,0.0,0.0,0.0,0.0,0.0,0.0
1789986010,19295362,n/a,0.0,0.0,0.0,0.0,0.0,0.0
1789986010,37222923,n/a,0.0,0.0,0.0,0.0,0.0,0.0
1789986010,55405688,n/a,0.0,0.0,0.0,0.0,0.0,0.0
1789986010,77033531,n/a,0.0,0.0,0.0,0.0,0.0,0.0
1789986010,97929141,n/a,0.0,0.0,0.0,0.0,0.0,0.0
1789986010,121774211,n/a,0.0,0.0,0.0,0.0,0.0,0.0
1789986010,140618959,n/a,0.0,0.0,0.0,0.0,0.0,0.0
1789986010,157958333,n/a,0.0,0.0,0.0,0.0,0.0,0.0
1789986010,179661260,n/a,0.0,0.0,0.0,0.0,0.0,0.0
1789986010,195312324,n/a,0.0,0.0,0.0,0.0,0.0,0.0
1789986010,215681169,n/a,0.0,0.0,0.0,0.0,0.0,0.0
1789986010,235349680,n/a,0.0,0.0,0.0,0.0,0.0,0.0
1789986010,259228716,n/a,0.0,0.0,0.0,0.0,0.0,0.0
1789986010,275780275,n/a,0.0,0.0,0.0,0.0,0.0,0.0
1789986010,297994814,n/a,0.0,0.0,0.0,0.0,0.0,0.0
1789986010,319599774,n/a,0.0,0.0,0.0,0.0,0.0,0.0
1789986010,340482370,n/a,0.0,0.0,0.0,0.0,0.0,0.0
1789986010,356858796,n/a,0.0,0.0,0.0,0.0,0.0,0.0
1789986010,379006975,n/a,0.0,0.0,0.0,0.0,0.0,0.0
1789986010,395410777,n/a,0.0,0.0,0.0,0.0,0.0,0.0
1789986010,417046307,n/a,0.0,0.0,0.0,0.0,0.0,0.0
1789986010,443584461,n/a,0.0,0.0,0.0,0.0,0.0,0.0
1789986010,459783695,n/a,0.0,0.0,0.0,0.0,0.0,0.0
1789986010,476163058,n/a,0.0,0.0,0.0,0.0,0.0,0.0
1789986010,498147813,n/a,0.0,0.0,0.0,0.0,0.0,0.0
1789986010,520183084,n/a,0.0,0.0,0.0,0.0,0.0,0.0
1789986010,536235683,n/a,0.0,0.0,0.0,0.0,0.0,0.0
1789986010,556139448,n/a,0.0,0.0,0.0,0.0,0.0,0.0
1789986010,577900688,n/a,0.0,0.0,0.0,0.0,0.0,0.0
1789986010,599497097,n/a,0.0,0.0,0.0,0.0,0.0,0.0
1789986010,616440498,n/a,0.0,0.0,0.0,0.0,0.0,0.0
1789986010,638802181,n/a,0.0,0.0,0.0,0.0,0.0,0.0
1789986010,659269619,n/a,0.0,0.0,0.0,0.0,0.0,0.0
1789986010,675800476,n/a,0.0,0.0,0.0,0.0,0.0,0.0
1789986010,698109121,n/a,0.0,0.0,0.0,0.0,0.0,0.0
1789986010,715289475,n/a,0.0,0.0,0.0,0.0,0.0,0.0
1789986010,739976066,n/a,0.0,0.0,0.0,0.0,0.0,0.0
1789986010,761011461,n/a,0.0,0.0,0.0,0.0,0.0,0.0
1789986010,778065869,n/a,0.0,0.0,0.0,0.0,0.0,0.0
1789986010,801275339,n/a,0.0,0.0,0.0,0.0,0.0,0.0
1789986010,818101753,n/a,0.0,0.0,0.0,0.0,0.0,0.0
1789986010,835049453,n/a,0.0,0.0,0.0,0.0,0.0,0.0
1789986010,858746429,n/a,0.0,0.0,0.0,0.0,0.0,0.0
1789986010,875453900,n/a,0.0,0.0,0.0,0.0,0.0,0.0
1789986010,898253788,n/a,0.0,0.0,0.0,0.0,0.0,0.0
1789986010,915220419,n/a,0.0,0.0,0.0,0.0,0.0,0.0
1789986010,937534474,n/a,0.0,0.0,0.0,0.0,0.0,0.0
1789986010,960068427,n/a,0.0,0.0,0.0,0.0,0.0,0.0
1789986010,981309334,n/a,0.0,0.0,0.0,0.0,0.0,0.0
1789986010,997745041,n/a,0.0,0.0,0.0,0.0,0.0,0.0
1789986011,19678901,n/a,0.0,0.0,0.0,0.0,0.0,0.0
1789986011,36598117,n/a,0.0,0.0,0.0,0.0,0.0,0.0
1789986011,58178298,n/a,0.0,0.0,0.0,0.0,0.0,0.0
1789986011,84889937,n/a,0.0,0.0,0.0,0.0,0.0,0.0
1789986011,96962974,n/a,0.0,0.0,0.0,0.0,0.0,0.0
1789986011,118866341,n/a,0.0,0.0,0.0,0.0,0.0,0.0
1789986011,135586208,n/a,0.0,0.0,0.0,0.0,0.0,0.0
1789986011,157695731,n/a,0.0,0.0,0.0,0.0,0.0,0.0
1789986011,178844834,n/a,0.0,0.0,0.0,0.0,0.0,0.0
1789986011,199629547,n/a,0.0,0.0,0.0,0.0,0.0,0.0
1789986011,215871785,n/a,0.0,0.0,0.0,0.0,0.0,0.0
1789986011,237741153,n/a,0.0,0.0,0.0,0.0,0.0,0.0
1789986011,259135851,n/a,0.0,0.0,0.0,0.0,0.0,0.0
1789986011,275333431,n/a,0.0,0.0,0.0,0.0,0.0,0.0
1789986011,295942154,n/a,0.0,0.0,0.0,0.0,0.0,0.0
1789986011,318621128,n/a,0.0,0.0,0.0,0.0,0.0,0.0
1789986011,336214891,n/a,0.0,0.0,0.0,0.0,0.0,0.0
1789986011,357637070,n/a,0.0,0.0,0.0,0.0,0.0,0.0
1789986011,379703507,n/a,0.0,0.0,0.0,0.0,0.0,0.0
1789986011,398650499,n/a,0.0,0.0,0.0,0.0,0.0,0.0
1789986011,419856880,n/a,0.0,0.0,0.0,0.0,0.0,0.0
1789986011,437166675,n/a,0.0,0.0,0.0,0.0,0.0,0.0
1789986011,459600623,n/a,0.0,0.0,0.0,0.0,0.0,0.0
1789986011,475818840,n/a,0.5,0.0,0.0,0.0,0.0,0.0
1789986011,496697148,n/a,0.5,0.0,0.0,0.0,0.0,0.0
1789986011,517014634,n/a,0.5,0.0,0.0,0.0,0.0,0.0
1789986011,538799552,n/a,0.5,0.0,0.0,0.0,0.0,0.0
1789986011,560759350,n/a,0.5,0.0,0.0,0.0,0.0,0.0
1789986011,577363337,n/a,0.5,0.0,0.0,0.0,0.0,0.0
1789986011,598942427,n/a,0.5,0.0,0.0,0.0,0.0,0.0
1789986011,619750485,n/a,0.5,0.0,0.0,0.0,0.0,0.0
1789986011,636773920,n/a,0.5,0.0,0.0,0.0,0.0,0.0
1789986011,658702013,n/a,0.5,0.0,0.0,0.0,0.0,0.0
1789986011,680902225,n/a,0.5,0.0,0.0,0.0,0.0,0.0
1789986011,697621703,n/a,0.5,0.0,0.0,0.0,0.0,0.0
1789986011,723358538,n/a,0.5,0.0,0.0,0.0,0.0,0.0
1789986011,740251277,n/a,0.5,0.0,0.0,0.0,0.0,0.0
1789986011,756399174,n/a,0.5,0.0,0.0,0.0,0.0,0.0
1789986011,777638191,n/a,0.5,0.0,0.0,0.0,0.0,0.0
1789986011,799576947,n/a,0.5,0.0,0.0,0.0,0.0,0.0
1789986011,815687883,n/a,0.5,0.0,0.0,0.0,0.0,0.0
1789986011,836477229,n/a,0.5,0.0,0.0,0.0,0.0,0.0
1789986011,858010131,n/a,0.5,0.0,0.0,0.0,0.0,0.0
1789986011,879195441,n/a,0.5,0.0,0.0,0.0,0.0,0.0
1789986011,900001154,n/a,0.5,0.0,0.0,0.0,0.0,0.0
1789986011,915630543,n/a,0.5,0.0,0.0,0.0,0.0,0.0
1789986011,935495061,n/a,0.5,0.0,0.0,0.0,0.0,0.0
1789986011,957032701,n/a,0.5,0.0,0.0,0.0,0.0,0.0
1789986011,978238696,n/a,0.5,0.0,0.0,0.0,0.0,0.0
1789986011,999403035,n/a,0.5,0.0,0.0,0.0,0.0,0.0
1789986012,15425251,n/a,0.5,0.0,0.0,0.0,0.0,0.0
1789986012,36795509,n/a,0.5,0.0,0.0,0.0,0.0,0.0
1789986012,59103482,n/a,0.5,0.0,0.0,0.0,0.0,0.0
1789986012,75194911,n/a,0.5,0.0,0.0,0.0,0.0,0.0
1789986012,96566488,n/a,0.5,0.0,0.0,0.0,0.0,0.0
1789986012,117670516,n/a,0.5,0.0,0.0,0.0,0.0,0.0
1789986012,140020464,n/a,0.5,0.0,0.0,0.0,0.0,0.0
1789986012,155300874,n/a,0.5,0.0,0.0,0.0,0.0,0.0
1789986012,178340231,n/a,0.5,0.0,0.0,0.0,0.0,0.0
1789986012,199894748,n/a,0.5,0.0,0.0,0.0,0.0,0.0
1789986012,215518873,n/a,0.5,0.0,0.0,0.0,0.0,0.0
1789986012,236282797,n/a,0.5,0.0,0.0,0.0,0.0,0.0
1789986012,256215042,n/a,0.5,0.0,0.0,0.0,0.0,0.0
1789986012,278106240,n/a,0.5,0.0,0.0,0.0,0.0,0.0
1789986012,300030907,n/a,0.5,0.0,0.0,0.0,0.0,0.0
1789986012,316030658,n/a,0.5,0.0,0.0,0.0,0.0,0.0
1789986012,336654913,n/a,0.5,0.0,0.0,0.0,0.0,0.0
1789986012,356501491,n/a,0.5,0.0,0.0,0.0,0.0,0.0
1789986012,378008814,n/a,0.5,0.0,0.0,0.0,0.0,0.0
1789986012,400007136,n/a,0.5,0.0,0.0,0.0,0.0,0.0
1789986012,416086142,n/a,0.5,0.0,0.0,0.0,0.0,0.0
1789986012,436959400,n/a,0.5,0.0,0.0,0.0,0.0,0.0
1789986012,456764991,n/a,0.5,0.0,0.0,0.0,0.0,0.0
1789986012,478247608,n/a,0.5,0.0,0.0,0.0,0.0,0.0
1789986012,499643233,n/a,0.5,0.0,0.0,0.0,0.0,0.0
1789986012,515342241,n/a,0.5,0.0,0.0,0.0,0.0,0.0
1789986012,537412771,n/a,0.5,0.0,0.0,0.0,0.0,0.0
1789986012,557505328,n/a,0.5,0.0,0.0,0.0,0.0,0.0
1789986012,579273988,n/a,0.5,0.0,0.0,0.0,0.0,0.0
1789986012,595408254,n/a,0.5,0.0,0.0,0.0,0.0,0.0
1789986012,616162149,n/a,0.5,0.0,0.0,0.0,0.0,0.0
1789986012,637539704,n/a,0.5,0.0,0.0,0.0,0.0,0.0
1789986012,659215887,n/a,0.5,0.0,0.0,0.0,0.0,0.0
1789986012,675643624,n/a,0.5,0.0,0.0,0.0,0.0,0.0
1789986012,697754302,n/a,0.5,0.0,0.0,0.0,0.0,0.0
1789986012,719649821,n/a,0.5,0.0,0.0,0.0,0.0,0.0
1789986012,735784245,n/a,0.5,0.0,0.0,0.0,0.0,0.0
1789986012,761835817,n/a,0.5,0.0,0.0,0.0,0.0,0.0
1789986012,779538109,n/a,0.5,0.0,0.0,0.0,0.0,0.0
1789986012,796141408,n/a,0.5,0.0,0.0,0.0,0.0,0.0
1789986012,816854523,n/a,0.5,0.0,0.0,0.0,0.0,0.0
1789986012,838413872,n/a,0.5,0.0,0.0,0.0,0.0,0.0
1789986012,860741002,n/a,0.5,0.0,0.0,0.0,0.0,0.0
1789986012,880616530,n/a,0.5,0.0,0.0,0.0,0.0,0.0
1789986012,897398102,n/a,0.5,0.0,0.0,0.0,0.0,0.0
1789986012,919140309,n/a,0.5,0.0,0.0,0.0,0.0,0.0
1789986012,935228727,n/a,0.5,0.0,0.0,0.0,0.0,0.0
1789986012,956111320,n/a,0.5,0.0,0.0,0.0,0.0,0.0
1789986012,975860038,n/a,0.5,0.0,0.0,0.0,0.0,0.0
1789986012,998042908,n/a,0.5,0.0,0.0,0.0,0.0,0.0
1789986013,20383878,n/a,0.5,0.0,0.0,0.0,0.0,0.0
1789986013,36636275,n/a,0.5,0.0,0.0,0.0,0.0,0.0
1789986013,57470910,n/a,0.5,0.0,0.0,0.0,0.0,0.0
1789986013,77114887,n/a,0.5,0.0,0.0,0.0,0.0,0.0
1789986013,98718848,n/a,0.5,0.0,0.0,0.0,0.0,0.0
1789986013,120797280,n/a,0.5,0.0,0.0,0.0,0.0,0.0
1789986013,137166999,n/a,0.5,0.0,0.0,0.0,0.0,0.0
1789986013,158512487,n/a,0.5,0.0,0.0,0.0,0.0,0.0
1789986013,178225898,n/a,0.5,0.0,0.0,0.0,0.0,0.0
1789986013,199788670,n/a,0.5,0.0,0.0,0.0,0.0,0.0
1789986013,215068393,n/a,0.5,0.0,0.0,0.0,0.0,0.0
1789986013,236326103,n/a,0.5,0.0,0.0,0.0,0.0,0.0
1789986013,257903882,n/a,0.5,0.0,0.0,0.0,0.0,0.0
1789986013,276850819,n/a,0.5,0.0,0.0,0.0,0.0,0.0
1789986013,299649430,n/a,0.5,0.0,0.0,0.0,0.0,0.0
1789986013,315999107,n/a,0.5,0.0,0.0,0.0,0.0,0.0
1789986013,338035986,n/a,0.5,0.0,0.0,0.0,0.0,0.0
1789986013,359760285,n/a,0.5,0.0,0.0,0.0,0.0,0.0
1789986013,377693369,n/a,0.5,0.0,0.0,0.0,0.0,0.0
1789986013,397302395,n/a,0.5,0.0,0.0,0.0,0.0,0.0
1789986013,418630083,n/a,0.5,0.0,0.0,0.0,0.0,0.0
1789986013,435554377,n/a,0.5,0.0,0.0,0.0,0.0,0.0
1789986013,458396829,n/a,0.5,0.0,0.0,0.0,0.0,0.0
1789986013,476482153,n/a,0.5,0.0,0.0,0.0,0.0,0.0
1789986013,500202008,n/a,0.5,0.0,0.0,0.0,0.0,0.0
1789986013,516636920,n/a,0.5,0.0,0.0,0.0,0.0,0.0
1789986013,538551688,n/a,0.5,0.0,0.0,0.0,0.0,0.0
1789986013,555409241,n/a,0.5,0.0,0.0,0.0,0.0,0.0
1789986013,577330315,n/a,0.5,0.0,0.0,0.0,0.0,0.0
1789986013,595868656,n/a,0.5,0.0,0.0,0.0,0.0,0.0
1789986013,616125126,n/a,0.5,0.0,0.0,0.0,0.0,0.0
1789986013,639069688,n/a,0.5,0.0,0.0,0.0,0.0,0.0
1789986013,655840908,n/a,0.5,0.0,0.0,0.0,0.0,0.0
1789986013,678036308,n/a,0.5,0.0,0.0,0.0,0.0,0.0
1789986013,695115137,n/a,0.5,0.0,0.0,0.0,0.0,0.0
1789986013,717120596,n/a,0.5,0.0,0.0,0.0,0.0,0.0
1789986013,740833507,n/a,0.5,0.0,0.0,0.0,0.0,0.0
1789986013,758174843,n/a,0.5,0.0,0.0,0.0,0.0,0.0
1789986013,775050385,n/a,0.5,0.0,0.0,0.0,0.0,0.0
1789986013,796440968,n/a,0.5,0.0,0.0,0.0,0.0,0.0
1789986013,815495701,n/a,0.5,0.0,0.0,0.0,0.0,0.0
1789986013,839945183,n/a,0.5,0.0,0.0,0.0,0.0,0.0
1789986013,857352429,n/a,0.5,0.0,0.0,0.0,0.0,0.0
1789986013,879875470,n/a,0.5,0.0,0.0,0.0,0.0,0.0
1789986013,898119451,n/a,0.5,0.0,0.0,0.0,0.0,0.0
1789986013,921233490,n/a,0.5,0.0,0.0,0.0,0.0,0.0
1789986013,936614949,n/a,0.5,0.0,0.0,0.0,0.0,0.0
1789986013,959559029,n/a,0.5,0.0,0.0,0.0,0.0,0.0
1789986013,976788908,n/a,0.5,0.0,0.0,0.0,0.0,0.0
1789986013,998835001,n/a,0.5,0.0,0.0,0.0,0.0,0.0
1789986014,15060895,n/a,0.5,0.0,0.0,0.0,0.0,0.0
1789986014,36007376,n/a,0.5,0.0,0.0,0.0,0.0,0.0
1789986014,58394488,n/a,0.5,0.0,0.0,0.0,0.0,0.0
1789986014,80087583,n/a,0.5,0.0,0.0,0.0,0.0,0.0
1789986014,96659313,n/a,0.5,0.0,0.0,0.0,0.0,0.0
1789986014,117832801,n/a,0.5,0.0,0.0,0.0,0.0,0.0
1789986014,135622246,n/a,0.5,0.0,0.0,0.0,0.0,0.0
1789986014,160206426,n/a,0.5,0.0,0.0,0.0,0.0,0.0
1789986014,176593406,n/a,0.5,0.0,0.0,0.0,0.0,0.0
1789986014,198291212,n/a,0.5,0.0,0.0,0.0,0.0,0.0
1789986014,220443300,n/a,0.5,0.0,0.0,0.0,0.0,0.0
1789986014,236945351,n/a,0.5,0.0,0.0,0.0,0.0,0.0
1789986014,257925568,n/a,0.5,0.0,0.0,0.0,0.0,0.0
1789986014,280453426,n/a,0.5,0.0,0.0,0.0,0.0,0.0
1789986014,297738109,n/a,0.5,0.0,0.0,0.0,0.0,0.0
1789986014,315847986,n/a,0.5,0.0,0.0,0.0,0.0,0.0
1789986014,341263691,n/a,0.5,0.0,0.0,0.0,0.0,0.0
1789986014,357037386,n/a,0.5,0.0,0.0,0.0,0.0,0.0
1789986014,378612745,n/a,0.5,0.0,0.0,0.0,0.0,0.0
1789986014,398035348,n/a,0.5,0.0,0.0,0.0,0.0,0.0
1789986014,416983185,n/a,0.5,0.0,0.0,0.0,0.0,0.0
1789986014,436837062,n/a,0.5,0.0,0.0,0.0,0.0,0.0
1789986014,457026483,n/a,0.5,0.0,0.0,0.0,0.0,0.0
1789986014,476705610,n/a,0.0,0.0,0.0,0.0,0.0,0.0
1789986014,500438502,n/a,0.0,0.0,0.0,0.0,0.0,0.0
1789986014,519674635,n/a,0.0,0.0,0.0,0.0,0.0,0.0
1789986014,540541560,n/a,0.0,0.0,0.0,0.0,0.0,0.0
1789986014,559845300,n/a,0.0,0.0,0.0,0.0,0.0,0.0
1789986014,579257873,n/a,0.0,0.0,0.0,0.0,0.0,0.0
1789986014,597702755,n/a,0.0,0.0,0.0,0.0,0.0,0.0
1789986014,620863702,n/a,0.0,0.0,0.0,0.0,0.0,0.0
1789986014,640577456,n/a,0.0,0.0,0.0,0.0,0.0,0.0
1789986014,660094049,n/a,0.0,0.0,0.0,0.0,0.0,0.0
1789986014,676401164,n/a,0.0,0.0,0.0,0.0,0.0,0.0
1789986014,696004861,n/a,0.0,0.0,0.0,0.0,0.0,0.0
1789986014,720211220,n/a,0.0,0.0,0.0,0.0,0.0,0.0
1789986014,737819658,n/a,0.0,0.0,0.0,0.0,0.0,0.0
1789986014,756802784,n/a,0.0,0.0,0.0,0.0,0.0,0.0
1789986014,776399211,n/a,0.0,0.0,0.0,0.0,0.0,0.0
1789986014,795524675,n/a,0.0,0.0,0.0,0.0,0.0,0.0
1789986014,820147574,n/a,0.0,0.0,0.0,0.0,0.0,0.0
1789986014,839305024,n/a,0.0,0.0,0.0,0.0,0.0,0.0
1789986014,855325079,n/a,0.0,0.0,0.0,0.0,0.0,0.0
1789986014,881233479,n/a,0.0,0.0,0.0,0.0,0.0,0.0
1789986014,899831439,n/a,0.0,0.0,0.0,0.0,0.0,0.0
1789986014,918498033,n/a,0.0,0.0,0.0,0.0,0.0,0.0
1789986014,938356211,n/a,0.0,0.0,0.0,0.0,0.0,0.0
1789986014,956850886,n/a,0.0,0.0,0.0,0.0,0.0,0.0
1789986014,980343090,n/a,0.0,0.0,0.0,0.0,0.0,0.0
1789986014,999300635,n/a,0.0,0.0,0.0,0.0,0.0,0.0
1789986015,18554101,n/a,0.0,0.0,0.0,0.0,0.0,0.0
1789986015,38203384,n/a,0.0,0.0,0.0,0.0,0.0,0.0
1789986015,57179526,n/a,0.0,0.0,0.0,0.0,0.0,0.0
1789986015,75878632,n/a,0.0,0.0,0.0,0.0,0.0,0.0
1789986015,98344845,n/a,0.0,0.0,0.0,0.0,0.0,0.0
1789986015,117070228,n/a,0.0,0.0,0.0,0.0,0.0,0.0
1789986015,136638004,n/a,0.0,0.0,0.0,0.0,0.0,0.0
1789986015,155325174,n/a,0.0,0.0,0.0,0.0,0.0,0.0
1789986015,179449907,n/a,0.0,0.0,0.0,0.0,0.0,0.0
1789986015,198046054,n/a,0.0,0.0,0.0,0.0,0.0,0.0
1789986015,220082996,n/a,0.0,0.0,0.0,0.0,0.0,0.0
1789986015,238750088,n/a,0.0,0.0,0.0,0.0,0.0,0.0
1789986015,257589914,n/a,0.0,0.0,0.0,0.0,0.0,0.0
1789986015,276953724,n/a,0.0,0.0,0.0,0.0,0.0,0.0
1789986015,296327751,n/a,0.0,0.0,0.0,0.0,0.0,0.0
1789986015,320309025,n/a,0.0,0.0,0.0,0.0,0.0,0.0
1789986015,336997016,n/a,0.0,0.0,0.0,0.0,0.0,0.0
1789986015,356122073,n/a,0.0,0.0,0.0,0.0,0.0,0.0
1789986015,375834807,n/a,0.0,0.0,0.0,0.0,0.0,0.0
1789986015,400728609,n/a,0.0,0.0,0.0,0.0,0.0,0.0
1789986015,419099726,n/a,0.0,0.0,0.0,0.0,0.0,0.0
1789986015,438221548,n/a,0.0,0.0,0.0,0.0,0.0,0.0
1789986015,460377312,n/a,0.0,0.0,0.0,0.0,0.0,0.0
1789986015,478637683,n/a,0.0,0.0,0.0,0.0,0.0,0.0
1789986015,497491041,n/a,0.0,0.0,0.0,0.0,0.0,0.0
1789986015,515212837,n/a,0.0,0.0,0.0,0.0,0.0,0.0
1789986015,539135227,n/a,0.0,0.0,0.0,0.0,0.0,0.0
1789986015,556903112,n/a,0.0,0.0,0.0,0.0,0.0,0.0
1789986015,578770147,n/a,0.0,0.0,0.0,0.0,0.0,0.0
1789986015,596981449,n/a,0.0,0.0,0.0,0.0,0.0,0.0
1789986015,620685271,n/a,0.0,0.0,0.0,0.0,0.0,0.0
1789986015,639799098,n/a,0.0,0.0,0.0,0.0,0.0,0.0
1789986015,658056470,n/a,0.0,0.0,0.0,0.0,0.0,0.0
1789986015,675599599,n/a,0.0,0.0,0.0,0.0,0.0,0.0
1789986015,698174295,n/a,0.0,0.0,0.0,0.0,0.0,0.0
1789986015,716714551,n/a,0.0,0.0,0.0,0.0,0.0,0.0
1789986015,735133908,n/a,0.0,0.0,0.0,0.0,0.0,0.0
1789986015,759774041,n/a,0.0,0.0,0.0,0.0,0.0,0.0
1789986015,778558117,n/a,0.0,0.0,0.0,0.0,0.0,0.0
1789986015,798079837,n/a,0.0,0.0,0.0,0.0,0.0,0.0
1789986015,818654273,n/a,0.0,0.0,0.0,0.0,0.0,0.0
1789986015,837307052,n/a,0.0,0.0,0.0,0.0,0.0,0.0
1789986015,855464863,n/a,0.0,0.0,0.0,0.0,0.0,0.0
1789986015,880731364,n/a,0.0,0.0,0.0,0.0,0.0,0.0
1789986015,899666951,n/a,0.0,0.0,0.0,0.0,0.0,0.0
1789986015,922090098,n/a,0.0,0.0,0.0,0.0,0.0,0.0
1789986015,935258363,n/a,0.0,0.0,0.0,0.0,0.0,0.0
1789986015,960186323,n/a,0.0,0.0,0.0,0.0,0.0,0.0
1789986015,978828674,n/a,0.0,0.0,0.0,0.0,0.0,0.0
1789986015,997820934,n/a,0.0,0.0,0.0,0.0,0.0,0.0
1789986016,17189549,n/a,0.0,0.0,0.0,0.0,0.0,0.0
1789986016,38387162,n/a,0.0,0.0,0.0,0.0,0.0,0.0
1789986016,58684249,n/a,0.0,0.0,0.0,0.0,0.0,0.0
1789986016,77114885,n/a,0.0,0.0,0.0,0.0,0.0,0.0
1789986016,96026809,n/a,0.0,0.0,0.0,0.0,0.0,0.0
1789986016,121141105,n/a,0.0,0.0,0.0,0.0,0.0,0.0
1789986016,140000549,n/a,0.0,0.0,0.0,0.0,0.0,0.0
1789986016,163103018,n/a,0.0,0.0,0.0,0.0,0.0,0.0
1789986016,175687269,n/a,0.0,0.0,0.0,0.0,0.0,0.0
1789986016,195475669,n/a,0.0,0.0,0.0,0.0,0.0,0.0
1789986016,220473932,n/a,0.0,0.0,0.0,0.0,0.0,0.0
1789986016,239242180,n/a,0.0,0.0,0.0,0.0,0.0,0.0
1789986016,258018277,n/a,0.0,0.0,0.0,0.0,0.0,0.0
1789986016,280539319,n/a,0.0,0.0,0.0,0.0,0.0,0.0
1789986016,299989586,n/a,0.0,0.0,0.0,0.0,0.0,0.0
1789986016,318394535,n/a,0.0,0.0,0.0,0.0,0.0,0.0
1789986016,337428981,n/a,0.0,0.0,0.0,0.0,0.0,0.0
1789986016,356484352,n/a,0.0,0.0,0.0,0.0,0.0,0.0
1789986016,377178441,n/a,0.0,0.0,0.0,0.0,0.0,0.0
1789986016,397809235,n/a,0.0,0.0,0.0,0.0,0.0,0.0
1789986016,419882281,n/a,0.0,0.0,0.0,0.0,0.0,0.0
1789986016,438400130,n/a,0.0,0.0,0.0,0.0,0.0,0.0
1789986016,456714784,n/a,0.0,0.0,0.0,0.0,0.0,0.0
1789986016,475579477,n/a,0.0,0.0,0.0,0.0,0.0,0.0
1789986016,495312597,n/a,0.0,0.0,0.0,0.0,0.0,0.0
1789986016,516223765,n/a,0.0,0.0,0.0,0.0,0.0,0.0
1789986016,536977191,n/a,0.0,0.0,0.0,0.0,0.0,0.0
1789986016,555879760,n/a,0.0,0.0,0.0,0.0,0.0,0.0
1789986016,581091760,n/a,0.0,0.0,0.0,0.0,0.0,0.0
1789986016,601044004,n/a,0.0,0.0,0.0,0.0,0.0,0.0
1789986016,620078499,n/a,0.0,0.0,0.0,0.0,0.0,0.0
1789986016,639076797,n/a,0.0,0.0,0.0,0.0,0.0,0.0
1789986016,656697546,n/a,0.0,0.0,0.0,0.0,0.0,0.0
1789986016,675245561,n/a,0.0,0.0,0.0,0.0,0.0,0.0
1789986016,700328544,n/a,0.0,0.0,0.0,0.0,0.0,0.0
1789986016,719711239,n/a,0.0,0.0,0.0,0.0,0.0,0.0
1789986016,739763183,n/a,0.0,0.0,0.0,0.0,0.0,0.0
1789986016,758423323,n/a,0.0,0.0,0.0,0.0,0.0,0.0
1789986016,776009383,n/a,0.0,0.0,0.0,0.0,0.0,0.0
1789986016,800712898,n/a,0.0,0.0,0.0,0.0,0.0,0.0
1789986016,819281377,n/a,0.0,0.0,0.0,0.0,0.0,0.0
1789986016,839048691,n/a,0.0,0.0,0.0,0.0,0.0,0.0
1789986016,858474159,n/a,0.0,0.0,0.0,0.0,0.0,0.0
1789986016,876661286,n/a,0.0,0.0,0.0,0.0,0.0,0.0
1789986016,900815533,n/a,0.0,0.0,0.0,0.0,0.0,0.0
1789986016,919457989,n/a,0.0,0.0,0.0,0.0,0.0,0.0
1789986016,938859764,n/a,0.0,0.0,0.0,0.0,0.0,0.0
1789986016,957619949,n/a,0.0,0.0,0.0,0.0,0.0,0.0
1789986016,976691722,n/a,0.25,0.0,0.0,0.0,0.0,0.0
1789986016,995714019,n/a,0.25,0.0,0.0,0.0,0.0,0.0
1789986017,19628962,n/a,0.25,0.0,0.0,0.0,0.0,0.0
1789986017,39107734,n/a,0.25,0.0,0.0,0.0,0.0,0.0
1789986017,57927367,n/a,0.25,0.0,0.0,0.0,0.0,0.0
1789986017,77670827,n/a,0.25,0.0,0.0,0.0,0.0,0.0
1789986017,97664850,n/a,0.25,0.0,0.0,0.0,0.0,0.0
1789986017,116719545,n/a,0.25,0.0,0.0,0.0,0.0,0.0
1789986017,140616553,n/a,0.25,0.0,0.0,0.0,0.0,0.0
1789986017,160199113,n/a,0.25,0.0,0.0,0.0,0.0,0.0
1789986017,179570289,n/a,0.25,0.0,0.0,0.0,0.0,0.0
1789986017,199474783,n/a,0.25,0.0,0.0,0.0,0.0,0.0
1789986017,219315994,n/a,0.25,0.0,0.0,0.0,0.0,0.0
1789986017,238950658,n/a,0.25,0.0,0.0,0.0,0.0,0.0
1789986017,259342645,n/a,0.25,0.0,0.0,0.0,0.0,0.0
1789986017,275297742,n/a,0.25,0.0,0.0,0.0,0.0,0.0
1789986017,300624734,n/a,0.25,0.0,0.0,0.0,0.0,0.0
1789986017,319783603,n/a,0.25,0.0,0.0,0.0,0.0,0.0
1789986017,339354204,n/a,0.25,0.0,0.0,0.0,0.0,0.0
1789986017,358176160,n/a,0.25,0.0,0.0,0.0,0.0,0.0
1789986017,376945483,n/a,0.25,0.0,0.0,0.0,0.0,0.0
1789986017,400834041,n/a,0.25,0.0,0.0,0.0,0.0,0.0
1789986017,419392122,n/a,0.25,0.0,0.0,0.0,0.0,0.0
1789986017,438756669,n/a,0.25,0.0,0.0,0.0,0.0,0.0
1789986017,458154362,n/a,0.25,0.0,0.0,0.0,0.0,0.0
1789986017,477142406,n/a,0.25,0.0,0.0,0.0,0.0,0.0
1789986017,495595696,n/a,0.25,0.0,0.0,0.0,0.0,0.0
1789986017,518811798,n/a,0.25,0.0,0.0,0.0,0.0,0.0
1789986017,539347162,n/a,0.25,0.0,0.0,0.0,0.0,0.0
1789986017,558636269,n/a,0.25,0.0,0.0,0.0,0.0,0.0
1789986017,578210337,n/a,0.25,0.0,0.0,0.0,0.0,0.0
1789986017,597336522,n/a,0.25,0.0,0.0,0.0,0.0,0.0
1789986017,615304752,n/a,0.25,0.0,0.0,0.0,0.0,0.0
1789986017,638951587,n/a,0.25,0.0,0.0,0.0,0.0,0.0
1789986017,657326471,n/a,0.25,0.0,0.0,0.0,0.0,0.0
1789986017,675822025,n/a,0.25,0.0,0.0,0.0,0.0,0.0
1789986017,700854188,n/a,0.25,0.0,0.0,0.0,0.0,0.0
1789986017,719567184,n/a,0.25,0.0,0.0,0.0,0.0,0.0
1789986017,739599494,n/a,0.25,0.0,0.0,0.0,0.0,0.0
1789986017,757589151,n/a,0.25,0.0,0.0,0.0,0.0,0.0
1789986017,776124126,n/a,0.25,0.0,0.0,0.0,0.0,0.0
1789986017,801426966,n/a,0.25,0.0,0.0,0.0,0.0,0.0
1789986017,820132343,n/a,0.25,0.0,0.0,0.0,0.0,0.0
1789986017,838981838,n/a,0.25,0.0,0.0,0.0,0.0,0.0
1789986017,857020614,n/a,0.25,0.0,0.0,0.0,0.0,0.0
1789986017,879763458,n/a,0.25,0.0,0.0,0.0,0.0,0.0
1789986017,898036599,n/a,0.25,0.0,0.0,0.0,0.0,0.0
1789986017,916786184,n/a,0.25,0.0,0.0,0.0,0.0,0.0
1789986017,936672669,n/a,0.25,0.0,0.0,0.0,0.0,0.0
1789986017,955430323,n/a,0.25,0.0,0.0,0.0,0.0,0.0
1789986017,979881506,n/a,0.25,0.0,0.0,0.0,0.0,0.0
1789986017,997065322,n/a,0.25,0.0,0.0,0.0,0.0,0.0
1789986018,15165950,n/a,0.25,0.0,0.0,0.0,0.0,0.0
1789986018,41829220,n/a,0.25,0.0,0.0,0.0,0.0,0.0
1789986018,60855982,n/a,0.25,0.0,0.0,0.0,0.0,0.0
1789986018,79269974,n/a,0.25,0.0,0.0,0.0,0.0,0.0
1789986018,97645834,n/a,0.25,0.0,0.0,0.0,0.0,0.0
1789986018,120195129,n/a,0.25,0.0,0.0,0.0,0.0,0.0
1789986018,138910333,n/a,0.25,0.0,0.0,0.0,0.0,0.0
1789986018,158061339,n/a,0.25,0.0,0.0,0.0,0.0,0.0
1789986018,177616667,n/a,0.25,0.0,0.0,0.0,0.0,0.0
1789986018,196242142,n/a,0.25,0.0,0.0,0.0,0.0,0.0
1789986018,220874192,n/a,0.25,0.0,0.0,0.0,0.0,0.0
1789986018,238386874,n/a,0.25,0.0,0.0,0.0,0.0,0.0
1789986018,256886128,n/a,0.25,0.0,0.0,0.0,0.0,0.0
1789986018,275676419,n/a,0.25,0.0,0.0,0.0,0.0,0.0
1789986018,295439600,n/a,0.25,0.0,0.0,0.0,0.0,0.0
1789986018,320364605,n/a,0.25,0.0,0.0,0.0,0.0,0.0
1789986018,339443286,n/a,0.25,0.0,0.0,0.0,0.0,0.0
1789986018,357027958,n/a,0.25,0.0,0.0,0.0,0.0,0.0
1789986018,376093364,n/a,0.25,0.0,0.0,0.0,0.0,0.0
1789986018,400410404,n/a,0.25,0.0,0.0,0.0,0.0,0.0
1789986018,418554372,n/a,0.25,0.0,0.0,0.0,0.0,0.0
1789986018,437550305,n/a,0.25,0.0,0.0,0.0,0.0,0.0
1789986018,456337197,n/a,0.25,0.0,0.0,0.0,0.0,0.0
1789986018,479448589,n/a,0.25,0.0,0.0,0.0,0.0,0.0
1789986018,498244357,n/a,0.25,0.0,0.0,0.0,0.0,0.0
1789986018,517289541,n/a,0.25,0.0,0.0,0.0,0.0,0.0
1789986018,536931874,n/a,0.25,0.0,0.0,0.0,0.0,0.0
1789986018,555295576,n/a,0.25,0.0,0.0,0.0,0.0,0.0
1789986018,580029757,n/a,0.25,0.0,0.0,0.0,0.0,0.0
1789986018,597223812,n/a,0.25,0.0,0.0,0.0,0.0,0.0
1789986018,615324583,n/a,0.25,0.0,0.0,0.0,0.0,0.0
1789986018,640943570,n/a,0.25,0.0,0.0,0.0,0.0,0.0
1789986018,660169614,n/a,0.25,0.0,0.0,0.0,0.0,0.0
1789986018,678767956,n/a,0.25,0.0,0.0,0.0,0.0,0.0
1789986018,697130779,n/a,0.25,0.0,0.0,0.0,0.0,0.0
1789986018,716013092,n/a,0.25,0.0,0.0,0.0,0.0,0.0
1789986018,735787083,n/a,0.25,0.0,0.0,0.0,0.0,0.0
1789986018,761908379,n/a,0.25,0.0,0.0,0.0,0.0,0.0
1789986018,780944311,n/a,0.25,0.0,0.0,0.0,0.0,0.0
1789986018,799108742,n/a,0.25,0.0,0.0,0.0,0.0,0.0
1789986018,817066321,n/a,0.25,0.0,0.0,0.0,0.0,0.0
1789986018,840074609,n/a,0.25,0.0,0.0,0.0,0.0,0.0
1789986018,858515904,n/a,0.25,0.0,0.0,0.0,0.0,0.0
1789986018,877460395,n/a,0.25,0.0,0.0,0.0,0.0,0.0
1789986018,897030061,n/a,0.25,0.0,0.0,0.0,0.0,0.0
1789986018,915520524,n/a,0.25,0.0,0.0,0.0,0.0,0.0
1789986018,940284881,n/a,0.25,0.0,0.0,0.0,0.0,0.0
1789986018,956724335,n/a,0.25,0.0,0.0,0.0,0.0,0.0
1789986018,975685675,n/a,0.25,0.0,0.0,0.0,0.0,0.0
1789986019,1450791,n/a,0.25,0.0,0.0,0.0,0.0,0.0
1789986019,20661059,n/a,0.25,0.0,0.0,0.0,0.0,0.0
1789986019,39372106,n/a,0.25,0.0,0.0,0.0,0.0,0.0
1789986019,57378604,n/a,0.25,0.0,0.0,0.0,0.0,0.0
1789986019,79933881,n/a,0.25,0.0,0.0,0.0,0.0,0.0
1789986019,98348958,n/a,0.25,0.0,0.0,0.0,0.0,0.0
1789986019,116893854,n/a,0.25,0.0,0.0,0.0,0.0,0.0
1789986019,135537164,n/a,0.25,0.0,0.0,0.0,0.0,0.0
1789986019,160047495,n/a,0.25,0.0,0.0,0.0,0.0,0.0
1789986019,178237990,n/a,0.25,0.0,0.0,0.0,0.0,0.0
1789986019,195260355,n/a,0.25,0.0,0.0,0.0,0.0,0.0
1789986019,219760842,n/a,0.25,0.0,0.0,0.0,0.0,0.0
1789986019,239535559,n/a,0.25,0.0,0.0,0.0,0.0,0.0
1789986019,258684302,n/a,0.25,0.0,0.0,0.0,0.0,0.0
1789986019,277010677,n/a,0.25,0.0,0.0,0.0,0.0,0.0
1789986019,295630650,n/a,0.25,0.0,0.0,0.0,0.0,0.0
1789986019,319595891,n/a,0.25,0.0,0.0,0.0,0.0,0.0
1789986019,338713371,n/a,0.25,0.0,0.0,0.0,0.0,0.0
1789986019,358018823,n/a,0.25,0.0,0.0,0.0,0.0,0.0
1789986019,377668047,n/a,0.25,0.0,0.0,0.0,0.0,0.0
1789986019,397167178,n/a,0.25,0.0,0.0,0.0,0.0,0.0
1789986019,415923761,n/a,0.25,0.0,0.0,0.0,0.0,0.0
1789986019,439586276,n/a,0.25,0.0,0.0,0.0,0.0,0.0
1789986019,458808220,n/a,0.25,0.0,0.0,0.0,0.0,0.0
1789986019,478480555,n/a,0.25,0.0,0.0,0.0,0.0,0.0
1789986019,498336062,n/a,0.25,0.0,0.0,0.0,0.0,0.0
1789986019,517395197,n/a,0.25,0.0,0.0,0.0,0.0,0.0
1789986019,536725000,n/a,0.25,0.0,0.0,0.0,0.0,0.0
1789986019,561833609,n/a,0.25,0.0,0.0,0.0,0.0,0.0
1789986019,575190425,n/a,0.25,0.0,0.0,0.0,0.0,0.0
1789986019,601050895,n/a,0.25,0.0,0.0,0.0,0.0,0.0
1789986019,620928639,n/a,0.25,0.0,0.0,0.0,0.0,0.0
1789986019,640700394,n/a,0.25,0.0,0.0,0.0,0.0,0.0
1789986019,660247884,n/a,0.25,0.0,0.0,0.0,0.0,0.0
1789986019,682697761,n/a,0.25,0.0,0.0,0.0,0.0,0.0
1789986019,697326673,n/a,0.25,0.0,0.0,0.0,0.0,0.0
1789986019,716551854,n/a,0.25,0.0,0.0,0.0,0.0,0.0
1789986019,736774934,n/a,0.25,0.0,0.0,0.0,0.0,0.0
1789986019,756884663,n/a,0.25,0.0,0.0,0.0,0.0,0.0
1789986019,776363303,n/a,0.25,0.0,0.0,0.0,0.0,0.0
1789986019,796337117,n/a,0.25,0.0,0.0,0.0,0.0,0.0
1789986019,820232914,n/a,0.25,0.0,0.0,0.0,0.0,0.0
1789986019,839970555,n/a,0.25,0.0,0.0,0.0,0.0,0.0
1789986019,858873866,n/a,0.25,0.0,0.0,0.0,0.0,0.0
1789986019,877728428,n/a,0.25,0.0,0.0,0.0,0.0,0.0
1789986019,897026888,n/a,0.25,0.0,0.0,0.0,0.0,0.0
1789986019,915218709,n/a,0.25,0.0,0.0,0.0,0.0,0.0
1789986019,939191283,n/a,0.25,0.0,0.0,0.0,0.0,0.0
1789986019,958435663,n/a,0.25,0.0,0.0,0.0,0.0,0.0
1789986019,978395442,n/a,0.0,0.0,0.0,0.0,0.0,0.0
1789986019,998080012,n/a,0.0,0.0,0.0,0.0,0.0,0.0
1789986020,16881064,n/a,0.0,0.0,0.0,0.0,0.0,0.0
1789986020,36250325,n/a,0.0,0.0,0.0,0.0,0.0,0.0
1789986020,61305495,n/a,0.0,0.0,0.0,0.0,0.0,0.0
1789986020,75115173,n/a,0.0,0.0,0.0,0.0,0.0,0.0
1789986020,95219661,n/a,0.0,0.0,0.0,0.0,0.0,0.0
1789986020,120927266,n/a,0.0,0.0,0.0,0.0,0.0,0.0
1789986020,140158667,n/a,0.0,0.0,0.0,0.0,0.0,0.0
1789986020,159249583,n/a,0.0,0.0,0.0,0.0,0.0,0.0
1789986020,181791447,n/a,0.0,0.0,0.0,0.0,0.0,0.0
1789986020,195272011,n/a,0.0,0.0,0.0,0.0,0.0,0.0
1789986020,221711242,n/a,0.0,0.0,0.0,0.0,0.0,0.0
1789986020,241145271,n/a,0.0,0.0,0.0,0.0,0.0,0.0
1789986020,260873105,n/a,0.0,0.0,0.0,0.0,0.0,0.0
1789986020,279704537,n/a,0.0,0.0,0.0,0.0,0.0,0.0
1789986020,301014314,n/a,0.0,0.0,0.0,0.0,0.0,0.0
1789986020,315719504,n/a,0.0,0.0,0.0,0.0,0.0,0.0
1789986020,335293070,n/a,0.0,0.0,0.0,0.0,0.0,0.0
1789986020,360325463,n/a,0.0,0.0,0.0,0.0,0.0,0.0
1789986020,379116709,n/a,0.0,0.0,0.0,0.0,0.0,0.0
1789986020,397619197,n/a,0.0,0.0,0.0,0.0,0.0,0.0
1789986020,416153490,n/a,0.0,0.0,0.0,0.0,0.0,0.0
1789986020,440532614,n/a,0.0,0.0,0.0,0.0,0.0,0.0
1789986020,459638494,n/a,0.0,0.0,0.0,0.0,0.0,0.0
1789986020,478328027,n/a,0.0,0.0,0.0,0.0,0.0,0.0
1789986020,496998863,n/a,0.0,0.0,0.0,0.0,0.0,0.0
1789986020,515276253,n/a,0.0,0.0,0.0,0.0,0.0,0.0
1789986020,544226380,n/a,0.0,0.0,0.0,0.0,0.0,0.0
1789986020,557617507,n/a,0.0,0.0,0.0,0.0,0.0,0.0
1789986020,576580097,n/a,0.0,0.0,0.0,0.0,0.0,0.0
1789986020,595309476,n/a,0.0,0.0,0.0,0.0,0.0,0.0
1789986020,619449731,n/a,0.0,0.0,0.0,0.0,0.0,0.0
1789986020,638024359,n/a,0.0,0.0,0.0,0.0,0.0,0.0
1789986020,656810646,n/a,0.0,0.0,0.0,0.0,0.0,0.0
1789986020,678886719,n/a,0.0,0.0,0.0,0.0,0.0,0.0
1789986020,697927138,n/a,0.0,0.0,0.0,0.0,0.0,0.0
1789986020,716221632,n/a,0.0,0.0,0.0,0.0,0.0,0.0
1789986020,735054696,n/a,0.0,0.0,0.0,0.0,0.0,0.0
1789986020,759953131,n/a,0.0,0.0,0.0,0.0,0.0,0.0
1789986020,783560322,n/a,0.0,0.0,0.0,0.0,0.0,0.0
1789986020,796268680,n/a,0.0,0.0,0.0,0.0,0.0,0.0
1789986020,816214688,n/a,0.0,0.0,0.0,0.0,0.0,0.0
1789986020,835322961,n/a,0.0,0.0,0.0,0.0,0.0,0.0
1789986020,860029807,n/a,0.0,0.0,0.0,0.0,0.0,0.0
1789986020,878656058,n/a,0.0,0.0,0.0,0.0,0.0,0.0
1789986020,898599565,n/a,0.0,0.0,0.0,0.0,0.0,0.0
1789986020,920879647,n/a,0.0,0.0,0.0,0.0,0.0,0.0
1789986020,940099714,n/a,0.0,0.0,0.0,0.0,0.0,0.0
1789986020,958533915,n/a,0.0,0.0,0.0,0.0,0.0,0.0
1789986020,977047729,n/a,0.0,0.0,0.0,0.0,0.0,0.0
1789986020,995701275,n/a,0.0,0.0,0.0,0.0,0.0,0.0
1789986021,26123316,n/a,0.0,0.0,0.0,0.0,0.0,0.0
1789986021,39523053,n/a,0.0,0.0,0.0,0.0,0.0,0.0
1789986021,58613456,n/a,0.0,0.0,0.0,0.0,0.0,0.0
1789986021,76918985,n/a,0.0,0.0,0.0,0.0,0.0,0.0
1789986021,94987915,n/a,0.0,0.0,0.0,0.0,0.0,0.0
1789986021,118789335,n/a,0.0,0.0,0.0,0.0,0.0,0.0
1789986021,139689859,n/a,0.0,0.0,0.0,0.0,0.0,0.0
1789986021,160426737,n/a,0.0,0.0,0.0,0.0,0.0,0.0
1789986021,179508798,n/a,0.0,0.0,0.0,0.0,0.0,0.0
1789986021,198005488,n/a,0.0,0.0,0.0,0.0,0.0,0.0
1789986021,215994819,n/a,0.0,0.0,0.0,0.0,0.0,0.0
1789986021,241717105,n/a,0.0,0.0,0.0,0.0,0.0,0.0
1789986021,264600465,n/a,0.0,0.0,0.0,0.0,0.0,0.0
1789986021,277572057,n/a,0.0,0.0,0.0,0.0,0.0,0.0
1789986021,296800298,n/a,0.0,0.0,0.0,0.0,0.0,0.0
1789986021,318502957,n/a,0.0,0.0,0.0,0.0,0.0,0.0
1789986021,337655182,n/a,0.0,0.0,0.0,0.0,0.0,0.0
1789986021,356055904,n/a,0.0,0.0,0.0,0.0,0.0,0.0
1789986021,383967431,n/a,0.0,0.0,0.0,0.0,0.0,0.0
1789986021,398451147,n/a,0.0,0.0,0.0,0.0,0.0,0.0
1789986021,417065052,n/a,0.0,0.0,0.0,0.0,0.0,0.0
1789986021,435707889,n/a,0.0,0.0,0.0,0.0,0.0,0.0
1789986021,460328140,n/a,0.0,0.0,0.0,0.0,0.0,0.0
1789986021,478599096,n/a,0.0,0.0,0.0,0.0,0.0,0.0
1789986021,496926039,n/a,0.0,0.0,0.0,0.0,0.0,0.0
1789986021,519897048,n/a,0.0,0.0,0.0,0.0,0.0,0.0
1789986021,539365619,n/a,0.0,0.0,0.0,0.0,0.0,0.0
1789986021,557933782,n/a,0.0,0.0,0.0,0.0,0.0,0.0
1789986021,576360351,n/a,0.0,0.0,0.0,0.0,0.0,0.0
1789986021,601120468,n/a,0.0,0.0,0.0,0.0,0.0,0.0
1789986021,622504490,n/a,0.0,0.0,0.0,0.0,0.0,0.0
1789986021,635921174,n/a,0.0,0.0,0.0,0.0,0.0,0.0
1789986021,655288036,n/a,0.0,0.0,0.0,0.0,0.0,0.0
1789986021,680260736,n/a,0.0,0.0,0.0,0.0,0.0,0.0
1789986021,698686160,n/a,0.0,0.0,0.0,0.0,0.0,0.0
1789986021,716839174,n/a,0.0,0.0,0.0,0.0,0.0,0.0
1789986021,736081792,n/a,0.0,0.0,0.0,0.0,0.0,0.0
1789986021,758188121,n/a,0.0,0.0,0.0,0.0,0.0,0.0
1789986021,777964606,n/a,0.0,0.0,0.0,0.0,0.0,0.0
1789986021,796218591,n/a,0.0,0.0,0.0,0.0,0.0,0.0
1789986021,820548300,n/a,0.0,0.0,0.0,0.0,0.0,0.0
1789986021,838843233,n/a,0.0,0.0,0.0,0.0,0.0,0.0
1789986021,861087323,n/a,0.0,0.0,0.0,0.0,0.0,0.0
1789986021,880565138,n/a,0.0,0.0,0.0,0.0,0.0,0.0
1789986021,899624024,n/a,0.0,0.0,0.0,0.0,0.0,0.0
1789986021,918195817,n/a,0.0,0.0,0.0,0.0,0.0,0.0
1789986021,936809196,n/a,0.0,0.0,0.0,0.0,0.0,0.0
1789986021,956070251,n/a,0.0,0.0,0.0,0.0,0.0,0.0
1789986021,976490838,n/a,0.0,0.0,0.0,0.0,0.0,0.0
1789986021,997301135,n/a,0.0,0.0,0.0,0.0,0.0,0.0
1789986022,15717243,n/a,0.0,0.0,0.0,0.0,0.0,0.0
1789986022,34949291,n/a,0.0,0.0,0.0,0.0,0.0,0.0
1789986022,59722578,n/a,0.0,0.0,0.0,0.0,0.0,0.0
1789986022,77789804,n/a,0.0,0.0,0.0,0.0,0.0,0.0
1789986022,99962005,n/a,0.0,0.0,0.0,0.0,0.0,0.0
1789986022,119250292,n/a,0.0,0.0,0.0,0.0,0.0,0.0
1789986022,138582340,n/a,0.0,0.0,0.0,0.0,0.0,0.0
1789986022,156983755,n/a,0.0,0.0,0.0,0.0,0.0,0.0
1789986022,175321586,n/a,0.0,0.0,0.0,0.0,0.0,0.0
1789986022,200009359,n/a,0.0,0.0,0.0,0.0,0.0,0.0
1789986022,222591294,n/a,0.0,0.0,0.0,0.0,0.0,0.0
1789986022,235452093,n/a,0.0,0.0,0.0,0.0,0.0,0.0
1789986022,254914813,n/a,0.0,0.0,0.0,0.0,0.0,0.0
1789986022,279571714,n/a,0.0,0.0,0.0,0.0,0.0,0.0
1789986022,297972491,n/a,0.0,0.0,0.0,0.0,0.0,0.0
1789986022,316034362,n/a,0.0,0.0,0.0,0.0,0.0,0.0
1789986022,338133079,n/a,0.0,0.0,0.0,0.0,0.0,0.0
1789986022,357432092,n/a,0.0,0.0,0.0,0.0,0.0,0.0
1789986022,376554876,n/a,0.0,0.0,0.0,0.0,0.0,0.0
1789986022,395446685,n/a,0.0,0.0,0.0,0.0,0.0,0.0
1789986022,419273726,n/a,0.0,0.0,0.0,0.0,0.0,0.0
1789986022,437844122,n/a,0.0,0.0,0.0,0.0,0.0,0.0
1789986022,460426231,n/a,0.0,0.0,0.0,0.0,0.0,0.0
1789986022,478999248,n/a,-0.5,0.0,0.0,0.0,0.0,0.0
1789986022,497718204,n/a,-0.5,0.0,0.0,0.0,0.0,0.0
1789986022,516300631,n/a,-0.5,0.0,0.0,0.0,0.0,0.0
1789986022,540633073,n/a,-0.5,0.0,0.0,0.0,0.0,0.0
1789986022,559141155,n/a,-0.5,0.0,0.0,0.0,0.0,0.0
1789986022,575133876,n/a,-0.5,0.0,0.0,0.0,0.0,0.0
1789986022,600797706,n/a,-0.5,0.0,0.0,0.0,0.0,0.0
1789986022,619996438,n/a,-0.5,0.0,0.0,0.0,0.0,0.0
1789986022,638406323,n/a,-0.5,0.0,0.0,0.0,0.0,0.0
1789986022,656728500,n/a,-0.5,0.0,0.0,0.0,0.0,0.0
1789986022,676513721,n/a,-0.5,0.0,0.0,0.0,0.0,0.0
1789986022,699243375,n/a,-0.5,0.0,0.0,0.0,0.0,0.0
1789986022,717271076,n/a,-0.5,0.0,0.0,0.0,0.0,0.0
1789986022,736156771,n/a,-0.5,0.0,0.0,0.0,0.0,0.0
1789986022,760684398,n/a,-0.5,0.0,0.0,0.0,0.0,0.0
1789986022,779355069,n/a,-0.5,0.0,0.0,0.0,0.0,0.0
1789986022,797603089,n/a,-0.5,0.0,0.0,0.0,0.0,0.0
1789986022,819941752,n/a,-0.5,0.0,0.0,0.0,0.0,0.0
1789986022,839433470,n/a,-0.5,0.0,0.0,0.0,0.0,0.0
1789986022,858592034,n/a,-0.5,0.0,0.0,0.0,0.0,0.0
1789986022,877809014,n/a,-0.5,0.0,0.0,0.0,0.0,0.0
1789986022,896549030,n/a,-0.5,0.0,0.0,0.0,0.0,0.0
1789986022,915091561,n/a,-0.5,0.0,0.0,0.0,0.0,0.0
1789986022,937758286,n/a,-0.5,0.0,0.0,0.0,0.0,0.0
1789986022,956750708,n/a,-0.5,0.0,0.0,0.0,0.0,0.0
1789986022,976598460,n/a,-0.5,0.0,0.0,0.0,0.0,0.0
1789986022,995060325,n/a,-0.5,0.0,0.0,0.0,0.0,0.0
1789986023,19996963,n/a,-0.5,0.0,0.0,0.0,0.0,0.0
1789986023,38474571,n/a,-0.5,0.0,0.0,0.0,0.0,0.0
1789986023,60513763,n/a,-0.5,0.0,0.0,0.0,0.0,0.0
1789986023,79673669,n/a,-0.5,0.0,0.0,0.0,0.0,0.0
1789986023,98671210,n/a,-0.5,0.0,0.0,0.0,0.0,0.0
1789986023,116870146,n/a,-0.5,0.0,0.0,0.0,0.0,0.0
1789986023,135143393,n/a,-0.5,0.0,0.0,0.0,0.0,0.0
1789986023,159268771,n/a,-0.5,0.0,0.0,0.0,0.0,0.0
1789986023,176081547,n/a,-0.5,0.0,0.0,0.0,0.0,0.0
1789986023,195081448,n/a,-0.5,0.0,0.0,0.0,0.0,0.0
1789986023,220180484,n/a,-0.5,0.0,0.0,0.0,0.0,0.0
1789986023,238968769,n/a,-0.5,0.0,0.0,0.0,0.0,0.0
1789986023,257061879,n/a,-0.5,0.0,0.0,0.0,0.0,0.0
1789986023,275021008,n/a,-0.5,0.0,0.0,0.0,0.0,0.0
1789986023,297186199,n/a,-0.5,0.0,0.0,0.0,0.0,0.0
1789986023,315425070,n/a,-0.5,0.0,0.0,0.0,0.0,0.0
1789986023,340857044,n/a,-0.5,0.0,0.0,0.0,0.0,0.0
1789986023,359315331,n/a,-0.5,0.0,0.0,0.0,0.0,0.0
1789986023,377854987,n/a,-0.5,0.0,0.0,0.0,0.0,0.0
1789986023,396863437,n/a,-0.5,0.0,0.0,0.0,0.0,0.0
1789986023,417209862,n/a,-0.5,0.0,0.0,0.0,0.0,0.0
1789986023,435856969,n/a,-0.5,0.0,0.0,0.0,0.0,0.0
1789986023,460261498,n/a,-0.5,0.0,0.0,0.0,0.0,0.0
1789986023,478074669,n/a,-0.5,0.0,0.0,0.0,0.0,0.0
1789986023,496261802,n/a,-0.5,0.0,0.0,0.0,0.0,0.0
1789986023,517329545,n/a,-0.5,0.0,0.0,0.0,0.0,0.0
1789986023,536228214,n/a,-0.5,0.0,0.0,0.0,0.0,0.0
1789986023,561075995,n/a,-0.5,0.0,0.0,0.0,0.0,0.0
1789986023,579529864,n/a,-0.5,0.0,0.0,0.0,0.0,0.0
1789986023,597371175,n/a,-0.5,0.0,0.0,0.0,0.0,0.0
1789986023,615090125,n/a,-0.5,0.0,0.0,0.0,0.0,0.0
1789986023,637330154,n/a,-0.5,0.0,0.0,0.0,0.0,0.0
1789986023,655709150,n/a,-0.5,0.0,0.0,0.0,0.0,0.0
1789986023,681208590,n/a,-0.5,0.0,0.0,0.0,0.0,0.0
1789986023,699864143,n/a,-0.5,0.0,0.0,0.0,0.0,0.0
1789986023,718184434,n/a,-0.5,0.0,0.0,0.0,0.0,0.0
1789986023,737020965,n/a,-0.5,0.0,0.0,0.0,0.0,0.0
1789986023,758720058,n/a,-0.5,0.0,0.0,0.0,0.0,0.0
1789986023,777668716,n/a,-0.5,0.0,0.0,0.0,0.0,0.0
1789986023,796701140,n/a,-0.5,0.0,0.0,0.0,0.0,0.0
1789986023,816497164,n/a,-0.5,0.0,0.0,0.0,0.0,0.0
1789986023,835264092,n/a,-0.5,0.0,0.0,0.0,0.0,0.0
1789986023,860186616,n/a,-0.5,0.0,0.0,0.0,0.0,0.0
1789986023,877372829,n/a,-0.5,0.0,0.0,0.0,0.0,0.0
1789986023,896381389,n/a,-0.5,0.0,0.0,0.0,0.0,0.0
1789986023,921782126,n/a,-0.5,0.0,0.0,0.0,0.0,0.0
1789986023,940874852,n/a,-0.5,0.0,0.0,0.0,0.0,0.0
1789986023,959258019,n/a,-0.5,0.0,0.0,0.0,0.0,0.0
1789986023,977718472,n/a,-0.5,0.0,0.0,0.0,0.0,0.0
1789986023,995151614,n/a,-0.5,0.0,0.0,0.0,0.0,0.0
1789986024,20418692,n/a,-0.5,0.0,0.0,0.0,0.0,0.0
1789986024,39885242,n/a,-0.5,0.0,0.0,0.0,0.0,0.0
1789986024,59298749,n/a,-0.5,0.0,0.0,0.0,0.0,0.0
1789986024,78065590,n/a,-0.5,0.0,0.0,0.0,0.0,0.0
1789986024,98013011,n/a,-0.5,0.0,0.0,0.0,0.0,0.0
1789986024,115173644,n/a,-0.5,0.0,0.0,0.0,0.0,0.0
1789986024,140552593,n/a,-0.5,0.0,0.0,0.0,0.0,0.0
1789986024,158414595,n/a,-0.5,0.0,0.0,0.0,0.0,0.0
1789986024,175788879,n/a,-0.5,0.0,0.0,0.0,0.0,0.0
1789986024,199275009,n/a,-0.5,0.0,0.0,0.0,0.0,0.0
1789986024,215610523,n/a,-0.5,0.0,0.0,0.0,0.0,0.0
1789986024,238749434,n/a,-0.5,0.0,0.0,0.0,0.0,0.0
1789986024,255060852,n/a,-0.5,0.0,0.0,0.0,0.0,0.0
1789986024,277261752,n/a,-0.5,0.0,0.0,0.0,0.0,0.0
1789986024,300013898,n/a,-0.5,0.0,0.0,0.0,0.0,0.0
1789986024,316082294,n/a,-0.5,0.0,0.0,0.0,0.0,0.0
1789986024,336473630,n/a,-0.5,0.0,0.0,0.0,0.0,0.0
1789986024,359154137,n/a,-0.5,0.0,0.0,0.0,0.0,0.0
1789986024,376296799,n/a,-0.5,0.0,0.0,0.0,0.0,0.0
1789986024,398148623,n/a,-0.5,0.0,0.0,0.0,0.0,0.0
1789986024,415027303,n/a,-0.5,0.0,0.0,0.0,0.0,0.0
1789986024,440118633,n/a,-0.5,0.0,0.0,0.0,0.0,0.0
1789986024,459257405,n/a,-0.5,0.0,0.0,0.0,0.0,0.0
1789986024,476152769,n/a,-0.5,0.0,0.0,0.0,0.0,0.0
1789986024,498434548,n/a,-0.5,0.0,0.0,0.0,0.0,0.0
1789986024,519739593,n/a,-0.5,0.0,0.0,0.0,0.0,0.0
1789986024,536259757,n/a,-0.5,0.0,0.0,0.0,0.0,0.0
1789986024,556931669,n/a,-0.5,0.0,0.0,0.0,0.0,0.0
1789986024,579409097,n/a,-0.5,0.0,0.0,0.0,0.0,0.0
1789986024,596056436,n/a,-0.5,0.0,0.0,0.0,0.0,0.0
1789986024,617179863,n/a,-0.5,0.0,0.0,0.0,0.0,0.0
1789986024,635443412,n/a,-0.5,0.0,0.0,0.0,0.0,0.0
1789986024,656032040,n/a,-0.5,0.0,0.0,0.0,0.0,0.0
1789986024,675764246,n/a,-0.5,0.0,0.0,0.0,0.0,0.0
1789986024,697867935,n/a,-0.5,0.0,0.0,0.0,0.0,0.0
1789986024,719858823,n/a,-0.5,0.0,0.0,0.0,0.0,0.0
1789986024,736654922,n/a,-0.5,0.0,0.0,0.0,0.0,0.0
1789986024,758441245,n/a,-0.5,0.0,0.0,0.0,0.0,0.0
1789986024,780410545,n/a,-0.5,0.0,0.0,0.0,0.0,0.0
1789986024,796912377,n/a,-0.5,0.0,0.0,0.0,0.0,0.0
1789986024,818208668,n/a,-0.5,0.0,0.0,0.0,0.0,0.0
1789986024,837239563,n/a,-0.5,0.0,0.0,0.0,0.0,0.0
1789986024,859092311,n/a,-0.5,0.0,0.0,0.0,0.0,0.0
1789986024,880698582,n/a,-0.5,0.0,0.0,0.0,0.0,0.0
1789986024,897352936,n/a,-0.5,0.0,0.0,0.0,0.0,0.0
1789986024,919289011,n/a,-0.5,0.0,0.0,0.0,0.0,0.0
1789986024,936432503,n/a,-0.5,0.0,0.0,0.0,0.0,0.0
1789986024,958246860,n/a,-0.5,0.0,0.0,0.0,0.0,0.0
1789986024,975293481,n/a,-0.5,0.0,0.0,0.0,0.0,0.0
1789986024,996194811,n/a,-0.5,0.0,0.0,0.0,0.0,0.0
1789986025,19628286,n/a,-0.5,0.0,0.0,0.0,0.0,0.0
1789986025,36687930,n/a,-0.5,0.0,0.0,0.0,0.0,0.0
1789986025,58125368,n/a,-0.5,0.0,0.0,0.0,0.0,0.0
1789986025,79946582,n/a,-0.5,0.0,0.0,0.0,0.0,0.0
1789986025,95517647,n/a,-0.5,0.0,0.0,0.0,0.0,0.0
1789986025,117193543,n/a,-0.5,0.0,0.0,0.0,0.0,0.0
1789986025,135145180,n/a,-0.5,0.0,0.0,0.0,0.0,0.0
1789986025,156119702,n/a,-0.5,0.0,0.0,0.0,0.0,0.0
1789986025,177932861,n/a,-0.5,0.0,0.0,0.0,0.0,0.0
1789986025,195098552,n/a,-0.5,0.0,0.0,0.0,0.0,0.0
1789986025,219799038,n/a,-0.5,0.0,0.0,0.0,0.0,0.0
1789986025,236420569,n/a,-0.5,0.0,0.0,0.0,0.0,0.0
1789986025,258921643,n/a,-0.5,0.0,0.0,0.0,0.0,0.0
1789986025,274975740,n/a,-0.5,0.0,0.0,0.0,0.0,0.0
1789986025,296062974,n/a,-0.5,0.0,0.0,0.0,0.0,0.0
1789986025,316350925,n/a,-0.5,0.0,0.0,0.0,0.0,0.0
1789986025,338347605,n/a,-0.5,0.0,0.0,0.0,0.0,0.0
1789986025,359919639,n/a,-0.5,0.0,0.0,0.0,0.0,0.0
1789986025,376376139,n/a,-0.5,0.0,0.0,0.0,0.0,0.0
1789986025,397486770,n/a,-0.5,0.0,0.0,0.0,0.0,0.0
1789986025,417263094,n/a,-0.5,0.0,0.0,0.0,0.0,0.0
1789986025,439530233,n/a,-0.5,0.0,0.0,0.0,0.0,0.0
1789986025,456172737,n/a,-0.5,0.0,0.0,0.0,0.0,0.0
1789986025,477967404,n/a,0.0,0.0,0.0,0.0,0.0,0.0
1789986025,500060372,n/a,0.0,0.0,0.0,0.0,0.0,0.0
1789986025,521064350,n/a,0.0,0.0,0.0,0.0,0.0,0.0
1789986025,538109900,n/a,0.0,0.0,0.0,0.0,0.0,0.0
1789986025,560034113,n/a,0.0,0.0,0.0,0.0,0.0,0.0
1789986025,576615032,n/a,0.0,0.0,0.0,0.0,0.0,0.0
1789986025,598700494,n/a,0.0,0.0,0.0,0.0,0.0,0.0
1789986025,617031999,n/a,0.0,0.0,0.0,0.0,0.0,0.0
1789986025,636452614,n/a,0.0,0.0,0.0,0.0,0.0,0.0
1789986025,658910133,n/a,0.0,0.0,0.0,0.0,0.0,0.0
1789986025,675556516,n/a,0.0,0.0,0.0,0.0,0.0,0.0
1789986025,697239037,n/a,0.0,0.0,0.0,0.0,0.0,0.0
1789986025,720008365,n/a,0.0,0.0,0.0,0.0,0.0,0.0
1789986025,736388112,n/a,0.0,0.0,0.0,0.0,0.0,0.0
1789986025,758594277,n/a,0.0,0.0,0.0,0.0,0.0,0.0
1789986025,775048934,n/a,0.0,0.0,0.0,0.0,0.0,0.0
1789986025,796899588,n/a,0.0,0.0,0.0,0.0,0.0,0.0
1789986025,818600715,n/a,0.0,0.0,0.0,0.0,0.0,0.0
1789986025,841799730,n/a,0.0,0.0,0.0,0.0,0.0,0.0
1789986025,858958083,n/a,0.0,0.0,0.0,0.0,0.0,0.0
1789986025,875546043,n/a,0.0,0.0,0.0,0.0,0.0,0.0
1789986025,897864916,n/a,0.0,0.0,0.0,0.0,0.0,0.0
1789986025,918953297,n/a,0.0,0.0,0.0,0.0,0.0,0.0
1789986025,936112370,n/a,0.0,0.0,0.0,0.0,0.0,0.0
1789986025,956730508,n/a,0.0,0.0,0.0,0.0,0.0,0.0
1789986025,979267917,n/a,0.0,0.0,0.0,0.0,0.0,0.0
1789986025,995571462,n/a,0.0,0.0,0.0,0.0,0.0,0.0
1789986026,17229159,n/a,0.0,0.0,0.0,0.0,0.0,0.0
1789986026,39187383,n/a,0.0,0.0,0.0,0.0,0.0,0.0
1789986026,59932040,n/a,0.0,0.0,0.0,0.0,0.0,0.0
1789986026,76859701,n/a,0.0,0.0,0.0,0.0,0.0,0.0
1789986026,99238223,n/a,0.0,0.0,0.0,0.0,0.0,0.0
1789986026,115464013,n/a,0.0,0.0,0.0,0.0,0.0,0.0
1789986026,137727562,n/a,0.0,0.0,0.0,0.0,0.0,0.0
1789986026,158723424,n/a,0.0,0.0,0.0,0.0,0.0,0.0
1789986026,175010275,n/a,0.0,0.0,0.0,0.0,0.0,0.0
1789986026,197228000,n/a,0.0,0.0,0.0,0.0,0.0,0.0
1789986026,219556431,n/a,0.0,0.0,0.0,0.0,0.0,0.0
1789986026,236385372,n/a,0.0,0.0,0.0,0.0,0.0,0.0
1789986026,262977671,n/a,0.0,0.0,0.0,0.0,0.0,0.0
1789986026,274998393,n/a,0.0,0.0,0.0,0.0,0.0,0.0
1789986026,296917011,n/a,0.0,0.0,0.0,0.0,0.0,0.0
1789986026,318823825,n/a,0.0,0.0,0.0,0.0,0.0,0.0
1789986026,335610507,n/a,0.0,0.0,0.0,0.0,0.0,0.0
1789986026,357353369,n/a,0.0,0.0,0.0,0.0,0.0,0.0
1789986026,378255695,n/a,0.0,0.0,0.0,0.0,0.0,0.0
1789986026,396257697,n/a,0.0,0.0,0.0,0.0,0.0,0.0
1789986026,417649545,n/a,0.0,0.0,0.0,0.0,0.0,0.0
1789986026,439650599,n/a,0.0,0.0,0.0,0.0,0.0,0.0
1789986026,455714379,n/a,0.0,0.0,0.0,0.0,0.0,0.0
1789986026,476755876,n/a,0.0,0.0,0.0,0.0,0.0,0.0
1789986026,498198284,n/a,0.0,0.0,0.0,0.0,0.0,0.0
1789986026,519263058,n/a,0.0,0.0,0.0,0.0,0.0,0.0
1789986026,535605131,n/a,0.0,0.0,0.0,0.0,0.0,0.0
1789986026,557210762,n/a,0.0,0.0,0.0,0.0,0.0,0.0
1789986026,577518329,n/a,0.0,0.0,0.0,0.0,0.0,0.0
1789986026,600213503,n/a,0.0,0.0,0.0,0.0,0.0,0.0
1789986026,616206583,n/a,0.0,0.0,0.0,0.0,0.0,0.0
1789986026,637539855,n/a,0.0,0.0,0.0,0.0,0.0,0.0
1789986026,658634468,n/a,0.0,0.0,0.0,0.0,0.0,0.0
1789986026,684906593,n/a,0.0,0.0,0.0,0.0,0.0,0.0
1789986026,696216689,n/a,0.0,0.0,0.0,0.0,0.0,0.0
1789986026,717550722,n/a,0.0,0.0,0.0,0.0,0.0,0.0
1789986026,738800847,n/a,0.0,0.0,0.0,0.0,0.0,0.0
1789986026,759938480,n/a,0.0,0.0,0.0,0.0,0.0,0.0
1789986026,775710663,n/a,0.0,0.0,0.0,0.0,0.0,0.0
1789986026,796842161,n/a,0.0,0.0,0.0,0.0,0.0,0.0
1789986026,819114636,n/a,0.0,0.0,0.0,0.0,0.0,0.0
1789986026,835718786,n/a,0.0,0.0,0.0,0.0,0.0,0.0
1789986026,857250060,n/a,0.0,0.0,0.0,0.0,0.0,0.0
1789986026,878045439,n/a,0.0,0.0,0.0,0.0,0.0,0.0
1789986026,898801465,n/a,0.0,0.0,0.0,0.0,0.0,0.0
1789986026,921038457,n/a,0.0,0.0,0.0,0.0,0.0,0.0
1789986026,937843553,n/a,0.0,0.0,0.0,0.0,0.0,0.0
1789986026,959299899,n/a,0.0,0.0,0.0,0.0,0.0,0.0
1789986026,975667136,n/a,0.0,0.0,0.0,0.0,0.0,0.0
1789986026,995963236,n/a,0.0,0.0,0.0,0.0,0.0,0.0
1789986027,17922069,n/a,0.0,0.0,0.0,0.0,0.0,0.0
1789986027,40033798,n/a,0.0,0.0,0.0,0.0,0.0,0.0
1789986027,56120706,n/a,0.0,0.0,0.0,0.0,0.0,0.0
1789986027,77235568,n/a,0.0,0.0,0.0,0.0,0.0,0.0
1789986027,95134276,n/a,0.0,0.0,0.0,0.0,0.0,0.0
1789986027,118910360,n/a,0.0,0.0,0.0,0.0,0.0,0.0
1789986027,135533062,n/a,0.0,0.0,0.0,0.0,0.0,0.0
1789986027,157626171,n/a,0.0,0.0,0.0,0.0,0.0,0.0
1789986027,179933613,n/a,0.0,0.0,0.0,0.0,0.0,0.0
1789986027,196196991,n/a,0.0,0.0,0.0,0.0,0.0,0.0
1789986027,216112195,n/a,0.0,0.0,0.0,0.0,0.0,0.0
1789986027,238013653,n/a,0.0,0.0,0.0,0.0,0.0,0.0
1789986027,259126715,n/a,0.0,0.0,0.0,0.0,0.0,0.0
1789986027,275109342,n/a,0.0,0.0,0.0,0.0,0.0,0.0
1789986027,296912874,n/a,0.0,0.0,0.0,0.0,0.0,0.0
1789986027,317461686,n/a,0.0,0.0,0.0,0.0,0.0,0.0
1789986027,339171282,n/a,0.0,0.0,0.0,0.0,0.0,0.0
1789986027,355281757,n/a,0.0,0.0,0.0,0.0,0.0,0.0
1789986027,376714496,n/a,0.0,0.0,0.0,0.0,0.0,0.0
1789986027,398246495,n/a,0.0,0.0,0.0,0.0,0.0,0.0
1789986027,418918368,n/a,0.0,0.0,0.0,0.0,0.0,0.0
1789986027,435953974,n/a,0.0,0.0,0.0,0.0,0.0,0.0
1789986027,459988716,n/a,0.0,0.0,0.0,0.0,0.0,0.0
1789986027,476573368,n/a,0.0,0.0,0.0,0.0,0.0,0.0
1789986027,497653762,n/a,0.0,0.0,0.0,0.0,0.0,0.0
1789986027,517143330,n/a,0.0,0.0,0.0,0.0,0.0,0.0
1789986027,534895157,n/a,0.0,0.0,0.0,0.0,0.0,0.0
1789986027,557077497,n/a,0.0,0.0,0.0,0.0,0.0,0.0
1789986027,578614950,n/a,0.0,0.0,0.0,0.0,0.0,0.0
1789986027,599993024,n/a,0.0,0.0,0.0,0.0,0.0,0.0
1789986027,616402200,n/a,0.0,0.0,0.0,0.0,0.0,0.0
1789986027,636345046,n/a,0.0,0.0,0.0,0.0,0.0,0.0
1789986027,659142995,n/a,0.0,0.0,0.0,0.0,0.0,0.0
1789986027,675375622,n/a,0.0,0.0,0.0,0.0,0.0,0.0
1789986027,697090737,n/a,0.0,0.0,0.0,0.0,0.0,0.0
1789986027,718024723,n/a,0.0,0.0,0.0,0.0,0.0,0.0
1789986027,739859212,n/a,0.0,0.0,0.0,0.0,0.0,0.0
1789986027,757453172,n/a,0.0,0.0,0.0,0.0,0.0,0.0
1789986027,779396500,n/a,0.0,0.0,0.0,0.0,0.0,0.0
1789986027,796154832,n/a,0.0,0.0,0.0,0.0,0.0,0.0
1789986027,817181417,n/a,0.0,0.0,0.0,0.0,0.0,0.0
1789986027,837833727,n/a,0.0,0.0,0.0,0.0,0.0,0.0
1789986027,860501747,n/a,0.0,0.0,0.0,0.0,0.0,0.0
1789986027,877150266,n/a,0.0,0.0,0.0,0.0,0.0,0.0
1789986027,899354717,n/a,0.0,0.0,0.0,0.0,0.0,0.0
1789986027,915625118,n/a,0.0,0.0,0.0,0.0,0.0,0.0
1789986027,942982243,n/a,0.0,0.0,0.0,0.0,0.0,0.0
1789986027,959797364,n/a,0.0,0.0,0.0,0.0,0.0,0.0
1789986027,976044713,n/a,0.8,0.0,0.0,0.0,0.0,0.0
1789986027,998615375,n/a,0.8,0.0,0.0,0.0,0.0,0.0
1789986028,15126679,n/a,0.8,0.0,0.0,0.0,0.0,0.0
1789986028,37705142,n/a,0.8,0.0,0.0,0.0,0.0,0.0
1789986028,58664744,n/a,0.8,0.0,0.0,0.0,0.0,0.0
1789986028,74975977,n/a,0.8,0.0,0.0,0.0,0.0,0.0
1789986028,97042818,n/a,0.8,0.0,0.0,0.0,0.0,0.0
1789986028,119171492,n/a,0.8,0.0,0.0,0.0,0.0,0.0
1789986028,136097617,n/a,0.8,0.0,0.0,0.0,0.0,0.0
1789986028,157829652,n/a,0.8,0.0,0.0,0.0,0.0,0.0
1789986028,180069439,n/a,0.8,0.0,0.0,0.0,0.0,0.0
1789986028,196663297,n/a,0.8,0.0,0.0,0.0,0.0,0.0
1789986028,218177952,n/a,0.8,0.0,0.0,0.0,0.0,0.0
1789986028,235033734,n/a,0.8,0.0,0.0,0.0,0.0,0.0
1789986028,262926942,n/a,0.8,0.0,0.0,0.0,0.0,0.0
1789986028,275234007,n/a,0.8,0.0,0.0,0.0,0.0,0.0
1789986028,297150664,n/a,0.8,0.0,0.0,0.0,0.0,0.0
1789986028,318947670,n/a,0.8,0.0,0.0,0.0,0.0,0.0
1789986028,335449106,n/a,0.8,0.0,0.0,0.0,0.0,0.0
1789986028,358044714,n/a,0.8,0.0,0.0,0.0,0.0,0.0
1789986028,375542007,n/a,0.8,0.0,0.0,0.0,0.0,0.0
1789986028,397837279,n/a,0.8,0.0,0.0,0.0,0.0,0.0
1789986028,419477192,n/a,0.8,0.0,0.0,0.0,0.0,0.0
1789986028,436111434,n/a,0.8,0.0,0.0,0.0,0.0,0.0
1789986028,457920020,n/a,0.8,0.0,0.0,0.0,0.0,0.0
1789986028,478923797,n/a,0.8,0.0,0.0,0.0,0.0,0.0
1789986028,495945985,n/a,0.8,0.0,0.0,0.0,0.0,0.0
1789986028,517659206,n/a,0.8,0.0,0.0,0.0,0.0,0.0
1789986028,540154717,n/a,0.8,0.0,0.0,0.0,0.0,0.0
1789986028,556488002,n/a,0.8,0.0,0.0,0.0,0.0,0.0
1789986028,580654482,n/a,-0.8,0.0,0.0,0.0,0.0,0.0
1789986028,600198472,n/a,-0.8,0.0,0.0,0.0,0.0,0.0
1789986028,616972073,n/a,-0.8,0.0,0.0,0.0,0.0,0.0
1789986028,638983584,n/a,-0.8,0.0,0.0,0.0,0.0,0.0
1789986028,655305538,n/a,-0.8,0.0,0.0,0.0,0.0,0.0
1789986028,677135939,n/a,-0.8,0.0,0.0,0.0,0.0,0.0
1789986028,698884267,n/a,-0.8,0.0,0.0,0.0,0.0,0.0
1789986028,715359873,n/a,-0.8,0.0,0.0,0.0,0.0,0.0
1789986028,738501785,n/a,-0.8,0.0,0.0,0.0,0.0,0.0
1789986028,761425989,n/a,-0.8,0.0,0.0,0.0,0.0,0.0
1789986028,779035134,n/a,-0.8,0.0,0.0,0.0,0.0,0.0
1789986028,798739485,n/a,-0.8,0.0,0.0,0.0,0.0,0.0
1789986028,816110684,n/a,-0.8,0.0,0.0,0.0,0.0,0.0
1789986028,838472421,n/a,-0.8,0.0,0.0,0.0,0.0,0.0
1789986028,855340490,n/a,-0.8,0.0,0.0,0.0,0.0,0.0
1789986028,877071415,n/a,-0.8,0.0,0.0,0.0,0.0,0.0
1789986028,899116447,n/a,-0.8,0.0,0.0,0.0,0.0,0.0
1789986028,919055031,n/a,-0.8,0.0,0.0,0.0,0.0,0.0
1789986028,935449374,n/a,-0.8,0.0,0.0,0.0,0.0,0.0
1789986028,957823691,n/a,-0.8,0.0,0.0,0.0,0.0,0.0
1789986028,980206771,n/a,-0.8,0.0,0.0,0.0,0.0,0.0
1789986028,996025336,n/a,-0.8,0.0,0.0,0.0,0.0,0.0
1789986029,16662800,n/a,-0.8,0.0,0.0,0.0,0.0,0.0
1789986029,39320832,n/a,-0.8,0.0,0.0,0.0,0.0,0.0
1789986029,55337620,n/a,-0.8,0.0,0.0,0.0,0.0,0.0
1789986029,77255484,n/a,-0.8,0.0,0.0,0.0,0.0,0.0
1789986029,99586138,n/a,-0.8,0.0,0.0,0.0,0.0,0.0
1789986029,120586576,n/a,-0.8,0.0,0.0,0.0,0.0,0.0
1789986029,137439789,n/a,-0.8,0.0,0.0,0.0,0.0,0.0
1789986029,159737828,n/a,-0.8,0.0,0.0,0.0,0.0,0.0
1789986029,176150775,n/a,0.8,0.0,0.0,0.0,0.0,0.0
1789986029,197929796,n/a,0.8,0.0,0.0,0.0,0.0,0.0
1789986029,223305729,n/a,0.8,0.0,0.0,0.0,0.0,0.0
1789986029,234823640,n/a,0.8,0.0,0.0,0.0,0.0,0.0
1789986029,256719027,n/a,0.8,0.0,0.0,0.0,0.0,0.0
1789986029,279892623,n/a,0.8,0.0,0.0,0.0,0.0,0.0
1789986029,296265334,n/a,0.8,0.0,0.0,0.0,0.0,0.0
1789986029,317951630,n/a,0.8,0.0,0.0,0.0,0.0,0.0
1789986029,339933105,n/a,0.8,0.0,0.0,0.0,0.0,0.0
1789986029,356268306,n/a,0.8,0.0,0.0,0.0,0.0,0.0
1789986029,379435394,n/a,0.8,0.0,0.0,0.0,0.0,0.0
1789986029,396159503,n/a,0.8,0.0,0.0,0.0,0.0,0.0
1789986029,417637946,n/a,0.8,0.0,0.0,0.0,0.0,0.0
1789986029,439267813,n/a,0.8,0.0,0.0,0.0,0.0,0.0
1789986029,456654930,n/a,0.8,0.0,0.0,0.0,0.0,0.0
1789986029,479592134,n/a,0.8,0.0,0.0,0.0,0.0,0.0
1789986029,495849566,n/a,0.8,0.0,0.0,0.0,0.0,0.0
1789986029,518096984,n/a,0.8,0.0,0.0,0.0,0.0,0.0
1789986029,543673275,n/a,0.8,0.0,0.0,0.0,0.0,0.0
1789986029,556188625,n/a,0.8,0.0,0.0,0.0,0.0,0.0
1789986029,579177375,n/a,0.8,0.0,0.0,0.0,0.0,0.0
1789986029,595461000,n/a,0.8,0.0,0.0,0.0,0.0,0.0
1789986029,616615334,n/a,0.8,0.0,0.0,0.0,0.0,0.0
1789986029,638860668,n/a,0.8,0.0,0.0,0.0,0.0,0.0
1789986029,659694742,n/a,0.8,0.0,0.0,0.0,0.0,0.0
1789986029,676966007,n/a,0.8,0.0,0.0,0.0,0.0,0.0
1789986029,699395801,n/a,0.8,0.0,0.0,0.0,0.0,0.0
1789986029,715863837,n/a,0.8,0.0,0.0,0.0,0.0,0.0
1789986029,737975651,n/a,0.8,0.0,0.0,0.0,0.0,0.0
1789986029,757715808,n/a,0.8,0.0,0.0,0.0,0.0,0.0
1789986029,775826627,n/a,-0.8,0.0,0.0,0.0,0.0,0.0
1789986029,797753206,n/a,-0.8,0.0,0.0,0.0,0.0,0.0
1789986029,815828072,n/a,-0.8,0.0,0.0,0.0,0.0,0.0
1789986029,838346941,n/a,-0.8,0.0,0.0,0.0,0.0,0.0
1789986029,860722917,n/a,-0.8,0.0,0.0,0.0,0.0,0.0
1789986029,875800026,n/a,-0.8,0.0,0.0,0.0,0.0,0.0
1789986029,897636732,n/a,-0.8,0.0,0.0,0.0,0.0,0.0
1789986029,919321073,n/a,-0.8,0.0,0.0,0.0,0.0,0.0
1789986029,936464201,n/a,-0.8,0.0,0.0,0.0,0.0,0.0
1789986029,958174059,n/a,-0.8,0.0,0.0,0.0,0.0,0.0
1789986029,979658297,n/a,-0.8,0.0,0.0,0.0,0.0,0.0
1789986029,996743793,n/a,-0.8,0.0,0.0,0.0,0.0,0.0
1789986030,19419381,n/a,-0.8,0.0,0.0,0.0,0.0,0.0
1789986030,37554891,n/a,-0.8,0.0,0.0,0.0,0.0,0.0
1789986030,54953909,n/a,-0.8,0.0,0.0,0.0,0.0,0.0
1789986030,80513607,n/a,-0.8,0.0,0.0,0.0,0.0,0.0
1789986030,95338445,n/a,-0.8,0.0,0.0,0.0,0.0,0.0
1789986030,118913284,n/a,-0.8,0.0,0.0,0.0,0.0,0.0
1789986030,135637133,n/a,-0.8,0.0,0.0,0.0,0.0,0.0
1789986030,157599841,n/a,-0.8,0.0,0.0,0.0,0.0,0.0
1789986030,180407829,n/a,-0.8,0.0,0.0,0.0,0.0,0.0
1789986030,196310487,n/a,-0.8,0.0,0.0,0.0,0.0,0.0
1789986030,218702385,n/a,-0.8,0.0,0.0,0.0,0.0,0.0
1789986030,235338221,n/a,-0.8,0.0,0.0,0.0,0.0,0.0
1789986030,257298493,n/a,-0.8,0.0,0.0,0.0,0.0,0.0
1789986030,279279951,n/a,-0.8,0.0,0.0,0.0,0.0,0.0
1789986030,299544832,n/a,-0.8,0.0,0.0,0.0,0.0,0.0
1789986030,318000478,n/a,-0.8,0.0,0.0,0.0,0.0,0.0
1789986030,340258427,n/a,-0.8,0.0,0.0,0.0,0.0,0.0
1789986030,356951696,n/a,-0.8,0.0,0.0,0.0,0.0,0.0
1789986030,378138320,n/a,0.8,0.0,0.0,0.0,0.0,0.0
1789986030,400210756,n/a,0.8,0.0,0.0,0.0,0.0,0.0
1789986030,416977979,n/a,0.8,0.0,0.0,0.0,0.0,0.0
1789986030,439175455,n/a,0.8,0.0,0.0,0.0,0.0,0.0
1789986030,455371864,n/a,0.8,0.0,0.0,0.0,0.0,0.0
1789986030,477187865,n/a,0.8,0.0,0.0,0.0,0.0,0.0
1789986030,498357583,n/a,0.8,0.0,0.0,0.0,0.0,0.0
1789986030,519379624,n/a,0.8,0.0,0.0,0.0,0.0,0.0
1789986030,536698409,n/a,0.8,0.0,0.0,0.0,0.0,0.0
1789986030,559006847,n/a,0.8,0.0,0.0,0.0,0.0,0.0
1789986030,575519529,n/a,0.8,0.0,0.0,0.0,0.0,0.0
1789986030,597407982,n/a,0.8,0.0,0.0,0.0,0.0,0.0
1789986030,623677585,n/a,0.8,0.0,0.0,0.0,0.0,0.0
1789986030,640338087,n/a,0.8,0.0,0.0,0.0,0.0,0.0
1789986030,656798498,n/a,0.8,0.0,0.0,0.0,0.0,0.0
1789986030,678092070,n/a,0.8,0.0,0.0,0.0,0.0,0.0
1789986030,699092522,n/a,0.8,0.0,0.0,0.0,0.0,0.0
1789986030,715106299,n/a,0.8,0.0,0.0,0.0,0.0,0.0
1789986030,736145485,n/a,0.8,0.0,0.0,0.0,0.0,0.0
1789986030,758232525,n/a,0.8,0.0,0.0,0.0,0.0,0.0
1789986030,775322510,n/a,0.8,0.0,0.0,0.0,0.0,0.0
1789986030,796950596,n/a,0.8,0.0,0.0,0.0,0.0,0.0
1789986030,817656781,n/a,0.8,0.0,0.0,0.0,0.0,0.0
1789986030,838961686,n/a,0.8,0.0,0.0,0.0,0.0,0.0
1789986030,855468793,n/a,0.8,0.0,0.0,0.0,0.0,0.0
1789986030,877709379,n/a,0.8,0.0,0.0,0.0,0.0,0.0
1789986030,899851402,n/a,0.8,0.0,0.0,0.0,0.0,0.0
1789986030,916946988,n/a,0.8,0.0,0.0,0.0,0.0,0.0
1789986030,937867752,n/a,0.8,0.0,0.0,0.0,0.0,0.0
1789986030,959806552,n/a,0.8,0.0,0.0,0.0,0.0,0.0
1789986030,976059356,n/a,-0.8,0.0,0.0,0.0,0.0,0.0
1789986030,997900195,n/a,-0.8,0.0,0.0,0.0,0.0,0.0
1789986031,20381187,n/a,-0.8,0.0,0.0,0.0,0.0,0.0
1789986031,38842571,n/a,-0.8,0.0,0.0,0.0,0.0,0.0
1789986031,57358649,n/a,-0.8,0.0,0.0,0.0,0.0,0.0
1789986031,79167587,n/a,-0.8,0.0,0.0,0.0,0.0,0.0
1789986031,95978387,n/a,-0.8,0.0,0.0,0.0,0.0,0.0
1789986031,118258126,n/a,-0.8,0.0,0.0,0.0,0.0,0.0
1789986031,135695849,n/a,-0.8,0.0,0.0,0.0,0.0,0.0
1789986031,157298727,n/a,-0.8,0.0,0.0,0.0,0.0,0.0
1789986031,179676327,n/a,-0.8,0.0,0.0,0.0,0.0,0.0
1789986031,196614575,n/a,-0.8,0.0,0.0,0.0,0.0,0.0
1789986031,218675727,n/a,-0.8,0.0,0.0,0.0,0.0,0.0
1789986031,235925541,n/a,-0.8,0.0,0.0,0.0,0.0,0.0
1789986031,256715825,n/a,-0.8,0.0,0.0,0.0,0.0,0.0
1789986031,275902520,n/a,-0.8,0.0,0.0,0.0,0.0,0.0
1789986031,299692716,n/a,-0.8,0.0,0.0,0.0,0.0,0.0
1789986031,316141943,n/a,-0.8,0.0,0.0,0.0,0.0,0.0
1789986031,338059051,n/a,-0.8,0.0,0.0,0.0,0.0,0.0
1789986031,360732700,n/a,-0.8,0.0,0.0,0.0,0.0,0.0
1789986031,376227269,n/a,-0.8,0.0,0.0,0.0,0.0,0.0
1789986031,398387125,n/a,-0.8,0.0,0.0,0.0,0.0,0.0
1789986031,419819500,n/a,-0.8,0.0,0.0,0.0,0.0,0.0
1789986031,436562137,n/a,-0.8,0.0,0.0,0.0,0.0,0.0
1789986031,458334845,n/a,-0.8,0.0,0.0,0.0,0.0,0.0
1789986031,479675298,n/a,-0.8,0.0,0.0,0.0,0.0,0.0
1789986031,496574986,n/a,-0.8,0.0,0.0,0.0,0.0,0.0
1789986031,518308220,n/a,-0.8,0.0,0.0,0.0,0.0,0.0
1789986031,535900701,n/a,-0.8,0.0,0.0,0.0,0.0,0.0
1789986031,555351377,n/a,-0.8,0.0,0.0,0.0,0.0,0.0
1789986031,579811781,n/a,0.8,0.0,0.0,0.0,0.0,0.0
1789986031,594957022,n/a,0.8,0.0,0.0,0.0,0.0,0.0
1789986031,618372661,n/a,0.8,0.0,0.0,0.0,0.0,0.0
1789986031,635447175,n/a,0.8,0.0,0.0,0.0,0.0,0.0
1789986031,659039428,n/a,0.8,0.0,0.0,0.0,0.0,0.0
1789986031,676056272,n/a,0.8,0.0,0.0,0.0,0.0,0.0
1789986031,696678749,n/a,0.8,0.0,0.0,0.0,0.0,0.0
1789986031,715180570,n/a,0.8,0.0,0.0,0.0,0.0,0.0
1789986031,739254931,n/a,0.8,0.0,0.0,0.0,0.0,0.0
1789986031,755800420,n/a,0.8,0.0,0.0,0.0,0.0,0.0
1789986031,779351960,n/a,0.8,0.0,0.0,0.0,0.0,0.0
1789986031,795678567,n/a,0.8,0.0,0.0,0.0,0.0,0.0
1789986031,816580260,n/a,0.8,0.0,0.0,0.0,0.0,0.0
1789986031,839113868,n/a,0.8,0.0,0.0,0.0,0.0,0.0
1789986031,856116035,n/a,0.8,0.0,0.0,0.0,0.0,0.0
1789986031,878298858,n/a,0.8,0.0,0.0,0.0,0.0,0.0
1789986031,897318567,n/a,0.8,0.0,0.0,0.0,0.0,0.0
1789986031,918014965,n/a,0.8,0.0,0.0,0.0,0.0,0.0
1789986031,940707320,n/a,0.8,0.0,0.0,0.0,0.0,0.0
1789986031,958228100,n/a,0.8,0.0,0.0,0.0,0.0,0.0
1789986031,980280296,n/a,0.8,0.0,0.0,0.0,0.0,0.0
1789986031,996382353,n/a,0.8,0.0,0.0,0.0,0.0,0.0
1789986032,21992799,n/a,0.8,0.0,0.0,0.0,0.0,0.0
1789986032,40113602,n/a,0.8,0.0,0.0,0.0,0.0,0.0
1789986032,56088015,n/a,0.8,0.0,0.0,0.0,0.0,0.0
1789986032,78227878,n/a,0.8,0.0,0.0,0.0,0.0,0.0
1789986032,100072120,n/a,0.8,0.0,0.0,0.0,0.0,0.0
1789986032,116055811,n/a,0.8,0.0,0.0,0.0,0.0,0.0
1789986032,137814419,n/a,0.8,0.0,0.0,0.0,0.0,0.0
1789986032,159549542,n/a,0.8,0.0,0.0,0.0,0.0,0.0
1789986032,175972043,n/a,-0.8,0.0,0.0,0.0,0.0,0.0
1789986032,198791546,n/a,-0.8,0.0,0.0,0.0,0.0,0.0
1789986032,215374294,n/a,-0.8,0.0,0.0,0.0,0.0,0.0
1789986032,235783137,n/a,-0.8,0.0,0.0,0.0,0.0,0.0
1789986032,259270956,n/a,-0.8,0.0,0.0,0.0,0.0,0.0
1789986032,275804906,n/a,-0.8,0.0,0.0,0.0,0.0,0.0
1789986032,297671063,n/a,-0.8,0.0,0.0,0.0,0.0,0.0
1789986032,320496546,n/a,-0.8,0.0,0.0,0.0,0.0,0.0
1789986032,338369912,n/a,-0.8,0.0,0.0,0.0,0.0,0.0
1789986032,358592145,n/a,-0.8,0.0,0.0,0.0,0.0,0.0
1789986032,375515126,n/a,-0.8,0.0,0.0,0.0,0.0,0.0
1789986032,397365164,n/a,-0.8,0.0,0.0,0.0,0.0,0.0
1789986032,419814149,n/a,-0.8,0.0,0.0,0.0,0.0,0.0
1789986032,436041603,n/a,-0.8,0.0,0.0,0.0,0.0,0.0
1789986032,457684972,n/a,-0.8,0.0,0.0,0.0,0.0,0.0
1789986032,480066183,n/a,-0.8,0.0,0.0,0.0,0.0,0.0
1789986032,496314869,n/a,-0.8,0.0,0.0,0.0,0.0,0.0
1789986032,517856297,n/a,-0.8,0.0,0.0,0.0,0.0,0.0
1789986032,540360055,n/a,-0.8,0.0,0.0,0.0,0.0,0.0
1789986032,562554642,n/a,-0.8,0.0,0.0,0.0,0.0,0.0
1789986032,579265986,n/a,-0.8,0.0,0.0,0.0,0.0,0.0
1789986032,596075515,n/a,-0.8,0.0,0.0,0.0,0.0,0.0
1789986032,617296291,n/a,-0.8,0.0,0.0,0.0,0.0,0.0
1789986032,638909550,n/a,-0.8,0.0,0.0,0.0,0.0,0.0
1789986032,655925125,n/a,-0.8,0.0,0.0,0.0,0.0,0.0
1789986032,676916063,n/a,-0.8,0.0,0.0,0.0,0.0,0.0
1789986032,699217283,n/a,-0.8,0.0,0.0,0.0,0.0,0.0
1789986032,715722433,n/a,-0.8,0.0,0.0,0.0,0.0,0.0
1789986032,737089626,n/a,-0.8,0.0,0.0,0.0,0.0,0.0
1789986032,758439142,n/a,-0.8,0.0,0.0,0.0,0.0,0.0
1789986032,780111383,n/a,0.8,0.0,0.0,0.0,0.0,0.0
1789986032,796121271,n/a,0.8,0.0,0.0,0.0,0.0,0.0
1789986032,817166664,n/a,0.8,0.0,0.0,0.0,0.0,0.0
1789986032,839376799,n/a,0.8,0.0,0.0,0.0,0.0,0.0
1789986032,855218352,n/a,0.8,0.0,0.0,0.0,0.0,0.0
1789986032,875836883,n/a,0.8,0.0,0.0,0.0,0.0,0.0
1789986032,898332933,n/a,0.8,0.0,0.0,0.0,0.0,0.0
1789986032,920923966,n/a,0.8,0.0,0.0,0.0,0.0,0.0
1789986032,937530018,n/a,0.8,0.0,0.0,0.0,0.0,0.0
1789986032,960041982,n/a,0.8,0.0,0.0,0.0,0.0,0.0
1789986032,979816671,n/a,0.8,0.0,0.0,0.0,0.0,0.0
1789986032,996804308,n/a,0.8,0.0,0.0,0.0,0.0,0.0
1789986033,19082296,n/a,0.8,0.0,0.0,0.0,0.0,0.0
1789986033,35877149,n/a,0.8,0.0,0.0,0.0,0.0,0.0
1789986033,58050179,n/a,0.8,0.0,0.0,0.0,0.0,0.0
1789986033,81027157,n/a,0.8,0.0,0.0,0.0,0.0,0.0
1789986033,100141726,n/a,0.8,0.0,0.0,0.0,0.0,0.0
1789986033,115844226,n/a,0.8,0.0,0.0,0.0,0.0,0.0
1789986033,138007025,n/a,0.8,0.0,0.0,0.0,0.0,0.0
1789986033,159737995,n/a,0.8,0.0,0.0,0.0,0.0,0.0
1789986033,175657304,n/a,0.8,0.0,0.0,0.0,0.0,0.0
1789986033,196323333,n/a,0.8,0.0,0.0,0.0,0.0,0.0
1789986033,217892721,n/a,0.8,0.0,0.0,0.0,0.0,0.0
1789986033,240427380,n/a,0.8,0.0,0.0,0.0,0.0,0.0
1789986033,257300614,n/a,0.8,0.0,0.0,0.0,0.0,0.0
1789986033,279360001,n/a,0.8,0.0,0.0,0.0,0.0,0.0
1789986033,301015025,n/a,0.8,0.0,0.0,0.0,0.0,0.0
1789986033,318238634,n/a,0.8,0.0,0.0,0.0,0.0,0.0
1789986033,340010028,n/a,0.8,0.0,0.0,0.0,0.0,0.0
1789986033,355902791,n/a,0.8,0.0,0.0,0.0,0.0,0.0
1789986033,378185577,n/a,-0.8,0.0,0.0,0.0,0.0,0.0
1789986033,404912195,n/a,-0.8,0.0,0.0,0.0,0.0,0.0
1789986033,416854983,n/a,-0.8,0.0,0.0,0.0,0.0,0.0
1789986033,439212405,n/a,-0.8,0.0,0.0,0.0,0.0,0.0
1789986033,455029258,n/a,-0.8,0.0,0.0,0.0,0.0,0.0
1789986033,477466118,n/a,-0.8,0.0,0.0,0.0,0.0,0.0
1789986033,498795256,n/a,-0.8,0.0,0.0,0.0,0.0,0.0
1789986033,519673182,n/a,-0.8,0.0,0.0,0.0,0.0,0.0
1789986033,536363986,n/a,-0.8,0.0,0.0,0.0,0.0,0.0
1789986033,558911179,n/a,-0.8,0.0,0.0,0.0,0.0,0.0
1789986033,575517672,n/a,-0.8,0.0,0.0,0.0,0.0,0.0
1789986033,596876637,n/a,-0.8,0.0,0.0,0.0,0.0,0.0
1789986033,617689861,n/a,-0.8,0.0,0.0,0.0,0.0,0.0
1789986033,640364650,n/a,-0.8,0.0,0.0,0.0,0.0,0.0
1789986033,657042658,n/a,-0.8,0.0,0.0,0.0,0.0,0.0
1789986033,678615843,n/a,-0.8,0.0,0.0,0.0,0.0,0.0
1789986033,700455668,n/a,-0.8,0.0,0.0,0.0,0.0,0.0
1789986033,721246978,n/a,-0.8,0.0,0.0,0.0,0.0,0.0
1789986033,738284966,n/a,-0.8,0.0,0.0,0.0,0.0,0.0
1789986033,754985622,n/a,-0.8,0.0,0.0,0.0,0.0,0.0
1789986033,777495466,n/a,-0.8,0.0,0.0,0.0,0.0,0.0
1789986033,798648914,n/a,-0.8,0.0,0.0,0.0,0.0,0.0
1789986033,815169555,n/a,-0.8,0.0,0.0,0.0,0.0,0.0
1789986033,836396683,n/a,-0.8,0.0,0.0,0.0,0.0,0.0
1789986033,858172973,n/a,-0.8,0.0,0.0,0.0,0.0,0.0
1789986033,875353603,n/a,-0.8,0.0,0.0,0.0,0.0,0.0
1789986033,898124736,n/a,-0.8,0.0,0.0,0.0,0.0,0.0
1789986033,920136922,n/a,-0.8,0.0,0.0,0.0,0.0,0.0
1789986033,936182873,n/a,-0.8,0.0,0.0,0.0,0.0,0.0
1789986033,960938995,n/a,-0.8,0.0,0.0,0.0,0.0,0.0
1789986033,979489108,n/a,0.0,0.0,0.0,0.0,0.0,0.0
1789986033,996989204,n/a,0.0,0.0,0.0,0.0,0.0,0.0
1789986034,20622191,n/a,0.0,0.0,0.0,0.0,0.0,0.0
1789986034,37673494,n/a,0.0,0.0,0.0,0.0,0.0,0.0
1789986034,58945072,n/a,0.0,0.0,0.0,0.0,0.0,0.0
1789986034,75452618,n/a,0.0,0.0,0.0,0.0,0.0,0.0
1789986034,98076327,n/a,0.0,0.0,0.0,0.0,0.0,0.0
1789986034,120546817,n/a,0.0,0.0,0.0,0.0,0.0,0.0
1789986034,137333158,n/a,0.0,0.0,0.0,0.0,0.0,0.0
1789986034,159194997,n/a,0.0,0.0,0.0,0.0,0.0,0.0
1789986034,175268875,n/a,0.0,0.0,0.0,0.0,0.0,0.0
1789986034,196971832,n/a,0.0,0.0,0.0,0.0,0.0,0.0
1789986034,218906860,n/a,0.0,0.0,0.0,0.0,0.0,0.0
1789986034,235602585,n/a,0.0,0.0,0.0,0.0,0.0,0.0
1789986034,261860332,n/a,0.0,0.0,0.0,0.0,0.0,0.0
1789986034,279039622,n/a,0.0,0.0,0.0,0.0,0.0,0.0
1789986034,296077754,n/a,0.0,0.0,0.0,0.0,0.0,0.0
1789986034,318270622,n/a,0.0,0.0,0.0,0.0,0.0,0.0
1789986034,339512236,n/a,0.0,0.0,0.0,0.0,0.0,0.0
1789986034,355859575,n/a,0.0,0.0,0.0,0.0,0.0,0.0
1789986034,378902595,n/a,0.0,0.0,0.0,0.0,0.0,0.0
1789986034,396507942,n/a,0.0,0.0,0.0,0.0,0.0,0.0
1789986034,418746047,n/a,0.0,0.0,0.0,0.0,0.0,0.0
1789986034,435110055,n/a,0.0,0.0,0.0,0.0,0.0,0.0
1789986034,457697683,n/a,0.0,0.0,0.0,0.0,0.0,0.0
1789986034,479941185,n/a,0.0,0.0,0.0,0.0,0.0,0.0
1789986034,497794232,n/a,0.0,0.0,0.0,0.0,0.0,0.0
1789986034,519955661,n/a,0.0,0.0,0.0,0.0,0.0,0.0
1789986034,536833162,n/a,0.0,0.0,0.0,0.0,0.0,0.0
1789986034,558970704,n/a,0.0,0.0,0.0,0.0,0.0,0.0
1789986034,574904265,n/a,0.0,0.0,0.0,0.0,0.0,0.0
1789986034,596693219,n/a,0.0,0.0,0.0,0.0,0.0,0.0
1789986034,619099923,n/a,0.0,0.0,0.0,0.0,0.0,0.0
1789986034,635456586,n/a,0.0,0.0,0.0,0.0,0.0,0.0
1789986034,658825593,n/a,0.0,0.0,0.0,0.0,0.0,0.0
1789986034,675221532,n/a,0.0,0.0,0.0,0.0,0.0,0.0
1789986034,696608312,n/a,0.0,0.0,0.0,0.0,0.0,0.0
1789986034,720161512,n/a,0.0,0.0,0.0,0.0,0.0,0.0
1789986034,738697251,n/a,0.0,0.0,0.0,0.0,0.0,0.0
1789986034,755345453,n/a,0.0,0.0,0.0,0.0,0.0,0.0
1789986034,780977776,n/a,0.0,0.0,0.0,0.0,0.0,0.0
1789986034,798006954,n/a,0.0,0.0,0.0,0.0,0.0,0.0
1789986034,819499406,n/a,0.0,0.0,0.0,0.0,0.0,0.0
1789986034,837219400,n/a,0.0,0.0,0.0,0.0,0.0,0.0
1789986034,860059291,n/a,0.0,0.0,0.0,0.0,0.0,0.0
1789986034,876837929,n/a,0.0,0.0,0.0,0.0,0.0,0.0
1789986034,899505449,n/a,0.0,0.0,0.0,0.0,0.0,0.0
1789986034,920972349,n/a,0.0,0.0,0.0,0.0,0.0,0.0
1789986034,937747575,n/a,0.0,0.0,0.0,0.0,0.0,0.0
1789986034,955002800,n/a,0.0,0.0,0.0,0.0,0.0,0.0
1789986034,977170416,n/a,0.0,0.0,0.0,0.0,0.0,0.0
1789986034,999550637,n/a,0.0,0.0,0.0,0.0,0.0,0.0
1789986035,16268233,n/a,0.0,0.0,0.0,0.0,0.0,0.0
1789986035,38899828,n/a,0.0,0.0,0.0,0.0,0.0,0.0
1789986035,54991114,n/a,0.0,0.0,0.0,0.0,0.0,0.0
1789986035,77414133,n/a,0.0,0.0,0.0,0.0,0.0,0.0
1789986035,99834554,n/a,0.0,0.0,0.0,0.0,0.0,0.0
1789986035,115884504,n/a,0.0,0.0,0.0,0.0,0.0,0.0
1789986035,136413228,n/a,0.0,0.0,0.0,0.0,0.0,0.0
1789986035,159091729,n/a,0.0,0.0,0.0,0.0,0.0,0.0
1789986035,175614658,n/a,0.0,0.0,0.0,0.0,0.0,0.0
1789986035,197343575,n/a,0.0,0.0,0.0,0.0,0.0,0.0
1789986035,219710093,n/a,0.0,0.0,0.0,0.0,0.0,0.0
1789986035,240073385,n/a,0.0,0.0,0.0,0.0,0.0,0.0
1789986035,256855039,n/a,0.0,0.0,0.0,0.0,0.0,0.0
1789986035,279074616,n/a,0.0,0.0,0.0,0.0,0.0,0.0
1789986035,295397822,n/a,0.0,0.0,0.0,0.0,0.0,0.0
1789986035,316661892,n/a,0.0,0.0,0.0,0.0,0.0,0.0
1789986035,341603110,n/a,0.0,0.0,0.0,0.0,0.0,0.0
1789986035,355020552,n/a,0.0,0.0,0.0,0.0,0.0,0.0
1789986035,376830096,n/a,0.0,0.0,0.0,0.0,0.0,0.0
1789986035,399225219,n/a,0.0,0.0,0.0,0.0,0.0,0.0
1789986035,415155882,n/a,0.0,0.0,0.0,0.0,0.0,0.0
1789986035,436378687,n/a,0.0,0.0,0.0,0.0,0.0,0.0
1789986035,457762566,n/a,0.0,0.0,0.0,0.0,0.0,0.0
1789986035,479712719,n/a,0.0,0.0,0.0,0.0,0.0,0.0
1789986035,496327104,n/a,0.0,0.0,0.0,0.0,0.0,0.0
1789986035,517613317,n/a,0.0,0.0,0.0,0.0,0.0,0.0
1789986035,538966407,n/a,0.0,0.0,0.0,0.0,0.0,0.0
1789986035,559389505,n/a,0.0,0.0,0.0,0.0,0.0,0.0
1789986035,576589254,n/a,0.0,0.0,0.0,0.0,0.0,0.0
1789986035,598767959,n/a,0.0,0.0,0.0,0.0,0.0,0.0
1789986035,620226530,n/a,0.0,0.0,0.0,0.0,0.0,0.0
1789986035,636073404,n/a,0.0,0.0,0.0,0.0,0.0,0.0
1789986035,662359281,n/a,0.0,0.0,0.0,0.0,0.0,0.0
1789986035,679039934,n/a,0.0,0.0,0.0,0.0,0.0,0.0
1789986035,695309567,n/a,0.0,0.0,0.0,0.0,0.0,0.0
1789986035,717040482,n/a,0.0,0.0,0.0,0.0,0.0,0.0
1789986035,738415375,n/a,0.0,0.0,0.0,0.0,0.0,0.0
1789986035,762878229,n/a,0.0,0.0,0.0,0.0,0.0,0.0
1789986035,775454511,n/a,0.0,0.0,0.0,0.0,0.0,0.0
1789986035,798001936,n/a,0.0,0.0,0.0,0.0,0.0,0.0
1789986035,819915969,n/a,0.0,0.0,0.0,0.0,0.0,0.0
1789986035,835831573,n/a,0.0,0.0,0.0,0.0,0.0,0.0
1789986035,856732453,n/a,0.0,0.0,0.0,0.0,0.0,0.0
1789986035,876920640,n/a,0.0,0.0,0.0,0.0,0.0,0.0
1789986035,898433686,n/a,0.0,0.0,0.0,0.0,0.0,0.0
1789986035,920735830,n/a,0.0,0.0,0.0,0.0,0.0,0.0
1789986035,936939200,n/a,0.0,0.0,0.0,0.0,0.0,0.0
1789986035,958414083,n/a,0.0,0.0,0.0,0.0,0.0,0.0
1789986035,978215509,n/a,1.0,0.0,0.0,0.0,0.0,0.0
1789986035,999475133,n/a,1.0,0.0,0.0,0.0,0.0,0.0
1789986036,16428180,n/a,1.0,0.0,0.0,0.0,0.0,0.0
1789986036,38787802,n/a,1.0,0.0,0.0,0.0,0.0,0.0
1789986036,55252289,n/a,1.0,0.0,0.0,0.0,0.0,0.0
1789986036,81112952,n/a,1.0,0.0,0.0,0.0,0.0,0.0
1789986036,97960117,n/a,1.0,0.0,0.0,0.0,0.0,0.0
1789986036,120001038,n/a,1.0,0.0,0.0,0.0,0.0,0.0
1789986036,136962149,n/a,1.0,0.0,0.0,0.0,0.0,0.0
1789986036,159463189,n/a,1.0,0.0,0.0,0.0,0.0,0.0
1789986036,177073927,n/a,1.0,0.0,0.0,0.0,0.0,0.0
1789986036,197558551,n/a,1.0,0.0,0.0,0.0,0.0,0.0
1789986036,219288049,n/a,1.0,0.0,0.0,0.0,0.0,0.0
1789986036,235877759,n/a,0.0,0.0,0.0,0.0,0.0,0.0
1789986036,258345541,n/a,0.0,0.0,0.0,0.0,0.0,0.0
1789986036,275275260,n/a,0.0,0.0,0.0,0.0,0.0,0.0
1789986036,298700012,n/a,0.0,0.0,0.0,0.0,0.0,0.0
1789986036,315487960,n/a,0.0,0.0,0.0,0.0,0.0,0.0
1789986036,337362417,n/a,0.0,0.0,0.0,0.0,0.0,0.0
1789986036,359691102,n/a,0.0,0.0,0.0,0.0,0.0,0.0
1789986036,376262297,n/a,0.0,0.0,0.0,0.0,0.0,0.0
1789986036,402694622,n/a,0.0,0.0,0.0,0.0,0.0,0.0
1789986036,421086529,n/a,0.0,0.0,0.0,0.0,0.0,0.0
1789986036,439943428,n/a,0.0,0.0,0.0,0.0,0.0,0.0
1789986036,456481361,n/a,0.0,0.0,0.0,0.0,0.0,0.0
1789986036,478256797,n/a,0.0,0.0,0.0,0.0,0.0,0.0
1789986036,499687472,n/a,0.0,0.0,0.0,0.0,0.0,0.0
1789986036,515444100,n/a,0.0,0.0,0.0,0.0,0.0,0.0
1789986036,539001609,n/a,0.0,0.0,0.0,0.0,0.0,0.0
1789986036,556342090,n/a,0.0,0.0,0.0,0.0,0.0,0.0
1789986036,578348376,n/a,0.0,0.0,0.0,0.0,0.0,0.0
1789986036,600203894,n/a,0.0,0.0,0.0,0.0,0.0,0.0
1789986036,621423745,n/a,0.0,0.0,0.0,0.0,0.0,0.0
1789986036,638473579,n/a,0.0,0.0,0.0,0.0,0.0,0.0
1789986036,654902026,n/a,0.0,0.0,0.0,0.0,0.0,0.0
1789986036,677030788,n/a,0.0,0.0,0.0,0.0,0.0,0.0
1789986036,698978024,n/a,0.0,0.0,0.0,0.0,0.0,0.0
1789986036,715313627,n/a,0.0,0.0,0.0,0.0,0.0,0.0
1789986036,737689606,n/a,0.0,0.0,0.0,0.0,0.0,0.0
1789986036,760435926,n/a,0.0,0.0,0.0,0.0,0.0,0.0
1789986036,777295384,n/a,0.0,0.0,0.0,0.0,0.0,0.0
1789986036,799380856,n/a,0.0,0.0,0.0,0.0,0.0,0.0
1789986036,815371608,n/a,0.0,0.0,0.0,0.0,0.0,0.0
1789986036,836484581,n/a,0.0,0.0,0.0,0.0,0.0,0.0
1789986036,858477713,n/a,0.0,0.0,0.0,0.0,0.0,0.0
1789986036,875205016,n/a,0.0,0.0,0.0,0.0,0.0,0.0
1789986036,897370322,n/a,0.0,0.0,0.0,0.0,0.0,0.0
1789986036,918658604,n/a,0.0,0.0,0.0,0.0,0.0,0.0
1789986036,940047856,n/a,0.0,0.0,0.0,0.0,0.0,0.0
1789986036,956568326,n/a,0.0,0.0,0.0,0.0,0.0,0.0
1789986036,978329295,n/a,0.0,0.0,0.0,0.0,0.0,0.0
1789986037,629239,n/a,0.0,0.0,0.0,0.0,0.0,0.0
1789986037,17137255,n/a,0.0,0.0,0.0,0.0,0.0,0.0
1789986037,43506921,n/a,0.0,0.0,0.0,0.0,0.0,0.0
1789986037,55733300,n/a,0.0,0.0,0.0,0.0,0.0,0.0
1789986037,77257217,n/a,0.0,0.0,0.0,0.0,0.0,0.0
1789986037,98931495,n/a,0.0,0.0,0.0,0.0,0.0,0.0
1789986037,115234903,n/a,0.0,0.0,0.0,0.0,0.0,0.0
1789986037,137354021,n/a,0.0,0.0,0.0,0.0,0.0,0.0
1789986037,158417396,n/a,0.0,0.0,0.0,0.0,0.0,0.0
1789986037,175282624,n/a,0.0,0.0,0.0,0.0,0.0,0.0
1789986037,197020397,n/a,0.0,0.0,0.0,0.0,0.0,0.0
1789986037,219493962,n/a,0.0,0.0,0.0,0.0,0.0,0.0
1789986037,235773252,n/a,0.0,0.0,0.0,0.0,0.0,0.0
1789986037,256836398,n/a,0.0,0.0,0.0,0.0,0.0,0.0
1789986037,279251460,n/a,0.0,0.0,0.0,0.0,0.0,0.0
1789986037,295747476,n/a,0.0,0.0,0.0,0.0,0.0,0.0
1789986037,317507385,n/a,0.0,0.0,0.0,0.0,0.0,0.0
1789986037,339183529,n/a,0.0,0.0,0.0,0.0,0.0,0.0
1789986037,358033648,n/a,0.0,0.0,0.0,0.0,0.0,0.0
1789986037,377380135,n/a,0.0,0.0,0.0,0.0,0.0,0.0
1789986037,399128095,n/a,0.0,0.0,0.0,0.0,0.0,0.0
1789986037,415225175,n/a,0.0,0.0,0.0,0.0,0.0,0.0
1789986037,436668869,n/a,0.0,0.0,0.0,0.0,0.0,0.0
1789986037,458323999,n/a,0.0,0.0,0.0,0.0,0.0,0.0
1789986037,479953859,n/a,0.0,0.0,0.0,0.0,0.0,0.0
1789986037,496584827,n/a,0.0,0.0,0.0,0.0,0.0,0.0
1789986037,518125761,n/a,0.0,0.0,0.0,0.0,0.0,0.0
1789986037,539728035,n/a,0.0,0.0,0.0,0.0,0.0,0.0
1789986037,555560920,n/a,0.0,0.0,0.0,0.0,0.0,0.0
1789986037,576805682,n/a,0.0,0.0,0.0,0.0,0.0,0.0
1789986037,599005676,n/a,0.0,0.0,0.0,0.0,0.0,0.0
1789986037,615345069,n/a,0.0,0.0,0.0,0.0,0.0,0.0
1789986037,637156940,n/a,0.0,0.0,0.0,0.0,0.0,0.0
1789986037,658917338,n/a,0.0,0.0,0.0,0.0,0.0,0.0
1789986037,679435770,n/a,0.0,0.0,0.0,0.0,0.0,0.0
1789986037,695911919,n/a,0.0,0.0,0.0,0.0,0.0,0.0
1789986037,717501850,n/a,0.0,0.0,0.0,0.0,0.0,0.0
1789986037,739963892,n/a,-1.0,0.0,0.0,0.0,0.0,0.0
1789986037,756600042,n/a,-1.0,0.0,0.0,0.0,0.0,0.0
1789986037,781961363,n/a,-1.0,0.0,0.0,0.0,0.0,0.0
1789986037,799185715,n/a,-1.0,0.0,0.0,0.0,0.0,0.0
1789986037,815212597,n/a,-1.0,0.0,0.0,0.0,0.0,0.0
1789986037,837062116,n/a,-1.0,0.0,0.0,0.0,0.0,0.0
1789986037,858737631,n/a,-1.0,0.0,0.0,0.0,0.0,0.0
1789986037,874982450,n/a,-1.0,0.0,0.0,0.0,0.0,0.0
1789986037,895888244,n/a,-1.0,0.0,0.0,0.0,0.0,0.0
1789986037,917419361,n/a,-1.0,0.0,0.0,0.0,0.0,0.0
1789986037,939426043,n/a,-1.0,0.0,0.0,0.0,0.0,0.0
1789986037,956736484,n/a,-1.0,0.0,0.0,0.0,0.0,0.0
1789986037,975587178,n/a,0.0,0.0,0.0,0.0,0.0,0.0
1789986037,997513545,n/a,0.0,0.0,0.0,0.0,0.0,0.0
1789986038,14888002,n/a,0.0,0.0,0.0,0.0,0.0,0.0
1789986038,38751453,n/a,0.0,0.0,0.0,0.0,0.0,0.0
1789986038,56833314,n/a,0.0,0.0,0.0,0.0,0.0,0.0
1789986038,75363843,n/a,0.0,0.0,0.0,0.0,0.0,0.0
1789986038,99291557,n/a,0.0,0.0,0.0,0.0,0.0,0.0
1789986038,116828747,n/a,0.0,0.0,0.0,0.0,0.0,0.0
1789986038,140267944,n/a,0.0,0.0,0.0,0.0,0.0,0.0
1789986038,156953305,n/a,0.0,0.0,0.0,0.0,0.0,0.0
1789986038,175204483,n/a,0.0,0.0,0.0,0.0,0.0,0.0
1789986038,199459206,n/a,0.0,0.0,0.0,0.0,0.0,0.0
1789986038,216711690,n/a,0.0,0.0,0.0,0.0,0.0,0.0
1789986038,240175749,n/a,0.0,0.0,0.0,0.0,0.0,0.0
1789986038,257362417,n/a,0.0,0.0,0.0,0.0,0.0,0.0
1789986038,279646480,n/a,0.0,0.0,0.0,0.0,0.0,0.0
1789986038,297726035,n/a,0.0,0.0,0.0,0.0,0.0,0.0
1789986038,315618527,n/a,0.0,0.0,0.0,0.0,0.0,0.0
1789986038,336598575,n/a,0.0,0.0,0.0,0.0,0.0,0.0
1789986038,357752077,n/a,0.0,0.0,0.0,0.0,0.0,0.0
1789986038,376053559,n/a,0.0,0.0,0.0,0.0,0.0,0.0
1789986038,399795639,n/a,0.0,0.0,0.0,0.0,0.0,0.0
1789986038,419340860,n/a,0.0,0.0,0.0,0.0,0.0,0.0
1789986038,435389000,n/a,0.0,0.0,0.0,0.0,0.0,0.0
1789986038,456405094,n/a,0.0,0.0,0.0,0.0,0.0,0.0
1789986038,479490659,n/a,0.0,0.0,0.0,0.0,0.0,0.0
1789986038,495696297,n/a,0.0,0.0,0.0,0.0,0.0,0.0
1789986038,517200299,n/a,0.0,0.0,0.0,0.0,0.0,0.0
1789986038,538681155,n/a,0.0,0.0,0.0,0.0,0.0,0.0
1789986038,558638443,n/a,0.0,0.0,0.0,0.0,0.0,0.0
1789986038,575932962,n/a,0.0,0.0,0.0,0.0,0.0,0.0
1789986038,597197912,n/a,0.0,0.0,0.0,0.0,0.0,0.0
1789986038,618714945,n/a,0.0,0.0,0.0,0.0,0.0,0.0
1789986038,635819284,n/a,0.0,0.0,0.0,0.0,0.0,0.0
1789986038,659463891,n/a,0.0,0.0,0.0,0.0,0.0,0.0
1789986038,681148861,n/a,0.0,0.0,0.0,0.0,0.0,0.0
1789986038,698614825,n/a,0.0,0.0,0.0,0.0,0.0,0.0
1789986038,715890781,n/a,0.0,0.0,0.0,0.0,0.0,0.0
1789986038,738870161,n/a,0.0,0.0,0.0,0.0,0.0,0.0
1789986038,755981706,n/a,0.0,0.0,0.0,0.0,0.0,0.0
1789986038,777341338,n/a,0.0,0.0,0.0,0.0,0.0,0.0
1789986038,800869117,n/a,0.0,0.0,0.0,0.0,0.0,0.0
1789986038,817236193,n/a,0.0,0.0,0.0,0.0,0.0,0.0
1789986038,838901786,n/a,0.0,0.0,0.0,0.0,0.0,0.0
1789986038,855213165,n/a,0.0,0.0,0.0,0.0,0.0,0.0
1789986038,879013750,n/a,0.0,0.0,0.0,0.0,0.0,0.0
1789986038,897509631,n/a,0.0,0.0,0.0,0.0,0.0,0.0
1789986038,919386577,n/a,0.0,0.0,0.0,0.0,0.0,0.0
1789986038,936022639,n/a,0.0,0.0,0.0,0.0,0.0,0.0
1789986038,957746450,n/a,0.0,0.0,0.0,0.0,0.0,0.0
1789986038,975524171,n/a,0.0,0.0,0.0,0.0,0.0,0.0
1789986038,997612979,n/a,0.0,0.0,0.0,0.0,0.0,0.0
1789986039,19422673,n/a,0.0,0.0,0.0,0.0,0.0,0.0
1789986039,36233933,n/a,0.0,0.0,0.0,0.0,0.0,0.0
1789986039,57878030,n/a,0.0,0.0,0.0,0.0,0.0,0.0
1789986039,79200254,n/a,0.0,0.0,0.0,0.0,0.0,0.0
1789986039,100778596,n/a,0.0,0.0,0.0,0.0,0.0,0.0
1789986039,116912501,n/a,0.0,0.0,0.0,0.0,0.0,0.0
1789986039,138834845,n/a,0.0,0.0,0.0,0.0,0.0,0.0
1789986039,155141798,n/a,0.0,0.0,0.0,0.0,0.0,0.0
1789986039,177361776,n/a,0.0,0.0,0.0,0.0,0.0,0.0
1789986039,203602430,n/a,0.0,0.0,0.0,0.0,0.0,0.0
1789986039,221191298,n/a,0.0,0.0,0.0,0.0,0.0,0.0
1789986039,237914785,n/a,0.0,0.0,0.0,0.0,0.0,0.0
1789986039,259824761,n/a,0.0,0.0,0.0,0.0,0.0,0.0
1789986039,275962876,n/a,0.0,0.0,0.0,0.0,0.0,0.0
1789986039,297635755,n/a,0.0,0.0,0.0,0.0,0.0,0.0
1789986039,318758916,n/a,0.0,0.0,0.0,0.0,0.0,0.0
1789986039,335430048,n/a,0.0,0.0,0.0,0.0,0.0,0.0
1789986039,357614129,n/a,0.0,0.0,0.0,0.0,0.0,0.0
1789986039,380444309,n/a,0.0,0.0,0.0,0.0,0.0,0.0
1789986039,396738819,n/a,0.0,0.0,0.0,0.0,0.0,0.0
1789986039,418340222,n/a,0.0,0.0,0.0,0.0,0.0,0.0
1789986039,435525771,n/a,0.0,0.0,0.0,0.0,0.0,0.0
1789986039,457313136,n/a,0.0,0.0,0.0,0.0,0.0,0.0
1789986039,480226044,n/a,0.6,0.0,0.0,0.0,0.0,0.0
1789986039,496946168,n/a,0.6,0.0,0.0,0.0,0.0,0.0
1789986039,523934948,n/a,0.6,0.0,0.0,0.0,0.0,0.0
1789986039,535562712,n/a,0.6,0.0,0.0,0.0,0.0,0.0
1789986039,558766011,n/a,0.6,0.0,0.0,0.0,0.0,0.0
1789986039,576643107,n/a,0.6,0.0,0.0,0.0,0.0,0.0
1789986039,598676446,n/a,0.6,0.0,0.0,0.0,0.0,0.0
1789986039,615105653,n/a,0.6,0.0,0.0,0.0,0.0,0.0
1789986039,637507467,n/a,0.6,0.0,0.0,0.0,0.0,0.0
1789986039,654956346,n/a,0.6,0.0,0.0,0.0,0.0,0.0
1789986039,677868445,n/a,0.6,0.0,0.0,0.0,0.0,0.0
1789986039,699854907,n/a,0.6,0.0,0.0,0.0,0.0,0.0
1789986039,716597306,n/a,0.6,0.0,0.0,0.0,0.0,0.0
1789986039,744780995,n/a,0.0,0.0,0.0,0.0,0.0,0.0
1789986039,756576500,n/a,0.0,0.0,0.0,0.0,0.0,0.0
1789986039,779645834,n/a,0.0,0.0,0.0,0.0,0.0,0.0
1789986039,796666519,n/a,0.0,0.0,0.0,0.0,0.0,0.0
1789986039,818510043,n/a,0.0,0.0,0.0,0.0,0.0,0.0
1789986039,835407596,n/a,0.0,0.0,0.0,0.0,0.0,0.0
1789986039,856981981,n/a,0.0,0.0,0.0,0.0,0.0,0.0
1789986039,880035876,n/a,0.0,0.0,0.0,0.0,0.0,0.0
1789986039,898318891,n/a,0.0,0.0,0.0,0.0,0.0,0.0
1789986039,920315642,n/a,0.0,0.0,0.0,0.0,0.0,0.0
1789986039,936826312,n/a,0.0,0.0,0.0,0.0,0.0,0.0
1789986039,963209828,n/a,0.0,0.0,0.0,0.0,0.0,0.0
1789986039,974944261,n/a,0.0,0.0,0.0,0.0,0.0,0.0
1789986039,996939024,n/a,0.0,0.0,0.0,0.0,0.0,0.0
1789986040,18980325,n/a,0.0,0.0,0.0,0.0,0.0,0.0
1789986040,36358720,n/a,0.0,0.0,0.0,0.0,0.0,0.0
1789986040,57703445,n/a,0.0,0.0,0.0,0.0,0.0,0.0
1789986040,79411148,n/a,0.0,0.0,0.0,0.0,0.0,0.0
1789986040,97040362,n/a,0.0,0.0,0.0,0.0,0.0,0.0
1789986040,120004970,n/a,0.0,0.0,0.0,0.0,0.0,0.0
1789986040,137134024,n/a,0.0,0.0,0.0,0.0,0.0,0.0
1789986040,159247124,n/a,0.0,0.0,0.0,0.0,0.0,0.0
1789986040,180958646,n/a,0.0,0.0,0.0,0.0,0.0,0.0
1789986040,198227380,n/a,0.0,0.0,0.0,0.0,0.0,0.0
1789986040,215590685,n/a,0.0,0.0,0.0,0.0,0.0,0.0
1789986040,237880144,n/a,0.0,0.0,0.0,0.0,0.0,0.0
1789986040,260102884,n/a,0.0,0.0,0.0,0.0,0.0,0.0
1789986040,276653388,n/a,0.0,0.0,0.0,0.0,0.0,0.0
1789986040,298044424,n/a,0.0,0.0,0.0,0.0,0.0,0.0
1789986040,320767102,n/a,0.0,0.0,0.0,0.0,0.0,0.0
1789986040,337827325,n/a,0.0,0.0,0.0,0.0,0.0,0.0
1789986040,359844852,n/a,0.0,0.0,0.0,0.0,0.0,0.0
1789986040,376629547,n/a,0.0,0.0,0.0,0.0,0.0,0.0
1789986040,397647579,n/a,0.0,0.0,0.0,0.0,0.0,0.0
1789986040,420381086,n/a,0.0,0.0,0.0,0.0,0.0,0.0
1789986040,436885336,n/a,0.0,0.0,0.0,0.0,0.0,0.0
1789986040,458449752,n/a,0.0,0.0,0.0,0.0,0.0,0.0
1789986040,475474624,n/a,0.0,0.0,0.0,0.0,0.0,0.0
1789986040,501955067,n/a,0.0,0.0,0.0,0.0,0.0,0.0
1789986040,519377980,n/a,0.0,0.0,0.0,0.0,0.0,0.0
1789986040,536198951,n/a,0.0,0.0,0.0,0.0,0.0,0.0
1789986040,558010509,n/a,0.0,0.0,0.0,0.0,0.0,0.0
1789986040,579704476,n/a,0.0,0.0,0.0,0.0,0.0,0.0
1789986040,596102843,n/a,0.0,0.0,0.0,0.0,0.0,0.0
1789986040,617456059,n/a,0.0,0.0,0.0,0.0,0.0,0.0
1789986040,639781994,n/a,0.0,0.0,0.0,0.0,0.0,0.0
1789986040,656313554,n/a,0.0,0.0,0.0,0.0,0.0,0.0
1789986040,677960043,n/a,0.0,0.0,0.0,0.0,0.0,0.0
1789986040,699998087,n/a,0.0,0.0,0.0,0.0,0.0,0.0
1789986040,715001698,n/a,0.0,0.0,0.0,0.0,0.0,0.0
1789986040,737199698,n/a,0.0,0.0,0.0,0.0,0.0,0.0
1789986040,759067443,n/a,0.0,0.0,0.0,0.0,0.0,0.0
1789986040,775906670,n/a,0.0,0.0,0.0,0.0,0.0,0.0
1789986040,798502529,n/a,0.0,0.0,0.0,0.0,0.0,0.0
1789986040,818181048,n/a,0.0,0.0,0.0,0.0,0.0,0.0
1789986040,835888525,n/a,0.0,0.0,0.0,0.0,0.0,0.0
1789986040,858077217,n/a,0.0,0.0,0.0,0.0,0.0,0.0
1789986040,879802153,n/a,0.0,0.0,0.0,0.0,0.0,0.0
1789986040,896353817,n/a,0.0,0.0,0.0,0.0,0.0,0.0
1789986040,918556884,n/a,0.0,0.0,0.0,0.0,0.0,0.0
1789986040,938069545,n/a,0.0,0.0,0.0,0.0,0.0,0.0
1789986040,960515349,n/a,0.0,0.0,0.0,0.0,0.0,0.0
1789986040,977058295,n/a,0.0,0.0,0.0,0.0,0.0,0.0
1789986040,999066232,n/a,0.0,0.0,0.0,0.0,0.0,0.0
1789986041,15388487,n/a,0.0,0.0,0.0,0.0,0.0,0.0
1789986041,36193486,n/a,0.0,0.0,0.0,0.0,0.0,0.0
1789986041,58007457,n/a,0.0,0.0,0.0,0.0,0.0,0.0
1789986041,80408972,n/a,0.0,0.0,0.0,0.0,0.0,0.0
1789986041,97057542,n/a,0.0,0.0,0.0,0.0,0.0,0.0
1789986041,118488890,n/a,0.0,0.0,0.0,0.0,0.0,0.0
1789986041,139086274,n/a,0.0,0.0,0.0,0.0,0.0,0.0
1789986041,155522723,n/a,0.0,0.0,0.0,0.0,0.0,0.0
1789986041,177974251,n/a,0.0,0.0,0.0,0.0,0.0,0.0
1789986041,195864410,n/a,0.0,0.0,0.0,0.0,0.0,0.0
1789986041,217503703,n/a,0.0,0.0,0.0,0.0,0.0,0.0
1789986041,243749390,n/a,0.35,0.0,0.0,0.0,0.0,0.0
1789986041,260267962,n/a,0.35,0.0,0.0,0.0,0.0,0.0
1789986041,276618322,n/a,0.35,0.0,0.0,0.0,0.0,0.0
1789986041,298975434,n/a,0.35,0.0,0.0,0.0,0.0,0.0
1789986041,315183286,n/a,0.35,0.0,0.0,0.0,0.0,0.0
1789986041,337123112,n/a,0.35,0.0,0.0,0.0,0.0,0.0
1789986041,357164696,n/a,0.35,0.0,0.0,0.0,0.0,0.0
1789986041,379268112,n/a,0.35,0.0,0.0,0.0,0.0,0.0
1789986041,396273668,n/a,0.35,0.0,0.0,0.0,0.0,0.0
1789986041,418006153,n/a,0.35,0.0,0.0,0.0,0.0,0.0
1789986041,439298947,n/a,0.35,0.0,0.0,0.0,0.0,0.0
1789986041,459252911,n/a,0.35,0.0,0.0,0.0,0.0,0.0
1789986041,476011881,n/a,0.0,0.0,0.0,0.0,0.0,0.0
1789986041,498309531,n/a,0.0,0.0,0.0,0.0,0.0,0.0
1789986041,519333207,n/a,0.0,0.0,0.0,0.0,0.0,0.0
1789986041,535436948,n/a,0.0,0.0,0.0,0.0,0.0,0.0
1789986041,561397268,n/a,0.0,0.0,0.0,0.0,0.0,0.0
1789986041,577722663,n/a,0.0,0.0,0.0,0.0,0.0,0.0
1789986041,599973357,n/a,0.0,0.0,0.0,0.0,0.0,0.0
1789986041,615871477,n/a,0.0,0.0,0.0,0.0,0.0,0.0
1789986041,637203336,n/a,0.0,0.0,0.0,0.0,0.0,0.0
1789986041,661669192,n/a,0.0,0.0,0.0,0.0,0.0,0.0
1789986041,678315881,n/a,0.0,0.0,0.0,0.0,0.0,0.0
1789986041,695569467,n/a,0.0,0.0,0.0,0.0,0.0,0.0
1789986041,716557378,n/a,0.0,0.0,0.0,0.0,0.0,0.0
1789986041,737805356,n/a,0.0,0.0,0.0,0.0,0.0,0.0
1789986041,761973300,n/a,0.0,0.0,0.0,0.0,0.0,0.0
1789986041,779659931,n/a,0.0,0.0,0.0,0.0,0.0,0.0
1789986041,796926214,n/a,0.0,0.0,0.0,0.0,0.0,0.0
1789986041,818494377,n/a,0.0,0.0,0.0,0.0,0.0,0.0
1789986041,839592256,n/a,0.0,0.0,0.0,0.0,0.0,0.0
1789986041,855329591,n/a,0.0,0.0,0.0,0.0,0.0,0.0
1789986041,875529888,n/a,0.0,0.0,0.0,0.0,0.0,0.0
1789986041,898005805,n/a,0.0,0.0,0.0,0.0,0.0,0.0
1789986041,920077606,n/a,0.0,0.0,0.0,0.0,0.0,0.0
1789986041,936336271,n/a,0.0,0.0,0.0,0.0,0.0,0.0
1789986041,957320518,n/a,0.0,0.0,0.0,0.0,0.0,0.0
1789986041,977443635,n/a,0.0,0.0,0.0,0.0,0.0,0.0
1789986041,999737040,n/a,0.0,0.0,0.0,0.0,0.0,0.0
1789986042,15564789,n/a,0.0,0.0,0.0,0.0,0.0,0.0
1789986042,37761719,n/a,0.0,0.0,0.0,0.0,0.0,0.0
1789986042,58872493,n/a,0.0,0.0,0.0,0.0,0.0,0.0
1789986042,79196510,n/a,0.0,0.0,0.0,0.0,0.0,0.0
1789986042,96364617,n/a,0.0,0.0,0.0,0.0,0.0,0.0
1789986042,117807454,n/a,0.0,0.0,0.0,0.0,0.0,0.0
1789986042,139602682,n/a,0.0,0.0,0.0,0.0,0.0,0.0
1789986042,155550549,n/a,0.0,0.0,0.0,0.0,0.0,0.0
1789986042,181080703,n/a,0.0,0.0,0.0,0.0,0.0,0.0
1789986042,198685137,n/a,0.0,0.0,0.0,0.0,0.0,0.0
1789986042,215319244,n/a,0.0,0.0,0.0,0.0,0.0,0.0
1789986042,237744177,n/a,0.0,0.0,0.0,0.0,0.0,0.0
1789986042,256068642,n/a,0.0,0.0,0.0,0.0,0.0,0.0
1789986042,277998741,n/a,0.0,0.0,0.0,0.0,0.0,0.0
1789986042,300117747,n/a,0.0,0.0,0.0,0.0,0.0,0.0
1789986042,316790010,n/a,0.0,0.0,0.0,0.0,0.0,0.0
1789986042,339098728,n/a,0.0,0.0,0.0,0.0,0.0,0.0
1789986042,356454941,n/a,0.0,0.0,0.0,0.0,0.0,0.0
1789986042,379496403,n/a,0.0,0.0,0.0,0.0,0.0,0.0
1789986042,402529546,n/a,0.0,0.0,0.0,0.0,0.0,0.0
1789986042,419762838,n/a,0.0,0.0,0.0,0.0,0.0,0.0
1789986042,436753626,n/a,0.0,0.0,0.0,0.0,0.0,0.0
1789986042,460138076,n/a,0.0,0.0,0.0,0.0,0.0,0.0
1789986042,477270771,n/a,0.0,0.0,0.0,0.0,0.0,0.0
1789986042,499164139,n/a,0.0,0.0,0.0,0.0,0.0,0.0
1789986042,515279601,n/a,0.0,0.0,0.0,0.0,0.0,0.0
1789986042,538035280,n/a,0.0,0.0,0.0,0.0,0.0,0.0
1789986042,555195959,n/a,0.0,0.0,0.0,0.0,0.0,0.0
1789986042,577055287,n/a,0.0,0.0,0.0,0.0,0.0,0.0
1789986042,598470415,n/a,0.0,0.0,0.0,0.0,0.0,0.0
1789986042,618979874,n/a,0.0,0.0,0.0,0.0,0.0,0.0
1789986042,635867787,n/a,0.0,0.0,0.0,0.0,0.0,0.0
1789986042,659043046,n/a,0.0,0.0,0.0,0.0,0.0,0.0
1789986042,675860343,n/a,0.0,0.0,0.0,0.0,0.0,0.0
1789986042,698177448,n/a,0.0,0.0,0.0,0.0,0.0,0.0
1789986042,724357847,n/a,0.0,0.0,0.0,0.0,0.0,0.0
1789986042,736069453,n/a,0.0,0.0,0.0,0.0,0.0,0.0
1789986042,760150352,n/a,0.0,0.0,0.0,0.0,0.0,0.0
1789986042,777279877,n/a,0.0,0.0,0.0,0.0,0.0,0.0
1789986042,798965578,n/a,0.0,0.0,0.0,0.0,0.0,0.0
1789986042,820245004,n/a,0.0,0.0,0.0,0.0,0.0,0.0
1789986042,835777082,n/a,0.0,0.0,0.0,0.0,0.0,0.0
1789986042,859356929,n/a,0.0,0.0,0.0,0.0,0.0,0.0
1789986042,876544825,n/a,0.0,0.0,0.0,0.0,0.0,0.0
1789986042,898475477,n/a,0.0,0.0,0.0,0.0,0.0,0.0
1789986042,920025415,n/a,0.0,0.0,0.0,0.0,0.0,0.0
1789986042,941567412,n/a,0.0,0.0,0.0,0.0,0.0,0.0
1789986042,958971196,n/a,0.0,0.0,0.0,0.0,0.0,0.0
1789986042,975518924,n/a,-0.35,0.0,0.0,0.0,0.0,0.0
1789986042,997525852,n/a,-0.35,0.0,0.0,0.0,0.0,0.0
1789986043,19337623,n/a,-0.35,0.0,0.0,0.0,0.0,0.0
1789986043,36284536,n/a,-0.35,0.0,0.0,0.0,0.0,0.0
1789986043,58662742,n/a,-0.35,0.0,0.0,0.0,0.0,0.0
1789986043,75548395,n/a,-0.35,0.0,0.0,0.0,0.0,0.0
1789986043,97444064,n/a,-0.35,0.0,0.0,0.0,0.0,0.0
1789986043,119292919,n/a,-0.35,0.0,0.0,0.0,0.0,0.0
1789986043,136617285,n/a,-0.35,0.0,0.0,0.0,0.0,0.0
1789986043,158680051,n/a,-0.35,0.0,0.0,0.0,0.0,0.0
1789986043,175194945,n/a,-0.35,0.0,0.0,0.0,0.0,0.0
1789986043,197058172,n/a,-0.35,0.0,0.0,0.0,0.0,0.0
1789986043,218407111,n/a,-0.35,0.0,0.0,0.0,0.0,0.0
1789986043,235220397,n/a,0.0,0.0,0.0,0.0,0.0,0.0
1789986043,263169306,n/a,0.0,0.0,0.0,0.0,0.0,0.0
1789986043,280282945,n/a,0.0,0.0,0.0,0.0,0.0,0.0
1789986043,296921158,n/a,0.0,0.0,0.0,0.0,0.0,0.0
1789986043,318294829,n/a,0.0,0.0,0.0,0.0,0.0,0.0
1789986043,340146388,n/a,0.0,0.0,0.0,0.0,0.0,0.0
1789986043,357446873,n/a,0.0,0.0,0.0,0.0,0.0,0.0
1789986043,379493540,n/a,0.0,0.0,0.0,0.0,0.0,0.0
1789986043,396306371,n/a,0.0,0.0,0.0,0.0,0.0,0.0
1789986043,417322909,n/a,0.0,0.0,0.0,0.0,0.0,0.0
1789986043,439103917,n/a,0.0,0.0,0.0,0.0,0.0,0.0
1789986043,455210135,n/a,0.0,0.0,0.0,0.0,0.0,0.0
1789986043,476186627,n/a,0.0,0.0,0.0,0.0,0.0,0.0
1789986043,498524160,n/a,0.0,0.0,0.0,0.0,0.0,0.0
1789986043,519862646,n/a,0.0,0.0,0.0,0.0,0.0,0.0
1789986043,536126430,n/a,0.0,0.0,0.0,0.0,0.0,0.0
1789986043,557777268,n/a,0.0,0.0,0.0,0.0,0.0,0.0
1789986043,576888835,n/a,0.0,0.0,0.0,0.0,0.0,0.0
1789986043,600191354,n/a,0.0,0.0,0.0,0.0,0.0,0.0
1789986043,616206693,n/a,0.0,0.0,0.0,0.0,0.0,0.0
1789986043,638283516,n/a,0.0,0.0,0.0,0.0,0.0,0.0
1789986043,659526067,n/a,0.0,0.0,0.0,0.0,0.0,0.0
1789986043,675861519,n/a,0.0,0.0,0.0,0.0,0.0,0.0
1789986043,695916781,n/a,0.0,0.0,0.0,0.0,0.0,0.0
1789986043,717597990,n/a,0.0,0.0,0.0,0.0,0.0,0.0
1789986043,740257752,n/a,0.0,0.0,0.0,0.0,0.0,0.0
1789986043,756329100,n/a,0.0,0.0,0.0,0.0,0.0,0.0
1789986043,778624042,n/a,0.0,0.0,0.0,0.0,0.0,0.0
1789986043,795552211,n/a,0.0,0.0,0.0,0.0,0.0,0.0
1789986043,817400003,n/a,0.0,0.0,0.0,0.0,0.0,0.0
1789986043,840421256,n/a,0.0,0.0,0.0,0.0,0.0,0.0
1789986043,856732001,n/a,0.0,0.0,0.0,0.0,0.0,0.0
1789986043,878253292,n/a,0.0,0.0,0.0,0.0,0.0,0.0
1789986043,900316027,n/a,0.0,0.0,0.0,0.0,0.0,0.0
1789986043,916198653,n/a,0.0,0.0,0.0,0.0,0.0,0.0
1789986043,938089349,n/a,0.0,0.0,0.0,0.0,0.0,0.0
1789986043,960400407,n/a,0.0,0.0,0.0,0.0,0.0,0.0
1789986043,976551805,n/a,0.0,0.0,0.0,0.0,0.0,0.0
1789986044,4562302,n/a,0.0,0.0,0.0,0.0,0.0,0.0
1789986044,16021702,n/a,0.0,0.0,0.0,0.0,0.0,0.0
1789986044,38895287,n/a,0.0,0.0,0.0,0.0,0.0,0.0
1789986044,55338719,n/a,0.0,0.0,0.0,0.0,0.0,0.0
1789986044,77231975,n/a,0.0,0.0,0.0,0.0,0.0,0.0
1789986044,99573952,n/a,0.0,0.0,0.0,0.0,0.0,0.0
1789986044,120374897,n/a,0.0,0.0,0.0,0.0,0.0,0.0
1789986044,136815249,n/a,0.0,0.0,0.0,0.0,0.0,0.0
1789986044,158310324,n/a,0.0,0.0,0.0,0.0,0.0,0.0
1789986044,179710991,n/a,0.0,0.0,0.0,0.0,0.0,0.0
1789986044,196397810,n/a,0.0,0.0,0.0,0.0,0.0,0.0
1789986044,216837012,n/a,0.0,0.0,0.0,0.0,0.0,0.0
1789986044,239444311,n/a,0.0,0.0,0.0,0.0,0.0,0.0
1789986044,255598964,n/a,0.0,0.0,0.0,0.0,0.0,0.0
1789986044,277258471,n/a,0.0,0.0,0.0,0.0,0.0,0.0
1789986044,300260271,n/a,0.0,0.0,0.0,0.0,0.0,0.0
1789986044,319250544,n/a,0.0,0.0,0.0,0.0,0.0,0.0
1789986044,337155969,n/a,0.0,0.0,0.0,0.0,0.0,0.0
1789986044,358568386,n/a,0.0,0.0,0.0,0.0,0.0,0.0
1789986044,375364030,n/a,0.0,0.0,0.0,0.0,0.0,0.0
1789986044,397672297,n/a,0.0,0.0,0.0,0.0,0.0,0.0
1789986044,419200966,n/a,0.0,0.0,0.0,0.0,0.0,0.0
1789986044,440517874,n/a,0.0,0.0,0.0,0.0,0.0,0.0
1789986044,457039583,n/a,0.0,0.0,0.0,0.0,0.0,0.0
1789986044,479521398,n/a,0.0,0.0,0.0,0.0,0.0,0.0
1789986044,496699714,n/a,0.0,0.0,0.0,0.0,0.0,0.0
1789986044,518089058,n/a,0.0,0.0,0.0,0.0,0.0,0.0
1789986044,539313798,n/a,0.0,0.0,0.0,0.0,0.0,0.0
1789986044,555777612,n/a,0.0,0.0,0.0,0.0,0.0,0.0
1789986044,578174376,n/a,0.0,0.0,0.0,0.0,0.0,0.0
1789986044,595543882,n/a,0.0,0.0,0.0,0.0,0.0,0.0
1789986044,617102132,n/a,0.0,0.0,0.0,0.0,0.0,0.0
1789986044,644159675,n/a,0.0,0.0,0.0,0.0,0.0,0.0
1789986044,655048450,n/a,0.0,0.0,0.0,0.0,0.0,0.0
1789986044,677281760,n/a,0.0,0.0,0.0,0.0,0.0,0.0
1789986044,699692701,n/a,0.0,0.0,0.0,0.0,0.0,0.0
1789986044,715550552,n/a,0.0,0.0,0.0,0.0,0.0,0.0
1789986044,737452935,n/a,-0.6,0.0,0.0,0.0,0.0,0.0
1789986044,758255958,n/a,-0.6,0.0,0.0,0.0,0.0,0.0
1789986044,775480247,n/a,-0.6,0.0,0.0,0.0,0.0,0.0
1789986044,798393564,n/a,-0.6,0.0,0.0,0.0,0.0,0.0
1789986044,815991950,n/a,-0.6,0.0,0.0,0.0,0.0,0.0
1789986044,839581433,n/a,-0.6,0.0,0.0,0.0,0.0,0.0
1789986044,860372450,n/a,-0.6,0.0,0.0,0.0,0.0,0.0
1789986044,877462223,n/a,-0.6,0.0,0.0,0.0,0.0,0.0
1789986044,900019450,n/a,-0.6,0.0,0.0,0.0,0.0,0.0
1789986044,916332645,n/a,-0.6,0.0,0.0,0.0,0.0,0.0
1789986044,938789697,n/a,-0.6,0.0,0.0,0.0,0.0,0.0
1789986044,964195454,n/a,-0.6,0.0,0.0,0.0,0.0,0.0
1789986044,976245078,n/a,0.0,0.0,0.0,0.0,0.0,0.0
1789986044,998836652,n/a,0.0,0.0,0.0,0.0,0.0,0.0
1789986045,20318522,n/a,0.0,0.0,0.0,0.0,0.0,0.0
1789986045,36784945,n/a,0.0,0.0,0.0,0.0,0.0,0.0
1789986045,58376962,n/a,0.0,0.0,0.0,0.0,0.0,0.0
1789986045,80431012,n/a,0.0,0.0,0.0,0.0,0.0,0.0
1789986045,97804784,n/a,0.0,0.0,0.0,0.0,0.0,0.0
1789986045,119350565,n/a,0.0,0.0,0.0,0.0,0.0,0.0
1789986045,135364281,n/a,0.0,0.0,0.0,0.0,0.0,0.0
1789986045,156934436,n/a,0.0,0.0,0.0,0.0,0.0,0.0
1789986045,177879675,n/a,0.0,0.0,0.0,0.0,0.0,0.0
1789986045,195486205,n/a,0.0,0.0,0.0,0.0,0.0,0.0
1789986045,216947217,n/a,0.0,0.0,0.0,0.0,0.0,0.0
1789986045,238959238,n/a,0.0,0.0,0.0,0.0,0.0,0.0
1789986045,256473633,n/a,0.0,0.0,0.0,0.0,0.0,0.0
1789986045,276749446,n/a,0.0,0.0,0.0,0.0,0.0,0.0
1789986045,298932416,n/a,0.0,0.0,0.0,0.0,0.0,0.0
1789986045,315301724,n/a,0.0,0.0,0.0,0.0,0.0,0.0
1789986045,337184443,n/a,0.0,0.0,0.0,0.0,0.0,0.0
1789986045,359165369,n/a,0.0,0.0,0.0,0.0,0.0,0.0
1789986045,375414645,n/a,0.0,0.0,0.0,0.0,0.0,0.0
1789986045,395527879,n/a,0.0,0.0,0.0,0.0,0.0,0.0
1789986045,417991613,n/a,0.0,0.0,0.0,0.0,0.0,0.0
1789986045,439750923,n/a,0.0,0.0,0.0,0.0,0.0,0.0
1789986045,456122725,n/a,0.0,0.0,0.0,0.0,0.0,0.0
1789986045,478019826,n/a,0.0,0.0,0.0,0.0,0.0,0.0
1789986045,497484555,n/a,0.0,0.0,0.0,0.0,0.0,0.0
1789986045,519977616,n/a,0.0,0.0,0.0,0.0,0.0,0.0
1789986045,536692099,n/a,0.0,0.0,0.0,0.0,0.0,0.0
1789986045,558999134,n/a,0.0,0.0,0.0,0.0,0.0,0.0
1789986045,575294144,n/a,0.0,0.0,0.0,0.0,0.0,0.0
1789986045,597418187,n/a,0.0,0.0,0.0,0.0,0.0,0.0
1789986045,615854155,n/a,0.0,0.0,0.0,0.0,0.0,0.0
1789986045,638410660,n/a,0.0,0.0,0.0,0.0,0.0,0.0
1789986045,655188711,n/a,0.0,0.0,0.0,0.0,0.0,0.0
1789986045,676702464,n/a,0.0,0.0,0.0,0.0,0.0,0.0
1789986045,698051495,n/a,0.0,0.0,0.0,0.0,0.0,0.0
1789986045,718099062,n/a,0.0,0.0,0.0,0.0,0.0,0.0
1789986045,740048726,n/a,0.0,0.0,0.0,0.0,0.0,0.0
1789986045,756681064,n/a,0.0,0.0,0.0,0.0,0.0,0.0
1789986045,778400914,n/a,0.0,0.0,0.0,0.0,0.0,0.0
1789986045,799288404,n/a,0.0,0.0,0.0,0.0,0.0,0.0
1789986045,819065879,n/a,0.0,0.0,0.0,0.0,0.0,0.0
1789986045,835633007,n/a,0.0,0.0,0.0,0.0,0.0,0.0
1789986045,858004370,n/a,0.0,0.0,0.0,0.0,0.0,0.0
1789986045,879384956,n/a,0.0,0.0,0.0,0.0,0.0,0.0
1789986045,895739797,n/a,0.0,0.0,0.0,0.0,0.0,0.0
1789986045,920553898,n/a,0.0,0.0,0.0,0.0,0.0,0.0
1789986045,936841190,n/a,0.0,0.0,0.0,0.0,0.0,0.0
1789986045,959052866,n/a,0.0,0.0,0.0,0.0,0.0,0.0
1789986045,975028001,n/a,0.0,0.0,0.0,0.0,0.0,0.0
1789986045,995968214,n/a,0.0,0.0,0.0,0.0,0.0,0.0
1789986046,21372765,n/a,0.0,0.0,0.0,0.0,0.0,0.0
1789986046,38072833,n/a,0.0,0.0,0.0,0.0,0.0,0.0
1789986046,59974759,n/a,0.0,0.0,0.0,0.0,0.0,0.0
1789986046,75800518,n/a,0.0,0.0,0.0,0.0,0.0,0.0
1789986046,96313395,n/a,0.0,0.0,0.0,0.0,0.0,0.0
1789986046,121734579,n/a,0.0,0.0,0.0,0.0,0.0,0.0
1789986046,138214152,n/a,0.0,0.0,0.0,0.0,0.0,0.0
1789986046,160360032,n/a,0.0,0.0,0.0,0.0,0.0,0.0
1789986046,176217630,n/a,0.0,0.0,0.0,0.0,0.0,0.0
1789986046,197174554,n/a,0.0,0.0,0.0,0.0,0.0,0.0
1789986046,220847773,n/a,0.0,0.0,0.0,0.0,0.0,0.0
1789986046,238009697,n/a,0.0,0.0,0.0,0.0,0.0,0.0
1789986046,259935946,n/a,0.0,0.0,0.0,0.0,0.0,0.0
1789986046,275726425,n/a,0.0,0.0,0.0,0.0,0.0,0.0
1789986046,296659003,n/a,0.0,0.0,0.0,0.0,0.0,0.0
1789986046,318363084,n/a,0.0,0.0,0.0,0.0,0.0,0.0
1789986046,336975379,n/a,0.0,0.0,0.0,0.0,0.0,0.0
1789986046,360114474,n/a,0.0,0.0,0.0,0.0,0.0,0.0
1789986046,376537475,n/a,0.0,0.0,0.0,0.0,0.0,0.0
1789986046,397494931,n/a,0.0,0.0,0.0,0.0,0.0,0.0
1789986046,417930916,n/a,0.0,0.0,0.0,0.0,0.0,0.0
1789986046,437519770,n/a,0.0,0.0,0.0,0.0,0.0,0.0
1789986046,460114244,n/a,0.0,0.0,0.0,0.0,0.0,0.0
1789986046,476948991,n/a,6.337165832448477e-05,0.0,0.0,0.0,0.0,0.0
1789986046,499055434,n/a,0.004059743881224875,0.0,0.0,0.0,0.0,0.0
1789986046,519896463,n/a,0.008059358596801047,0.0,0.0,0.0,0.0,0.0
1789986046,539499474,n/a,0.012076759338378196,0.0,0.0,0.0,0.0,0.0
1789986046,555564222,n/a,0.01605525016784597,0.0,0.0,0.0,0.0,0.0
1789986046,576498687,n/a,0.02007145881652761,0.0,0.0,0.0,0.0,0.0
1789986046,598955101,n/a,0.024070215225219016,0.0,0.0,0.0,0.0,0.0
1789986046,619957685,n/a,0.02806229591369558,0.0,0.0,0.0,0.0,0.0
1789986046,639496769,n/a,0.032077646255492455,0.0,0.0,0.0,0.0,0.0
1789986046,655831966,n/a,0.03605670928955007,0.0,0.0,0.0,0.0,0.0
1789986046,677046167,n/a,0.04005818367004323,0.0,0.0,0.0,0.0,0.0
1789986046,698553583,n/a,0.044059991836547144,0.0,0.0,0.0,0.0,0.0
1789986046,719458954,n/a,0.048065853118895774,0.0,0.0,0.0,0.0,0.0
1789986046,739147126,n/a,0.052065992355345966,0.0,0.0,0.0,0.0,0.0
1789986046,755542644,n/a,0.056058263778685814,0.0,0.0,0.0,0.0,0.0
1789986046,776758163,n/a,0.06005897521972585,0.0,0.0,0.0,0.0,0.0
1789986046,798597422,n/a,0.0640601634979241,0.0,0.0,0.0,0.0,0.0
1789986046,819195519,n/a,0.0680509090423577,0.0,0.0,0.0,0.0,0.0
1789986046,838119484,n/a,0.07206616401672292,0.0,0.0,0.0,0.0,0.0
1789986046,860211870,n/a,0.07607812881469656,0.0,0.0,0.0,0.0,0.0
1789986046,876286689,n/a,0.08006234169006277,0.0,0.0,0.0,0.0,0.0
1789986046,898120716,n/a,0.08406081199645925,0.0,0.0,0.0,0.0,0.0
1789986046,919328297,n/a,0.08805432319641042,0.0,0.0,0.0,0.0,0.0
1789986046,937461128,n/a,0.09208655357360769,0.0,0.0,0.0,0.0,0.0
1789986046,955394938,n/a,0.09607224464416433,0.0,0.0,0.0,0.0,0.0
1789986046,977524336,n/a,0.10006198883056534,0.0,0.0,0.0,0.0,0.0
1789986046,999454257,n/a,0.10406942367553604,0.0,0.0,0.0,0.0,0.0
1789986047,15177158,n/a,0.10805873870849503,0.0,0.0,0.0,0.0,0.0
1789986047,36922172,n/a,0.11206321716308487,0.0,0.0,0.0,0.0,0.0
1789986047,55441931,n/a,0.11606345176696671,0.0,0.0,0.0,0.0,0.0
1789986047,77231686,n/a,0.12007598876953018,0.0,0.0,0.0,0.0,0.0
1789986047,99582339,n/a,0.12405915260314834,0.0,0.0,0.0,0.0,0.0
1789986047,115882125,n/a,0.12805414199828996,0.0,0.0,0.0,0.0,0.0
1789986047,137551649,n/a,0.13206052780151262,0.0,0.0,0.0,0.0,0.0
1789986047,156878173,n/a,0.13605813980102432,0.0,0.0,0.0,0.0,0.0
1789986047,179448046,n/a,0.14005722999572648,0.0,0.0,0.0,0.0,0.0
1789986047,196165332,n/a,0.14406437873840225,0.0,0.0,0.0,0.0,0.0
1789986047,218590828,n/a,0.14805560111999405,0.0,0.0,0.0,0.0,0.0
1789986047,239865157,n/a,0.15205388069152725,0.0,0.0,0.0,0.0,0.0
1789986047,258836045,n/a,0.1560593128204335,0.0,0.0,0.0,0.0,0.0
1789986047,280767246,n/a,0.1600721359252919,0.0,0.0,0.0,0.0,0.0
1789986047,297082416,n/a,0.16406440734863176,0.0,0.0,0.0,0.0,0.0
1789986047,318038067,n/a,0.1680616378784169,0.0,0.0,0.0,0.0,0.0
1789986047,339436748,n/a,0.17206954956054582,0.0,0.0,0.0,0.0,0.0
1789986047,358428111,n/a,0.1760626316070546,0.0,0.0,0.0,0.0,0.0
1789986047,374972366,n/a,0.1800621032714833,0.0,0.0,0.0,0.0,0.0
1789986047,396861466,n/a,0.18406181335449112,0.0,0.0,0.0,0.0,0.0
1789986047,417803553,n/a,0.188054609298705,0.0,0.0,0.0,0.0,0.0
1789986047,439236881,n/a,0.19206571578979387,0.0,0.0,0.0,0.0,0.0
1789986047,458486694,n/a,0.19606509208679093,0.0,0.0,0.0,0.0,0.0
1789986047,480351675,n/a,0.2000651836395253,0.0,0.0,0.0,0.0,0.0
1789986047,497539361,n/a,0.20406551361083877,0.0,0.0,0.0,0.0,0.0
1789986047,518854958,n/a,0.20805683135986222,0.0,0.0,0.0,0.0,0.0
1789986047,539629126,n/a,0.2120599746704091,0.0,0.0,0.0,0.0,0.0
1789986047,558799470,n/a,0.21607813835143935,0.0,0.0,0.0,0.0,0.0
1789986047,575171690,n/a,0.22006063461303568,0.0,0.0,0.0,0.0,0.0
1789986047,598000170,n/a,0.22406191825866556,0.0,0.0,0.0,0.0,0.0
1789986047,619300792,n/a,0.22805538177490092,0.0,0.0,0.0,0.0,0.0
1789986047,635742481,n/a,0.23206238746642924,0.0,0.0,0.0,0.0,0.0
1789986047,659887510,n/a,0.23607029914855815,0.0,0.0,0.0,0.0,0.0
1789986047,677201472,n/a,0.24007215499877788,0.0,0.0,0.0,0.0,0.0
1789986047,700224828,n/a,0.24406924247741557,0.0,0.0,0.0,0.0,0.0
1789986047,716517151,n/a,0.24805908203124857,0.0,0.0,0.0,0.0,0.0
1789986047,738755773,n/a,0.25206289291381695,0.0,0.0,0.0,0.0,0.0
1789986047,755105487,n/a,0.25605740547180034,0.0,0.0,0.0,0.0,0.0
1789986047,775977854,n/a,0.26006956100463724,0.0,0.0,0.0,0.0,0.0
1789986047,799516886,n/a,0.2640602111816392,0.0,0.0,0.0,0.0,0.0
1789986047,816103636,n/a,0.2680638313293443,0.0,0.0,0.0,0.0,0.0
1789986047,838024064,n/a,0.27206454277038433,0.0,0.0,0.0,0.0,0.0
1789986047,859777428,n/a,0.2760570526123033,0.0,0.0,0.0,0.0,0.0
1789986047,875260534,n/a,0.2800640583038316,0.0,0.0,0.0,0.0,0.0
1789986047,897910281,n/a,0.28405909538268903,0.0,0.0,0.0,0.0,0.0
1789986047,919925991,n/a,0.288060617446898,0.0,0.0,0.0,0.0,0.0
1789986047,936216260,n/a,0.29206943511962746,0.0,0.0,0.0,0.0,0.0
1789986047,957648098,n/a,0.296060466766356,0.0,0.0,0.0,0.0,0.0
1789986047,975251837,n/a,0.3000605583190904,0.0,0.0,0.0,0.0,0.0
1789986047,995127806,n/a,0.30406136512756204,0.0,0.0,0.0,0.0,0.0
1789986048,16377917,n/a,0.3080574035644517,0.0,0.0,0.0,0.0,0.0
1789986048,35299508,n/a,0.31207876205444196,0.0,0.0,0.0,0.0,0.0
1789986048,57805815,n/a,0.3160643577575669,0.0,0.0,0.0,0.0,0.0
1789986048,79154111,n/a,0.3200639724731431,0.0,0.0,0.0,0.0,0.0
1789986048,100597422,n/a,0.3240771770477281,0.0,0.0,0.0,0.0,0.0
1789986048,116520307,n/a,0.3280604839324937,0.0,0.0,0.0,0.0,0.0
1789986048,138289937,n/a,0.33206348419189313,0.0,0.0,0.0,0.0,0.0
1789986048,160550686,n/a,0.3360687732696519,0.0,0.0,0.0,0.0,0.0
1789986048,178902972,n/a,0.34006400108337226,0.0,0.0,0.0,0.0,0.0
1789986048,200593488,n/a,0.3440676689147931,0.0,0.0,0.0,0.0,0.0
1789986048,214972318,n/a,0.3480634689331037,0.0,0.0,0.0,0.0,0.0
1789986048,237482368,n/a,0.35206589698791324,0.0,0.0,0.0,0.0,0.0
1789986048,258985365,n/a,0.3560594558715803,0.0,0.0,0.0,0.0,0.0
1789986048,275280124,n/a,0.3600902080535871,0.0,0.0,0.0,0.0,0.0
1789986048,298266693,n/a,0.36406168937682926,0.0,0.0,0.0,0.0,0.0
1789986048,320150173,n/a,0.3680696010589582,0.0,0.0,0.0,0.0,0.0
1789986048,336997601,n/a,0.3720633983612043,0.0,0.0,0.0,0.0,0.0
1789986048,359234605,n/a,0.37605905532836736,0.0,0.0,0.0,0.0,0.0
1789986048,376020733,n/a,0.3800590515136701,0.0,0.0,0.0,0.0,0.0
1789986048,398122810,n/a,0.3840636730194074,0.0,0.0,0.0,0.0,0.0
1789986048,419431134,n/a,0.38806905746459786,0.0,0.0,0.0,0.0,0.0
1789986048,437109473,n/a,0.3920656204223615,0.0,0.0,0.0,0.0,0.0
1789986048,459327466,n/a,0.39606065750121894,0.0,0.0,0.0,0.0,0.0
1789986048,475741436,n/a,0.4000633716583234,0.0,0.0,0.0,0.0,0.0
1789986048,497605499,n/a,0.4040616035461408,0.0,0.0,0.0,0.0,0.0
1789986048,522189610,n/a,0.4080632686614972,0.0,0.0,0.0,0.0,0.0
1789986048,537035506,n/a,0.41207027435302557,0.0,0.0,0.0,0.0,0.0
1789986048,559653992,n/a,0.41606245040893375,0.0,0.0,0.0,0.0,0.0
1789986048,576329206,n/a,0.4200828552246076,0.0,0.0,0.0,0.0,0.0
1789986048,598734035,n/a,0.4240646839141828,0.0,0.0,0.0,0.0,0.0
1789986048,615857925,n/a,0.4280678749084455,0.0,0.0,0.0,0.0,0.0
1789986048,637178922,n/a,0.4320771694183332,0.0,0.0,0.0,0.0,0.0
1789986048,659534623,n/a,0.43606853485107244,0.0,0.0,0.0,0.0,0.0
1789986048,675971975,n/a,0.4400633811950666,0.0,0.0,0.0,0.0,0.0
1789986048,698162214,n/a,0.4440601348876935,0.0,0.0,0.0,0.0,0.0
1789986048,715062633,n/a,0.4480699062347394,0.0,0.0,0.0,0.0,0.0
1789986048,740529748,n/a,0.452070999145506,0.0,0.0,0.0,0.0,0.0
1789986048,759478794,n/a,0.4560727119445783,0.0,0.0,0.0,0.0,0.0
1789986048,776048575,n/a,0.46006183624267366,0.0,0.0,0.0,0.0,0.0
1789986048,798074044,n/a,0.4640602588653543,0.0,0.0,0.0,0.0,0.0
1789986048,815111045,n/a,0.4680608272552469,0.0,0.0,0.0,0.0,0.0
1789986048,836894975,n/a,0.47206892967223907,0.0,0.0,0.0,0.0,0.0
1789986048,858364518,n/a,0.4760613918304422,0.0,0.0,0.0,0.0,0.0
1789986048,880926005,n/a,0.4800749301910379,0.0,0.0,0.0,0.0,0.0
1789986048,897408768,n/a,0.4840646743774393,0.0,0.0,0.0,0.0,0.0
1789986048,920211628,n/a,0.48805899620055937,0.0,0.0,0.0,0.0,0.0
1789986048,936620845,n/a,0.49206910133361603,0.0,0.0,0.0,0.0,0.0
1789986048,956684711,n/a,0.4960898876190164,0.0,0.0,0.0,0.0,0.0
1789986048,975261976,n/a,0.5000675201415994,0.0,0.0,0.0,0.0,0.0
1789986048,998451030,n/a,0.5040730953216531,0.0,0.0,0.0,0.0,0.0
1789986049,15328517,n/a,0.5080628871917703,0.0,0.0,0.0,0.0,0.0
1789986049,39025711,n/a,0.5120635509490945,0.0,0.0,0.0,0.0,0.0
1789986049,56830337,n/a,0.5160605430603006,0.0,0.0,0.0,0.0,0.0
1789986049,80097512,n/a,0.5200766086578348,0.0,0.0,0.0,0.0,0.0
1789986049,98564108,n/a,0.5240660667419412,0.0,0.0,0.0,0.0,0.0
1789986049,117415959,n/a,0.5280695915222147,0.0,0.0,0.0,0.0,0.0
1789986049,136590436,n/a,0.5320786952972391,0.0,0.0,0.0,0.0,0.0
1789986049,155970421,n/a,0.5360607624053934,0.0,0.0,0.0,0.0,0.0
1789986049,181376940,n/a,0.5400755882263162,0.0,0.0,0.0,0.0,0.0
1789986049,199412448,n/a,0.5440722942352274,0.0,0.0,0.0,0.0,0.0
1789986049,218176280,n/a,0.5480614662170389,0.0,0.0,0.0,0.0,0.0
1789986049,237636043,n/a,0.5520627498626688,0.0,0.0,0.0,0.0,0.0
1789986049,256696058,n/a,0.5560637474060037,0.0,0.0,0.0,0.0,0.0
1789986049,275477251,n/a,0.5600640773773172,0.0,0.0,0.0,0.0,0.0
1789986049,301005414,n/a,0.5640700817108133,0.0,0.0,0.0,0.0,0.0
1789986049,318817604,n/a,0.5680652141571023,0.0,0.0,0.0,0.0,0.0
1789986049,337973947,n/a,0.5720656871795633,0.0,0.0,0.0,0.0,0.0
1789986049,356511874,n/a,0.5760690689086893,0.0,0.0,0.0,0.0,0.0
1789986049,376743961,n/a,0.5800715446472143,0.0,0.0,0.0,0.0,0.0
1789986049,396382702,n/a,0.5840775489807104,0.0,0.0,0.0,0.0,0.0
1789986049,415407118,n/a,0.5880608081817602,0.0,0.0,0.0,0.0,0.0
1789986049,439231726,n/a,0.592072200775144,0.0,0.0,0.0,0.0,0.0
1789986049,458537368,n/a,0.5960602283477758,0.0,0.0,0.0,0.0,0.0
1789986049,478108689,n/a,0.6000615596771215,0.0,0.0,0.0,0.0,0.0
1789986049,497810367,n/a,0.6040615081787084,0.0,0.0,0.0,0.0,0.0
1789986049,516310484,n/a,0.6080559253692602,0.0,0.0,0.0,0.0,0.0
1789986049,535636904,n/a,0.6120604515075658,0.0,0.0,0.0,0.0,0.0
1789986049,557049535,n/a,0.6160609245300268,0.0,0.0,0.0,0.0,0.0
1789986049,578764651,n/a,0.6200676441192602,0.0,0.0,0.0,0.0,0.0
1789986049,598197544,n/a,0.6240682601928687,0.0,0.0,0.0,0.0,0.0
1789986049,617845725,n/a,0.6280674934387183,0.0,0.0,0.0,0.0,0.0
1789986049,637280215,n/a,0.632070398330686,0.0,0.0,0.0,0.0,0.0
1789986049,656729541,n/a,0.6360738754272436,0.0,0.0,0.0,0.0,0.0
1789986049,676978745,n/a,0.6400749683380103,0.0,0.0,0.0,0.0,0.0
1789986049,700998911,n/a,0.6440742492675756,0.0,0.0,0.0,0.0,0.0
1789986049,719734353,n/a,0.6480635166168188,0.0,0.0,0.0,0.0,0.0
1789986049,738970229,n/a,0.6520675659179662,0.0,0.0,0.0,0.0,0.0
1789986049,758032962,n/a,0.6560622692108129,0.0,0.0,0.0,0.0,0.0
1789986049,777614354,n/a,0.6600616931915259,0.0,0.0,0.0,0.0,0.0
1789986049,797556954,n/a,0.6640792369842504,0.0,0.0,0.0,0.0,0.0
1789986049,815747712,n/a,0.6680764198303197,0.0,0.0,0.0,0.0,0.0
1789986049,835038361,n/a,0.6720783233642553,0.0,0.0,0.0,0.0,0.0
1789986049,855120767,n/a,0.6760627269744848,0.0,0.0,0.0,0.0,0.0
1789986049,875373653,n/a,0.680062866210935,0.0,0.0,0.0,0.0,0.0
1789986049,901449345,n/a,0.6840604305267309,0.0,0.0,0.0,0.0,0.0
1789986049,920970679,n/a,0.6880573749542211,0.0,0.0,0.0,0.0,0.0
1789986049,939526119,n/a,0.6921018600463842,0.0,0.0,0.0,0.0,0.0
1789986049,958926334,n/a,0.6960657119750951,0.0,0.0,0.0,0.0,0.0
1789986049,978470539,n/a,0.7000629901885957,0.0,0.0,0.0,0.0,0.0
1789986049,997681413,n/a,0.7040624618530245,0.0,0.0,0.0,0.0,0.0
1789986050,16939430,n/a,0.7080630779266329,0.0,0.0,0.0,0.0,0.0
1789986050,37659426,n/a,0.7120700359344454,0.0,0.0,0.0,0.0,0.0
1789986050,61875330,n/a,0.7160766124725313,0.0,0.0,0.0,0.0,0.0
1789986050,76095386,n/a,0.7200601577758761,0.0,0.0,0.0,0.0,0.0
1789986050,95684234,n/a,0.724060630798337,0.0,0.0,0.0,0.0,0.0
1789986050,114968257,n/a,0.7280605316162081,0.0,0.0,0.0,0.0,0.0
1789986050,134963258,n/a,0.7320642948150606,0.0,0.0,0.0,0.0,0.0
1789986050,161123953,n/a,0.7360637187957735,0.0,0.0,0.0,0.0,0.0
1789986050,183143366,n/a,0.7400596618652315,0.0,0.0,0.0,0.0,0.0
1789986050,199363308,n/a,0.7440646648406954,0.0,0.0,0.0,0.0,0.0
1789986050,219037514,n/a,0.748061513900754,0.0,0.0,0.0,0.0,0.0
1789986050,238086764,n/a,0.7520679950714083,0.0,0.0,0.0,0.0,0.0
1789986050,257533382,n/a,0.7560593605041476,0.0,0.0,0.0,0.0,0.0
1789986050,276759910,n/a,0.7600606918334932,0.0,0.0,0.0,0.0,0.0
1789986050,295717718,n/a,0.7640617847442599,0.0,0.0,0.0,0.0,0.0
1789986050,319541361,n/a,0.7680673599243135,0.0,0.0,0.0,0.0,0.0
1789986050,339739704,n/a,0.7720637321472139,0.0,0.0,0.0,0.0,0.0
1789986050,359274259,n/a,0.7760601043701143,0.0,0.0,0.0,0.0,0.0
1789986050,378577709,n/a,0.7800601959228487,0.0,0.0,0.0,0.0,0.0
1789986050,397519621,n/a,0.7840591430664035,0.0,0.0,0.0,0.0,0.0
1789986050,416213800,n/a,0.788073253631589,0.0,0.0,0.0,0.0,0.0
1789986050,440913188,n/a,0.7920852661132785,0.0,0.0,0.0,0.0,0.0
1789986050,460072902,n/a,0.7960625171661349,0.0,0.0,0.0,0.0,0.0
1789986050,479381545,n/a,0.8000606536865206,0.0,0.0,0.0,0.0,0.0
1789986050,498503147,n/a,0.8040615081787081,0.0,0.0,0.0,0.0,0.0
1789986050,517211629,n/a,0.8080571174621554,0.0,0.0,0.0,0.0,0.0
1789986050,536735278,n/a,0.812060832977292,0.0,0.0,0.0,0.0,0.0
1789986050,560240681,n/a,0.8160710334777803,0.0,0.0,0.0,0.0,0.0
1789986050,579646152,n/a,0.820061492919919,0.0,0.0,0.0,0.0,0.0
1789986050,598350042,n/a,0.8240563392639132,0.0,0.0,0.0,0.0,0.0
1789986050,617228327,n/a,0.8280568599700899,0.0,0.0,0.0,0.0,0.0
1789986050,638032635,n/a,0.8320759773254366,0.0,0.0,0.0,0.0,0.0
1789986050,657454471,n/a,0.8360610961914035,0.0,0.0,0.0,0.0,0.0
1789986050,681118225,n/a,0.8400743007659883,0.0,0.0,0.0,0.0,0.0
1789986050,701155280,n/a,0.8440671443939181,0.0,0.0,0.0,0.0,0.0
1789986050,719830687,n/a,0.8480641365051241,0.0,0.0,0.0,0.0,0.0
1789986050,738715450,n/a,0.8520645618438693,0.0,0.0,0.0,0.0,0.0
1789986050,757483229,n/a,0.8560624599456759,0.0,0.0,0.0,0.0,0.0
1789986050,776340284,n/a,0.8600815773010225,0.0,0.0,0.0,0.0,0.0
1789986050,795708736,n/a,0.8640649795532198,0.0,0.0,0.0,0.0,0.0
1789986050,817601087,n/a,0.8680634975433321,0.0,0.0,0.0,0.0,0.0
1789986050,836572809,n/a,0.8720750808715791,0.0,0.0,0.0,0.0,0.0
1789986050,855215994,n/a,0.8760617733001681,0.0,0.0,0.0,0.0,0.0
1789986050,880085053,n/a,0.8800659179687471,0.0,0.0,0.0,0.0,0.0
1789986050,898854773,n/a,0.884062957763669,0.0,0.0,0.0,0.0,0.0
1789986050,923304267,n/a,0.8880844593048067,0.0,0.0,0.0,0.0,0.0
1789986050,936710093,n/a,0.8920608520507785,0.0,0.0,0.0,0.0,0.0
1789986050,955314894,n/a,0.8960616111755343,0.0,0.0,0.0,0.0,0.0
1789986050,978855015,n/a,0.9000622749328585,0.0,0.0,0.0,0.0,0.0
1789986050,995533884,n/a,0.9040613174438448,0.0,0.0,0.0,0.0,0.0
1789986051,17149276,n/a,0.9080561637878389,0.0,0.0,0.0,0.0,0.0
1789986051,39449140,n/a,0.912081003189084,0.0,0.0,0.0,0.0,0.0
1789986051,56044208,n/a,0.9160576343536349,0.0,0.0,0.0,0.0,0.0
1789986051,78007045,n/a,0.9200587749481173,0.0,0.0,0.0,0.0,0.0
1789986051,99857707,n/a,0.9240577697753878,0.0,0.0,0.0,0.0,0.0
1789986051,116343266,n/a,0.928058719635007,0.0,0.0,0.0,0.0,0.0
1789986051,144220674,n/a,0.9320818424224825,0.0,0.0,0.0,0.0,0.0
1789986051,155914917,n/a,0.9360735416412325,0.0,0.0,0.0,0.0,0.0
1789986051,178677042,n/a,0.9400642395019503,0.0,0.0,0.0,0.0,0.0
1789986051,195491749,n/a,0.944062662124631,0.0,0.0,0.0,0.0,0.0
1789986051,217216622,n/a,0.9480568885803194,0.0,0.0,0.0,0.0,0.0
1789986051,240021263,n/a,0.9520633220672579,0.0,0.0,0.0,0.0,0.0
1789986051,255673583,n/a,0.9560678005218477,0.0,0.0,0.0,0.0,0.0
1789986051,278180066,n/a,0.9600632190704317,0.0,0.0,0.0,0.0,0.0
1789986051,295405173,n/a,0.9640640735626193,0.0,0.0,0.0,0.0,0.0
1789986051,317470239,n/a,0.9680613040924044,0.0,0.0,0.0,0.0,0.0
1789986051,340014985,n/a,0.9720689296722383,0.0,0.0,0.0,0.0,0.0
1789986051,361120886,n/a,0.9760709285736056,0.0,0.0,0.0,0.0,0.0
1789986051,378510392,n/a,0.980062770843503,0.0,0.0,0.0,0.0,0.0
1789986051,395720312,n/a,0.9840634822845431,0.0,0.0,0.0,0.0,0.0
1789986051,418368329,n/a,0.9880595207214327,0.0,0.0,0.0,0.0,0.0
1789986051,435415058,n/a,0.9920623779296847,0.0,0.0,0.0,0.0,0.0
1789986051,457028233,n/a,0.9960608482360811,0.0,0.0,0.0,0.0,0.0
1789986051,478274489,n/a,0.9999211430549657,0.0,0.0,0.0,0.0,0.0
1789986051,500395492,n/a,0.9949208498001134,0.0,0.0,0.0,0.0,0.0
1789986051,516675031,n/a,0.9899259805679357,0.0,0.0,0.0,0.0,0.0
1789986051,539420098,n/a,0.9849116802215612,0.0,0.0,0.0,0.0,0.0
1789986051,556232784,n/a,0.9799154400825536,0.0,0.0,0.0,0.0,0.0
1789986051,577991298,n/a,0.9749181866645849,0.0,0.0,0.0,0.0,0.0
1789986051,595182994,n/a,0.9699136018753087,0.0,0.0,0.0,0.0,0.0
1789986051,617307062,n/a,0.9649261236190831,0.0,0.0,0.0,0.0,0.0
1789986051,640616995,n/a,0.9599174261093175,0.0,0.0,0.0,0.0,0.0
1789986051,657214978,n/a,0.9549240469932592,0.0,0.0,0.0,0.0,0.0
1789986051,683370411,n/a,0.9499195814132726,0.0,0.0,0.0,0.0,0.0
1789986051,695105781,n/a,0.9449176192283666,0.0,0.0,0.0,0.0,0.0
1789986051,716841508,n/a,0.9399254322052037,0.0,0.0,0.0,0.0,0.0
1789986051,739012691,n/a,0.9349153637886083,0.0,0.0,0.0,0.0,0.0
1789986051,755906878,n/a,0.9299154281616246,0.0,0.0,0.0,0.0,0.0
1789986051,778106648,n/a,0.9249205589294469,0.0,0.0,0.0,0.0,0.0
1789986051,799528879,n/a,0.9199178218841588,0.0,0.0,0.0,0.0,0.0
1789986051,815672103,n/a,0.9149301052093541,0.0,0.0,0.0,0.0,0.0
1789986051,837918322,n/a,0.9099155664444005,0.0,0.0,0.0,0.0,0.0
1789986051,860723926,n/a,0.9049148559570348,0.0,0.0,0.0,0.0,0.0
1789986051,878498474,n/a,0.8999192714691198,0.0,0.0,0.0,0.0,0.0
1789986051,899240070,n/a,0.8948972225189245,0.0,0.0,0.0,0.0,0.0
1789986051,915906950,n/a,0.8899176120758092,0.0,0.0,0.0,0.0,0.0
1789986051,937722998,n/a,0.884922325611118,0.0,0.0,0.0,0.0,0.0
1789986051,959249605,n/a,0.8799259066581762,0.0,0.0,0.0,0.0,0.0
1789986051,975499943,n/a,0.8749266862869298,0.0,0.0,0.0,0.0,0.0
1789986051,998792217,n/a,0.8698989748954808,0.0,0.0,0.0,0.0,0.0
1789986052,18124106,n/a,0.864923775196079,0.0,0.0,0.0,0.0,0.0
1789986052,35460977,n/a,0.8599200844764745,0.0,0.0,0.0,0.0,0.0
1789986052,56966838,n/a,0.8549262881279027,0.0,0.0,0.0,0.0,0.0
1789986052,78277514,n/a,0.8499262332916295,0.0,0.0,0.0,0.0,0.0
1789986052,99428243,n/a,0.8449239730834996,0.0,0.0,0.0,0.0,0.0
1789986052,120802502,n/a,0.8399095535278356,0.0,0.0,0.0,0.0,0.0
1789986052,137494788,n/a,0.834918618202213,0.0,0.0,0.0,0.0,0.0
1789986052,158950828,n/a,0.8299257755279577,0.0,0.0,0.0,0.0,0.0
1789986052,180165573,n/a,0.8249254226684606,0.0,0.0,0.0,0.0,0.0
1789986052,195955211,n/a,0.8199322223663366,0.0,0.0,0.0,0.0,0.0
1789986052,215872882,n/a,0.8149231672287023,0.0,0.0,0.0,0.0,0.0
1789986052,237608567,n/a,0.8099207282066381,0.0,0.0,0.0,0.0,0.0
1789986052,259501059,n/a,0.8049275875091588,0.0,0.0,0.0,0.0,0.0
1789986052,275906501,n/a,0.7999273538589513,0.0,0.0,0.0,0.0,0.0
1789986052,297402934,n/a,0.7949205040931737,0.0,0.0,0.0,0.0,0.0
1789986052,317739938,n/a,0.7899202108383214,0.0,0.0,0.0,0.0,0.0
1789986052,340291352,n/a,0.7849208712577855,0.0,0.0,0.0,0.0,0.0
1789986052,356970828,n/a,0.7799104452133214,0.0,0.0,0.0,0.0,0.0
1789986052,379538412,n/a,0.7749119997024572,0.0,0.0,0.0,0.0,0.0
1789986052,395731731,n/a,0.7699247002601659,0.0,0.0,0.0,0.0,0.0
1789986052,419656358,n/a,0.7649034261703527,0.0,0.0,0.0,0.0,0.0
1789986052,437582761,n/a,0.7599097490310704,0.0,0.0,0.0,0.0,0.0
1789986052,459409586,n/a,0.7549268007278478,0.0,0.0,0.0,0.0,0.0
1789986052,475903156,n/a,0.7499209642410314,0.0,0.0,0.0,0.0,0.0
1789986052,498143291,n/a,0.7449238300323522,0.0,0.0,0.0,0.0,0.0
1789986052,519657572,n/a,0.7399263978004491,0.0,0.0,0.0,0.0,0.0
1789986052,539905715,n/a,0.7349236011505162,0.0,0.0,0.0,0.0,0.0
1789986052,556260885,n/a,0.7299205064773595,0.0,0.0,0.0,0.0,0.0
1789986052,577873215,n/a,0.7249265909194982,0.0,0.0,0.0,0.0,0.0
1789986052,599617252,n/a,0.7199145555496251,0.0,0.0,0.0,0.0,0.0
1789986052,615422638,n/a,0.7149255871772802,0.0,0.0,0.0,0.0,0.0
1789986052,636066329,n/a,0.7099247574806249,0.0,0.0,0.0,0.0,0.0
1789986052,657910917,n/a,0.704924345016483,0.0,0.0,0.0,0.0,0.0
1789986052,679653534,n/a,0.6999237537384069,0.0,0.0,0.0,0.0,0.0
1789986052,695809741,n/a,0.6949235796928441,0.0,0.0,0.0,0.0,0.0
1789986052,716883561,n/a,0.6899182796478307,0.0,0.0,0.0,0.0,0.0
1789986052,737810865,n/a,0.6849218606948888,0.0,0.0,0.0,0.0,0.0
1789986052,759486851,n/a,0.6799205541610753,0.0,0.0,0.0,0.0,0.0
1789986052,775372009,n/a,0.6749183535575902,0.0,0.0,0.0,0.0,0.0
1789986052,796201741,n/a,0.6698988676071203,0.0,0.0,0.0,0.0,0.0
1789986052,816629622,n/a,0.6649288535118139,0.0,0.0,0.0,0.0,0.0
1789986052,836655003,n/a,0.6599069833755529,0.0,0.0,0.0,0.0,0.0
1789986052,859751504,n/a,0.6549254655838048,0.0,0.0,0.0,0.0,0.0
1789986052,876172890,n/a,0.6499136090278661,0.0,0.0,0.0,0.0,0.0
1789986052,897874631,n/a,0.6449222564697301,0.0,0.0,0.0,0.0,0.0
1789986052,915165827,n/a,0.63991475105286,0.0,0.0,0.0,0.0,0.0
1789986052,938124309,n/a,0.6349142193794286,0.0,0.0,0.0,0.0,0.0
1789986052,957099887,n/a,0.629910290241245,0.0,0.0,0.0,0.0,0.0
1789986052,978402018,n/a,0.6249279975891149,0.0,0.0,0.0,0.0,0.0
1789986052,999246454,n/a,0.6199294328689611,0.0,0.0,0.0,0.0,0.0
1789986053,20145587,n/a,0.6149252653121984,0.0,0.0,0.0,0.0,0.0
1789986053,36283843,n/a,0.6099056601524389,0.0,0.0,0.0,0.0,0.0
1789986053,56186962,n/a,0.6049059033393895,0.0,0.0,0.0,0.0,0.0
1789986053,77766259,n/a,0.5999053120613134,0.0,0.0,0.0,0.0,0.0
1789986053,99636329,n/a,0.5949226617813146,0.0,0.0,0.0,0.0,0.0
1789986053,115514037,n/a,0.5899284482002294,0.0,0.0,0.0,0.0,0.0
1789986053,137020902,n/a,0.5849211215972936,0.0,0.0,0.0,0.0,0.0
1789986053,157118510,n/a,0.5799157619476354,0.0,0.0,0.0,0.0,0.0
1789986053,178534991,n/a,0.574926376342777,0.0,0.0,0.0,0.0,0.0
1789986053,200644555,n/a,0.5699014067649877,0.0,0.0,0.0,0.0,0.0
1789986053,216338360,n/a,0.5649198293685949,0.0,0.0,0.0,0.0,0.0
1789986053,237773505,n/a,0.5599185824394262,0.0,0.0,0.0,0.0,0.0
1789986053,257667618,n/a,0.554917454719547,0.0,0.0,0.0,0.0,0.0
1789986053,279080532,n/a,0.5499179959297216,0.0,0.0,0.0,0.0,0.0
1789986053,294996629,n/a,0.5449250340461766,0.0,0.0,0.0,0.0,0.0
1789986053,316934250,n/a,0.5399242639541662,0.0,0.0,0.0,0.0,0.0
1789986053,338644898,n/a,0.53491967916489,0.0,0.0,0.0,0.0,0.0
1789986053,358871157,n/a,0.5299101471900975,0.0,0.0,0.0,0.0,0.0
1789986053,375714391,n/a,0.5249227881431615,0.0,0.0,0.0,0.0,0.0
1789986053,398184730,n/a,0.5199261903762853,0.0,0.0,0.0,0.0,0.0
1789986053,419694996,n/a,0.5149139761924779,0.0,0.0,0.0,0.0,0.0
1789986053,436450489,n/a,0.5098972320556676,0.0,0.0,0.0,0.0,0.0
1789986053,463003028,n/a,0.5049173831939733,0.0,0.0,0.0,0.0,0.0
1789986053,479927803,n/a,0.4999274015426671,0.0,0.0,0.0,0.0,0.0
1789986053,496915821,n/a,0.4949254393577611,0.0,0.0,0.0,0.0,0.0
1789986053,518357352,n/a,0.48993021249771473,0.0,0.0,0.0,0.0,0.0
1789986053,540158319,n/a,0.484891295433048,0.0,0.0,0.0,0.0,0.0
1789986053,556343140,n/a,0.47990149259567616,0.0,0.0,0.0,0.0,0.0
1789986053,577897746,n/a,0.47491627931595204,0.0,0.0,0.0,0.0,0.0
1789986053,599948721,n/a,0.46991962194443104,0.0,0.0,0.0,0.0,0.0
1789986053,615894153,n/a,0.46492463350296376,0.0,0.0,0.0,0.0,0.0
1789986053,638250678,n/a,0.4599147439003026,0.0,0.0,0.0,0.0,0.0
1789986053,659804349,n/a,0.45492243766785023,0.0,0.0,0.0,0.0,0.0
1789986053,676161282,n/a,0.44989907741546986,0.0,0.0,0.0,0.0,0.0
1789986053,698134502,n/a,0.44492405653000233,0.0,0.0,0.0,0.0,0.0
1789986053,719659469,n/a,0.4399287104606664,0.0,0.0,0.0,0.0,0.0
1789986053,736344383,n/a,0.43490576744079945,0.0,0.0,0.0,0.0,0.0
1789986053,758136306,n/a,0.42991906404495595,0.0,0.0,0.0,0.0,0.0
1789986053,778828017,n/a,0.424917876720432,0.0,0.0,0.0,0.0,0.0
1789986053,796180623,n/a,0.41992044448852894,0.0,0.0,0.0,0.0,0.0
1789986053,818571783,n/a,0.41492456197739,0.0,0.0,0.0,0.0,0.0
1789986053,835014875,n/a,0.40992128849029896,0.0,0.0,0.0,0.0,0.0
1789986053,856713308,n/a,0.4049257636070287,0.0,0.0,0.0,0.0,0.0
1789986053,880398703,n/a,0.3999228477478063,0.0,0.0,0.0,0.0,0.0
1789986053,899462978,n/a,0.39492648839950917,0.0,0.0,0.0,0.0,0.0
1789986053,915650161,n/a,0.3899186849594152,0.0,0.0,0.0,0.0,0.0
1789986053,937936890,n/a,0.3848919272422826,0.0,0.0,0.0,0.0,0.0
1789986053,959488239,n/a,0.37991869449615834,0.0,0.0,0.0,0.0,0.0
1789986053,975449847,n/a,0.3749240636825597,0.0,0.0,0.0,0.0,0.0
1789986053,996837886,n/a,0.36992126703262684,0.0,0.0,0.0,0.0,0.0
1789986054,18720567,n/a,0.3649246692657506,0.0,0.0,0.0,0.0,0.0
1789986054,35871676,n/a,0.35989814996719716,0.0,0.0,0.0,0.0,0.0
1789986054,57696880,n/a,0.3549253940582311,0.0,0.0,0.0,0.0,0.0
1789986054,74976748,n/a,0.3499187827110326,0.0,0.0,0.0,0.0,0.0
1789986054,95870563,n/a,0.34492421150207875,0.0,0.0,0.0,0.0,0.0
1789986054,116459136,n/a,0.3399060964584386,0.0,0.0,0.0,0.0,0.0
1789986054,140479611,n/a,0.33490574359894154,0.0,0.0,0.0,0.0,0.0
1789986054,158885592,n/a,0.32991153001785634,0.0,0.0,0.0,0.0,0.0
1789986054,175511700,n/a,0.3249096274375951,0.0,0.0,0.0,0.0,0.0
1789986054,197140810,n/a,0.3199219107627904,0.0,0.0,0.0,0.0,0.0
1789986054,217502701,n/a,0.3149151802063024,0.0,0.0,0.0,0.0,0.0
1789986054,239693475,n/a,0.30992388725281117,0.0,0.0,0.0,0.0,0.0
1789986054,256234600,n/a,0.3049129247665441,0.0,0.0,0.0,0.0,0.0
1789986054,278138976,n/a,0.29991275072098134,0.0,0.0,0.0,0.0,0.0
1789986054,301764687,n/a,0.2949173450470006,0.0,0.0,0.0,0.0,0.0
1789986054,320985161,n/a,0.2899283170700109,0.0,0.0,0.0,0.0,0.0
1789986054,337752637,n/a,0.2848922014236486,0.0,0.0,0.0,0.0,0.0
1789986054,356985881,n/a,0.27992415428161976,0.0,0.0,0.0,0.0,0.0
1789986054,379668776,n/a,0.2749218940734899,0.0,0.0,0.0,0.0,0.0
1789986054,396155749,n/a,0.26992702484131215,0.0,0.0,0.0,0.0,0.0
1789986054,417452451,n/a,0.2649213075637853,0.0,0.0,0.0,0.0,0.0
1789986054,440459933,n/a,0.2599052190780675,0.0,0.0,0.0,0.0,0.0
1789986054,454956603,n/a,0.2549202442169225,0.0,0.0,0.0,0.0,0.0
1789986054,477119567,n/a,0.24992275238037465,0.0,0.0,0.0,0.0,0.0
1789986054,498732711,n/a,0.24492299556732533,0.0,0.0,0.0,0.0,0.0
1789986054,515056153,n/a,0.2399256825447118,0.0,0.0,0.0,0.0,0.0
1789986054,537523602,n/a,0.2349029183387792,0.0,0.0,0.0,0.0,0.0
1789986054,558580068,n/a,0.22992241382599232,0.0,0.0,0.0,0.0,0.0
1789986054,575764714,n/a,0.22492301464081166,0.0,0.0,0.0,0.0,0.0
1789986054,597759730,n/a,0.21992176771164296,0.0,0.0,0.0,0.0,0.0
1789986054,620042495,n/a,0.21492618322372792,0.0,0.0,0.0,0.0,0.0
1789986054,637141950,n/a,0.2099114060401952,0.0,0.0,0.0,0.0,0.0
1789986054,655456978,n/a,0.20492255687713978,0.0,0.0,0.0,0.0,0.0
1789986054,675751898,n/a,0.19992166757583973,0.0,0.0,0.0,0.0,0.0
1789986054,697731888,n/a,0.19492614269256947,0.0,0.0,0.0,0.0,0.0
1789986054,720355721,n/a,0.18992525339126942,0.0,0.0,0.0,0.0,0.0
1789986054,737327358,n/a,0.18492096662521718,0.0,0.0,0.0,0.0,0.0
1789986054,759394571,n/a,0.17992389202118275,0.0,0.0,0.0,0.0,0.0
1789986054,775703437,n/a,0.17491555213928578,0.0,0.0,0.0,0.0,0.0
1789986054,797810515,n/a,0.16992413997650502,0.0,0.0,0.0,0.0,0.0
1789986054,820455317,n/a,0.164919793605808,0.0,0.0,0.0,0.0,0.0
1789986054,838895487,n/a,0.15989583730697987,0.0,0.0,0.0,0.0,0.0
1789986054,856417267,n/a,0.15492033958435414,0.0,0.0,0.0,0.0,0.0
1789986054,876917052,n/a,0.14992201328277943,0.0,0.0,0.0,0.0,0.0
1789986054,896530856,n/a,0.14491134881973622,0.0,0.0,0.0,0.0,0.0
1789986054,919485492,n/a,0.13992720842361805,0.0,0.0,0.0,0.0,0.0
1789986054,937026773,n/a,0.13491559028625844,0.0,0.0,0.0,0.0,0.0
1789986054,959572584,n/a,0.12992805242538807,0.0,0.0,0.0,0.0,0.0
1789986054,976666180,n/a,0.12492060661316273,0.0,0.0,0.0,0.0,0.0
1789986054,998804431,n/a,0.11991089582443593,0.0,0.0,0.0,0.0,0.0
1789986055,15923338,n/a,0.11492741107941029,0.0,0.0,0.0,0.0,0.0
1789986055,39424217,n/a,0.10991942882538197,0.0,0.0,0.0,0.0,0.0
1789986055,55937680,n/a,0.10492813587189076,0.0,0.0,0.0,0.0,0.0
1789986055,77862236,n/a,0.09993118047714589,0.0,0.0,0.0,0.0,0.0
1789986055,97717430,n/a,0.09492677450180409,0.0,0.0,0.0,0.0,0.0
1789986055,115713269,n/a,0.08992081880569813,0.0,0.0,0.0,0.0,0.0
1789986055,138703046,n/a,0.08489722013473866,0.0,0.0,0.0,0.0,0.0
1789986055,155214122,n/a,0.07992941141128895,0.0,0.0,0.0,0.0,0.0
1789986055,176961150,n/a,0.07492482662201283,0.0,0.0,0.0,0.0,0.0
1789986055,199038259,n/a,0.06991982460022328,0.0,0.0,0.0,0.0,0.0
1789986055,219306290,n/a,0.06492727994919179,0.0,0.0,0.0,0.0,0.0
1789986055,235799085,n/a,0.05990892648697255,0.0,0.0,0.0,0.0,0.0
1789986055,258779295,n/a,0.054922819137576795,0.0,0.0,0.0,0.0,0.0
1789986055,275461993,n/a,0.04992073774338124,0.0,0.0,0.0,0.0,0.0
1789986055,296753548,n/a,0.044925093650821424,0.0,0.0,0.0,0.0,0.0
1789986055,317941542,n/a,0.03991556167602894,0.0,0.0,0.0,0.0,0.0
1789986055,340036187,n/a,0.03491550683975575,0.0,0.0,0.0,0.0,0.0
1789986055,356509963,n/a,0.02992290258407948,0.0,0.0,0.0,0.0,0.0
1789986055,379378151,n/a,0.024923264980319715,0.0,0.0,0.0,0.0,0.0
1789986055,395575917,n/a,0.019921243190768934,0.0,0.0,0.0,0.0,0.0
1789986055,421996430,n/a,0.014913976192477918,0.0,0.0,0.0,0.0,0.0
1789986055,439156895,n/a,0.009915232658389783,0.0,0.0,0.0,0.0,0.0
1789986055,456099076,n/a,0.00491517782211659,0.0,0.0,0.0,0.0,0.0
1789986055,478792708,n/a,-7.665157317759963e-05,0.0,0.0,0.0,0.0,0.0
1789986055,496098670,n/a,-0.005077421665188098,0.0,0.0,0.0,0.0,0.0
1789986055,518051485,n/a,-0.010078251361843371,0.0,0.0,0.0,0.0,0.0
1789986055,539607816,n/a,-0.015087306499477648,0.0,0.0,0.0,0.0,0.0
1789986055,556272777,n/a,-0.020072996616359973,0.0,0.0,0.0,0.0,0.0
1789986055,578068958,n/a,-0.025073707103725695,0.0,0.0,0.0,0.0,0.0
1789986055,600415997,n/a,-0.030087649822231555,0.0,0.0,0.0,0.0,0.0
1789986055,616694599,n/a,-0.035077929496761584,0.0,0.0,0.0,0.0,0.0
1789986055,638134239,n/a,-0.04008716344833019,0.0,0.0,0.0,0.0,0.0
1789986055,659571266,n/a,-0.045074760913845324,0.0,0.0,0.0,0.0,0.0
1789986055,675517865,n/a,-0.050078988075252795,0.0,0.0,0.0,0.0,0.0
1789986055,696982320,n/a,-0.05507498979568126,0.0,0.0,0.0,0.0,0.0
1789986055,718604176,n/a,-0.06007844209670665,0.0,0.0,0.0,0.0,0.0
1789986055,739637025,n/a,-0.06509351730346324,0.0,0.0,0.0,0.0,0.0
1789986055,756663448,n/a,-0.07007610797881725,0.0,0.0,0.0,0.0,0.0
1789986055,778791799,n/a,-0.07507449388503673,0.0,0.0,0.0,0.0,0.0
1789986055,799918779,n/a,-0.08008605241775157,0.0,0.0,0.0,0.0,0.0
1789986055,815930274,n/a,-0.08506989479064586,0.0,0.0,0.0,0.0,0.0
1789986055,841034813,n/a,-0.09010142087936046,0.0,0.0,0.0,0.0,0.0
1789986055,858651663,n/a,-0.09507721662521007,0.0,0.0,0.0,0.0,0.0
1789986055,875166208,n/a,-0.1000752449035609,0.0,0.0,0.0,0.0,0.0
1789986055,896683601,n/a,-0.10507279634475353,0.0,0.0,0.0,0.0,0.0
1789986055,917890398,n/a,-0.11007165908813121,0.0,0.0,0.0,0.0,0.0
1789986055,940493371,n/a,-0.11507195234298351,0.0,0.0,0.0,0.0,0.0
1789986055,955048764,n/a,-0.12009859085082653,0.0,0.0,0.0,0.0,0.0
1789986055,977159034,n/a,-0.12508106231689098,0.0,0.0,0.0,0.0,0.0
1789986055,998871096,n/a,-0.13007879257201793,0.0,0.0,0.0,0.0,0.0
1789986056,15020743,n/a,-0.13507372140884044,0.0,0.0,0.0,0.0,0.0
1789986056,37390636,n/a,-0.14008051156997325,0.0,0.0,0.0,0.0,0.0
1789986056,57955382,n/a,-0.14507311582564952,0.0,0.0,0.0,0.0,0.0
1789986056,80933374,n/a,-0.1500940322875941,0.0,0.0,0.0,0.0,0.0
1789986056,97475007,n/a,-0.1550751924514735,0.0,0.0,0.0,0.0,0.0
1789986056,119317500,n/a,-0.1600800752639735,0.0,0.0,0.0,0.0,0.0
1789986056,135501661,n/a,-0.16508090496062877,0.0,0.0,0.0,0.0,0.0
1789986056,162242208,n/a,-0.17008590698241832,0.0,0.0,0.0,0.0,0.0
1789986056,178956884,n/a,-0.17507731914519908,0.0,0.0,0.0,0.0,0.0
1789986056,195666584,n/a,-0.1800906658172572,0.0,0.0,0.0,0.0,0.0
1789986056,217918567,n/a,-0.18507814407348278,0.0,0.0,0.0,0.0,0.0
1789986056,239941374,n/a,-0.19007748365401866,0.0,0.0,0.0,0.0,0.0
1789986056,256052953,n/a,-0.19507831335067394,0.0,0.0,0.0,0.0,0.0
1789986056,277037609,n/a,-0.20007836818694713,0.0,0.0,0.0,0.0,0.0
1789986056,298808581,n/a,-0.20507764816283824,0.0,0.0,0.0,0.0,0.0
1789986056,315078307,n/a,-0.21008706092834117,0.0,0.0,0.0,0.0,0.0
1789986056,337380445,n/a,-0.21508562564849498,0.0,0.0,0.0,0.0,0.0
1789986056,358647601,n/a,-0.22007340192794445,0.0,0.0,0.0,0.0,0.0
1789986056,380169431,n/a,-0.22509473562240245,0.0,0.0,0.0,0.0,0.0
1789986056,396357914,n/a,-0.2300869226455653,0.0,0.0,0.0,0.0,0.0
1789986056,417645165,n/a,-0.23506850004195812,0.0,0.0,0.0,0.0,0.0
1789986056,440027846,n/a,-0.24008542299270275,0.0,0.0,0.0,0.0,0.0
1789986056,456250193,n/a,-0.24508577585219982,0.0,0.0,0.0,0.0,0.0
1789986056,476563995,n/a,-0.2500926852226222,0.0,0.0,0.0,0.0,0.0
1789986056,498741166,n/a,-0.25507295131682994,0.0,0.0,0.0,0.0,0.0
1789986056,519904353,n/a,-0.2600637078285182,0.0,0.0,0.0,0.0,0.0
1789986056,535944853,n/a,-0.26507103443145397,0.0,0.0,0.0,0.0,0.0
1789986056,557411049,n/a,-0.2700738906860316,0.0,0.0,0.0,0.0,0.0
1789986056,575198026,n/a,-0.27507454156875255,0.0,0.0,0.0,0.0,0.0
1789986056,599106647,n/a,-0.2800762057304347,0.0,0.0,0.0,0.0,0.0
1789986056,617645449,n/a,-0.2850790619850123,0.0,0.0,0.0,0.0,0.0
1789986056,640411824,n/a,-0.29010081291198375,0.0,0.0,0.0,0.0,0.0
1789986056,658943887,n/a,-0.2950881719589198,0.0,0.0,0.0,0.0,0.0
1789986056,679022296,n/a,-0.30008423328399303,0.0,0.0,0.0,0.0,0.0
1789986056,700432199,n/a,-0.3050840497016871,0.0,0.0,0.0,0.0,0.0
1789986056,716916866,n/a,-0.3100770711898768,0.0,0.0,0.0,0.0,0.0
1789986056,739731551,n/a,-0.31507712602615,0.0,0.0,0.0,0.0,0.0
1789986056,756035166,n/a,-0.3200689554214442,0.0,0.0,0.0,0.0,0.0
1789986056,777997121,n/a,-0.32507658004760387,0.0,0.0,0.0,0.0,0.0
1789986056,797056031,n/a,-0.33008778095245006,0.0,0.0,0.0,0.0,0.0
1789986056,815898790,n/a,-0.3350794911384547,0.0,0.0,0.0,0.0,0.0
1789986056,837856039,n/a,-0.3400800228118861,0.0,0.0,0.0,0.0,0.0
1789986056,860017003,n/a,-0.3450807332992518,0.0,0.0,0.0,0.0,0.0
1789986056,876335726,n/a,-0.3501031398773158,0.0,0.0,0.0,0.0,0.0
1789986056,898447387,n/a,-0.35508096218108776,0.0,0.0,0.0,0.0,0.0
1789986056,918927053,n/a,-0.360085785388943,0.0,0.0,0.0,0.0,0.0
1789986056,935999208,n/a,-0.36507672071456554,0.0,0.0,0.0,0.0,0.0
1789986056,957512280,n/a,-0.37007236480712535,0.0,0.0,0.0,0.0,0.0
1789986056,978933437,n/a,-0.3750715255737269,0.0,0.0,0.0,0.0,0.0
1789986056,999956212,n/a,-0.3800722956657374,0.0,0.0,0.0,0.0,0.0
1789986057,15407276,n/a,-0.38507783412932994,0.0,0.0,0.0,0.0,0.0
1789986057,38405878,n/a,-0.39008200168609264,0.0,0.0,0.0,0.0,0.0
1789986057,55158909,n/a,-0.39507836103438976,0.0,0.0,0.0,0.0,0.0
1789986057,76432622,n/a,-0.4000736474990809,0.0,0.0,0.0,0.0,0.0
1789986057,97212757,n/a,-0.40507429838180187,0.0,0.0,0.0,0.0,0.0
1789986057,117973213,n/a,-0.41007846593856456,0.0,0.0,0.0,0.0,0.0
1789986057,140267817,n/a,-0.41508680582046154,0.0,0.0,0.0,0.0,0.0
1789986057,156766825,n/a,-0.42008852958678844,0.0,0.0,0.0,0.0,0.0
1789986057,178864177,n/a,-0.4250750541686976,0.0,0.0,0.0,0.0,0.0
1789986057,199827086,n/a,-0.43006873130797985,0.0,0.0,0.0,0.0,0.0
1789986057,218974729,n/a,-0.4350814223289454,0.0,0.0,0.0,0.0,0.0
1789986057,236679765,n/a,-0.4400863051414454,0.0,0.0,0.0,0.0,0.0
1789986057,258617597,n/a,-0.44507712125777843,0.0,0.0,0.0,0.0,0.0
1789986057,279808563,n/a,-0.4500689506530726,0.0,0.0,0.0,0.0,0.0
1789986057,296682665,n/a,-0.4550781846046412,0.0,0.0,0.0,0.0,0.0
1789986057,320322260,n/a,-0.46008080244063976,0.0,0.0,0.0,0.0,0.0
1789986057,338253808,n/a,-0.4650769233703578,0.0,0.0,0.0,0.0,0.0
1789986057,360996512,n/a,-0.4700962305068934,0.0,0.0,0.0,0.0,0.0
1789986057,378393885,n/a,-0.475078940391537,0.0,0.0,0.0,0.0,0.0
1789986057,400021674,n/a,-0.4800806641578639,0.0,0.0,0.0,0.0,0.0
1789986057,416776839,n/a,-0.4850823879241908,0.0,0.0,0.0,0.0,0.0
1789986057,437113875,n/a,-0.49007886648177745,0.0,0.0,0.0,0.0,0.0
1789986057,458923417,n/a,-0.49507457017898204,0.0,0.0,0.0,0.0,0.0
1789986057,475908344,n/a,-0.5000872015953028,0.0,0.0,0.0,0.0,0.0
1789986057,497302418,n/a,-0.5050793290138209,0.0,0.0,0.0,0.0,0.0
1789986057,518126879,n/a,-0.510087370872494,0.0,0.0,0.0,0.0,0.0
1789986057,539715885,n/a,-0.5150882005691493,0.0,0.0,0.0,0.0,0.0
1789986057,555918077,n/a,-0.5200677514076197,0.0,0.0,0.0,0.0,0.0
1789986057,577558288,n/a,-0.5250811576843226,0.0,0.0,0.0,0.0,0.0
1789986057,599850727,n/a,-0.5300770401954615,0.0,0.0,0.0,0.0,0.0
1789986057,615627049,n/a,-0.5350760817527735,0.0,0.0,0.0,0.0,0.0
1789986057,642335060,n/a,-0.5400912165641749,0.0,0.0,0.0,0.0,0.0
1789986057,658458592,n/a,-0.5450797677040065,0.0,0.0,0.0,0.0,0.0
1789986057,675099720,n/a,-0.5500887036323512,0.0,0.0,0.0,0.0,0.0
1789986057,697124752,n/a,-0.5550739765167201,0.0,0.0,0.0,0.0,0.0
1789986057,717658112,n/a,-0.5600681304931605,0.0,0.0,0.0,0.0,0.0
1789986057,743523656,n/a,-0.5650874376296962,0.0,0.0,0.0,0.0,0.0
1789986057,755171628,n/a,-0.5700774192810023,0.0,0.0,0.0,0.0,0.0
1789986057,777430833,n/a,-0.5750771164894068,0.0,0.0,0.0,0.0,0.0
1789986057,799780336,n/a,-0.5800734162330592,0.0,0.0,0.0,0.0,0.0
1789986057,815190222,n/a,-0.5850731134414637,0.0,0.0,0.0,0.0,0.0
1789986057,836179253,n/a,-0.5900702476501429,0.0,0.0,0.0,0.0,0.0
1789986057,857002020,n/a,-0.5950844287872279,0.0,0.0,0.0,0.0,0.0
1789986057,879239319,n/a,-0.6001019477844203,0.0,0.0,0.0,0.0,0.0
1789986057,895132025,n/a,-0.6050734519958461,0.0,0.0,0.0,0.0,0.0
1789986057,916512912,n/a,-0.6100865006446803,0.0,0.0,0.0,0.0,0.0
1789986057,937439439,n/a,-0.6150753498077357,0.0,0.0,0.0,0.0,0.0
1789986057,957316614,n/a,-0.620076715946194,0.0,0.0,0.0,0.0,0.0
1789986057,979494664,n/a,-0.6250743865966761,0.0,0.0,0.0,0.0,0.0
1789986057,995339184,n/a,-0.6300733685493434,0.0,0.0,0.0,0.0,0.0
1789986058,15820521,n/a,-0.6350623965263331,0.0,0.0,0.0,0.0,0.0
1789986058,38270832,n/a,-0.6400818228721583,0.0,0.0,0.0,0.0,0.0
1789986058,57643225,n/a,-0.645073771476742,0.0,0.0,0.0,0.0,0.0
1789986058,79485731,n/a,-0.6500759720802272,0.0,0.0,0.0,0.0,0.0
1789986058,95531039,n/a,-0.6550701856613124,0.0,0.0,0.0,0.0,0.0
1789986058,116382464,n/a,-0.6600846052169764,0.0,0.0,0.0,0.0,0.0
1789986058,138824414,n/a,-0.6650867462158168,0.0,0.0,0.0,0.0,0.0
1789986058,158118249,n/a,-0.6700661182403529,0.0,0.0,0.0,0.0,0.0
1789986058,180007741,n/a,-0.6750726103782618,0.0,0.0,0.0,0.0,0.0
1789986058,196772472,n/a,-0.6800770163536036,0.0,0.0,0.0,0.0,0.0
1789986058,217816918,n/a,-0.6850624680519068,0.0,0.0,0.0,0.0,0.0
1789986058,239458748,n/a,-0.6900889277458155,0.0,0.0,0.0,0.0,0.0
1789986058,259541822,n/a,-0.695082545280453,0.0,0.0,0.0,0.0,0.0
1789986058,276390615,n/a,-0.7000991702079737,0.0,0.0,0.0,0.0,0.0
1789986058,298007542,n/a,-0.7050724625587428,0.0,0.0,0.0,0.0,0.0
1789986058,319646698,n/a,-0.7100840806961024,0.0,0.0,0.0,0.0,0.0
1789986058,335315818,n/a,-0.7150727510452235,0.0,0.0,0.0,0.0,0.0
1789986058,357159641,n/a,-0.7200924754142726,0.0,0.0,0.0,0.0,0.0
1789986058,377633611,n/a,-0.7250780463218653,0.0,0.0,0.0,0.0,0.0
1789986058,399553724,n/a,-0.7300715446472132,0.0,0.0,0.0,0.0,0.0
1789986058,415276333,n/a,-0.7350713014602626,0.0,0.0,0.0,0.0,0.0
1789986058,437340024,n/a,-0.7400764822959864,0.0,0.0,0.0,0.0,0.0
1789986058,458283860,n/a,-0.7450757622718776,0.0,0.0,0.0,0.0,0.0
1789986058,478864504,n/a,-0.7500784397125209,0.0,0.0,0.0,0.0,0.0
1789986058,496063585,n/a,-0.7550728321075404,0.0,0.0,0.0,0.0,0.0
1789986058,517818243,n/a,-0.7600719332694972,0.0,0.0,0.0,0.0,0.0
1789986058,539014146,n/a,-0.7650701999664271,0.0,0.0,0.0,0.0,0.0
1789986058,555389174,n/a,-0.7700842618942225,0.0,0.0,0.0,0.0,0.0
1789986058,575025210,n/a,-0.7750855088233912,0.0,0.0,0.0,0.0,0.0
1789986058,596775326,n/a,-0.7800930738449061,0.0,0.0,0.0,0.0,0.0
1789986058,619296548,n/a,-0.7850859761238063,0.0,0.0,0.0,0.0,0.0
1789986058,635326793,n/a,-0.7900802493095362,0.0,0.0,0.0,0.0,0.0
1789986058,656156596,n/a,-0.7950709462165797,0.0,0.0,0.0,0.0,0.0
1789986058,675585574,n/a,-0.8000823259353602,0.0,0.0,0.0,0.0,0.0
1789986058,698522503,n/a,-0.8050793409347499,0.0,0.0,0.0,0.0,0.0
1789986058,719918251,n/a,-0.8100797533988917,0.0,0.0,0.0,0.0,0.0
1789986058,736592524,n/a,-0.8151049017906153,0.0,0.0,0.0,0.0,0.0
1789986058,758193983,n/a,-0.8200821280479396,0.0,0.0,0.0,0.0,0.0
1789986058,776829465,n/a,-0.8250803947448695,0.0,0.0,0.0,0.0,0.0
1789986058,798872509,n/a,-0.8300802707672084,0.0,0.0,0.0,0.0,0.0
1789986058,815634330,n/a,-0.8350815176963771,0.0,0.0,0.0,0.0,0.0
1789986058,837381585,n/a,-0.8400959372520411,0.0,0.0,0.0,0.0,0.0
1789986058,859075554,n/a,-0.8450872898101771,0.0,0.0,0.0,0.0,0.0
1789986058,875499165,n/a,-0.8500799536704982,0.0,0.0,0.0,0.0,0.0
1789986058,899610252,n/a,-0.8550802469253505,0.0,0.0,0.0,0.0,0.0
1789986058,916760192,n/a,-0.860084176063534,0.0,0.0,0.0,0.0,0.0
1789986058,938541422,n/a,-0.8650815486907923,0.0,0.0,0.0,0.0,0.0
1789986058,960404538,n/a,-0.8700927495956385,0.0,0.0,0.0,0.0,0.0
1789986058,977104182,n/a,-0.875084519386288,0.0,0.0,0.0,0.0,0.0
1789986058,997629246,n/a,-0.8800777792930568,0.0,0.0,0.0,0.0,0.0
1789986059,19471779,n/a,-0.8850710988044703,0.0,0.0,0.0,0.0,0.0
1789986059,37626595,n/a,-0.8900802731513942,0.0,0.0,0.0,0.0,0.0
1789986059,59397157,n/a,-0.8950707316398585,0.0,0.0,0.0,0.0,0.0
1789986059,75687498,n/a,-0.9000847935676539,0.0,0.0,0.0,0.0,0.0
1789986059,98953679,n/a,-0.9050975441932643,0.0,0.0,0.0,0.0,0.0
1789986059,115926930,n/a,-0.9100712537765467,0.0,0.0,0.0,0.0,0.0
1789986059,139156803,n/a,-0.9150801301002467,0.0,0.0,0.0,0.0,0.0
1789986059,155945169,n/a,-0.9200695157051051,0.0,0.0,0.0,0.0,0.0
1789986059,178017093,n/a,-0.9250848293304408,0.0,0.0,0.0,0.0,0.0
1789986059,205501906,n/a,-0.9300882220268214,0.0,0.0,0.0,0.0,0.0
1789986059,216384054,n/a,-0.9350824356079066,0.0,0.0,0.0,0.0,0.0
1789986059,238601265,n/a,-0.940084040164944,0.0,0.0,0.0,0.0,0.0
1789986059,255547930,n/a,-0.9450852870941127,0.0,0.0,0.0,0.0,0.0
1789986059,277202111,n/a,-0.9500793218612635,0.0,0.0,0.0,0.0,0.0
1789986059,298533856,n/a,-0.9550771117210353,0.0,0.0,0.0,0.0,0.0
1789986059,315603243,n/a,-0.960093200206753,0.0,0.0,0.0,0.0,0.0
1789986059,338421013,n/a,-0.9650793671607936,0.0,0.0,0.0,0.0,0.0
1789986059,354906086,n/a,-0.9700739383697474,0.0,0.0,0.0,0.0,0.0
1789986059,378128166,n/a,-0.9750781655311549,0.0,0.0,0.0,0.0,0.0
1789986059,394894497,n/a,-0.9800757169723475,0.0,0.0,0.0,0.0,0.0
1789986059,422247303,n/a,-0.9850870370864833,0.0,0.0,0.0,0.0,0.0
1789986059,439561739,n/a,-0.9900857210159266,0.0,0.0,0.0,0.0,0.0
1789986059,456184814,n/a,-0.9950765371322596,0.0,0.0,0.0,0.0,0.0
1789986059,479063946,n/a,-0.9998906016349842,0.0,0.0,0.0,0.0,0.0
1789986059,496698746,n/a,-0.992891275882726,0.0,0.0,0.0,0.0,0.0
1789986059,518800356,n/a,-0.9858872771263172,0.0,0.0,0.0,0.0,0.0
1789986059,535180804,n/a,-0.9788796067237904,0.0,0.0,0.0,0.0,0.0
1789986059,558513973,n/a,-0.9718913793563893,0.0,0.0,0.0,0.0,0.0
1789986059,575764511,n/a,-0.9648927211761524,0.0,0.0,0.0,0.0,0.0
1789986059,597660694,n/a,-0.9578985691070606,0.0,0.0,0.0,0.0,0.0
1789986059,620607415,n/a,-0.9508615255355884,0.0,0.0,0.0,0.0,0.0
1789986059,643030276,n/a,-0.9438855648040821,0.0,0.0,0.0,0.0,0.0
1789986059,659638550,n/a,-0.9368822336196949,0.0,0.0,0.0,0.0,0.0
1789986059,677203667,n/a,-0.9298800706863453,0.0,0.0,0.0,0.0,0.0
1789986059,699702622,n/a,-0.9228743195533802,0.0,0.0,0.0,0.0,0.0
1789986059,715896724,n/a,-0.9158933520317127,0.0,0.0,0.0,0.0,0.0
1789986059,738638417,n/a,-0.9088918566703846,0.0,0.0,0.0,0.0,0.0
1789986059,760087065,n/a,-0.9018861055374195,0.0,0.0,0.0,0.0,0.0
1789986059,776858869,n/a,-0.8948850274086049,0.0,0.0,0.0,0.0,0.0
1789986059,799300261,n/a,-0.8878966331481983,0.0,0.0,0.0,0.0,0.0
1789986059,816348581,n/a,-0.880872106552129,0.0,0.0,0.0,0.0,0.0
1789986059,838590067,n/a,-0.8738912224769642,0.0,0.0,0.0,0.0,0.0
1789986059,861229458,n/a,-0.8668903112411549,0.0,0.0,0.0,0.0,0.0
1789986059,878780110,n/a,-0.8598852276802113,0.0,0.0,0.0,0.0,0.0
1789986059,895390873,n/a,-0.8528980851173451,0.0,0.0,0.0,0.0,0.0
1789986059,917198171,n/a,-0.845896840095525,0.0,0.0,0.0,0.0,0.0
1789986059,940261476,n/a,-0.8388808250427295,0.0,0.0,0.0,0.0,0.0
1789986059,956942174,n/a,-0.8318883419036915,0.0,0.0,0.0,0.0,0.0
1789986059,977550995,n/a,-0.8248929381370594,0.0,0.0,0.0,0.0,0.0
1789986059,999882055,n/a,-0.8178914427757313,0.0,0.0,0.0,0.0,0.0
1789986060,16373146,n/a,-0.8108767628669789,0.0,0.0,0.0,0.0,0.0
1789986060,39511027,n/a,-0.8038757681846669,0.0,0.0,0.0,0.0,0.0
1789986060,56049579,n/a,-0.7969008088111927,0.0,0.0,0.0,0.0,0.0
1789986060,77897283,n/a,-0.7898913025856068,0.0,0.0,0.0,0.0,0.0
1789986060,97016956,n/a,-0.7828908920288136,0.0,0.0,0.0,0.0,0.0
1789986060,115945050,n/a,-0.7758878946304371,0.0,0.0,0.0,0.0,0.0
1789986060,135190194,n/a,-0.7688946604728748,0.0,0.0,0.0,0.0,0.0
1789986060,160061560,n/a,-0.7618972539901783,0.0,0.0,0.0,0.0,0.0
1789986060,178287126,n/a,-0.754900598526006,0.0,0.0,0.0,0.0,0.0
1789986060,195871582,n/a,-0.7478920936584523,0.0,0.0,0.0,0.0,0.0
1789986060,220941910,n/a,-0.7408946871757558,0.0,0.0,0.0,0.0,0.0
1789986060,239982583,n/a,-0.7338862657547047,0.0,0.0,0.0,0.0,0.0
1789986060,258409461,n/a,-0.7268995404243519,0.0,0.0,0.0,0.0,0.0
1789986060,276871855,n/a,-0.7198927879333545,0.0,0.0,0.0,0.0,0.0
1789986060,295599732,n/a,-0.7128892064094594,0.0,0.0,0.0,0.0,0.0
1789986060,318728949,n/a,-0.7058905482292226,0.0,0.0,0.0,0.0,0.0
1789986060,338830891,n/a,-0.6988937258720448,0.0,0.0,0.0,0.0,0.0
1789986060,358534919,n/a,-0.6918912291526844,0.0,0.0,0.0,0.0,0.0
1789986060,377742593,n/a,-0.6848999977111867,0.0,0.0,0.0,0.0,0.0
1789986060,396623628,n/a,-0.6778769731521657,0.0,0.0,0.0,0.0,0.0
1789986060,415998934,n/a,-0.6708810687065174,0.0,0.0,0.0,0.0,0.0
1789986060,439410452,n/a,-0.6638766527175953,0.0,0.0,0.0,0.0,0.0
1789986060,457927715,n/a,-0.6568961024284412,0.0,0.0,0.0,0.0,0.0
1789986060,477447549,n/a,-0.6498905181884815,0.0,0.0,0.0,0.0,0.0
1789986060,496535164,n/a,-0.6428409576416065,0.0,0.0,0.0,0.0,0.0
1789986060,521307878,n/a,-0.6358910322189382,0.0,0.0,0.0,0.0,0.0
1789986060,540756715,n/a,-0.6288940429687551,0.0,0.0,0.0,0.0,0.0
1789986060,557546248,n/a,-0.6218893766403248,0.0,0.0,0.0,0.0,0.0
1789986060,576869073,n/a,-0.6148963928222706,0.0,0.0,0.0,0.0,0.0
1789986060,596491068,n/a,-0.6078827142715504,0.0,0.0,0.0,0.0,0.0
1789986060,621009762,n/a,-0.6008913993835499,0.0,0.0,0.0,0.0,0.0
1789986060,639954196,n/a,-0.5938510179519703,0.0,0.0,0.0,0.0,0.0
1789986060,658837922,n/a,-0.5868942499160816,0.0,0.0,0.0,0.0,0.0
1789986060,681093867,n/a,-0.5798810720443776,0.0,0.0,0.0,0.0,0.0
1789986060,699652665,n/a,-0.5728966832161,0.0,0.0,0.0,0.0,0.0
1789986060,718980545,n/a,-0.5658948540687612,0.0,0.0,0.0,0.0,0.0
1789986060,738015067,n/a,-0.5588939428329518,0.0,0.0,0.0,0.0,0.0
1789986060,756586983,n/a,-0.5518734216690113,0.0,0.0,0.0,0.0,0.0
1789986060,776037094,n/a,-0.5449009656906179,0.0,0.0,0.0,0.0,0.0
1789986060,798071949,n/a,-0.5378931283950856,0.0,0.0,0.0,0.0,0.0
1789986060,816221718,n/a,-0.5309043169021657,0.0,0.0,0.0,0.0,0.0
1789986060,835711480,n/a,-0.5238845467567494,0.0,0.0,0.0,0.0,0.0
1789986060,860437384,n/a,-0.5169024944305469,0.0,0.0,0.0,0.0,0.0
1789986060,878603774,n/a,-0.5098964929580738,0.0,0.0,0.0,0.0,0.0
1789986060,897340101,n/a,-0.5028911590576222,0.0,0.0,0.0,0.0,0.0
1789986060,919310503,n/a,-0.4958884954452565,0.0,0.0,0.0,0.0,0.0
1789986060,938243330,n/a,-0.48889584541321296,0.0,0.0,0.0,0.0,0.0
1789986060,957411925,n/a,-0.4818920969963124,0.0,0.0,0.0,0.0,0.0
1789986060,976331232,n/a,-0.4748901844024709,0.0,0.0,0.0,0.0,0.0
1789986060,995096499,n/a,-0.4678745031356861,0.0,0.0,0.0,0.0,0.0
1789986061,21166971,n/a,-0.4608773469924977,0.0,0.0,0.0,0.0,0.0
1789986061,38896248,n/a,-0.45388244390488175,0.0,0.0,0.0,0.0,0.0
1789986061,57779544,n/a,-0.44689605236053964,0.0,0.0,0.0,0.0,0.0
1789986061,77701556,n/a,-0.4398898839950611,0.0,0.0,0.0,0.0,0.0
1789986061,96846719,n/a,-0.432898736000066,0.0,0.0,0.0,0.0,0.0
1789986061,116142678,n/a,-0.42589023113251234,0.0,0.0,0.0,0.0,0.0
1789986061,136525835,n/a,-0.4188777208328297,0.0,0.0,0.0,0.0,0.0
1789986061,159141381,n/a,-0.4118884086608937,0.0,0.0,0.0,0.0,0.0
1789986061,179265530,n/a,-0.4048794865608265,0.0,0.0,0.0,0.0,0.0
1789986061,199221293,n/a,-0.3978870868682911,0.0,0.0,0.0,0.0,0.0
1789986061,218205232,n/a,-0.39089835882187396,0.0,0.0,0.0,0.0,0.0
1789986061,238199704,n/a,-0.38386665582657364,0.0,0.0,0.0,0.0,0.0
1789986061,257711480,n/a,-0.3768851876258901,0.0,0.0,0.0,0.0,0.0
1789986061,278318463,n/a,-0.36989420652390026,0.0,0.0,0.0,0.0,0.0
1789986061,300632649,n/a,-0.36289738416672257,0.0,0.0,0.0,0.0,0.0
1789986061,320613443,n/a,-0.3558901309967091,0.0,0.0,0.0,0.0,0.0
1789986061,339807600,n/a,-0.3488950610160878,0.0,0.0,0.0,0.0,0.0
1789986061,360294248,n/a,-0.3418816328048756,0.0,0.0,0.0,0.0,0.0
1789986061,380182847,n/a,-0.33489423990250133,0.0,0.0,0.0,0.0,0.0
1789986061,399130162,n/a,-0.32789925336838266,0.0,0.0,0.0,0.0,0.0
1789986061,417600364,n/a,-0.32089183330536386,0.0,0.0,0.0,0.0,0.0
1789986061,437462348,n/a,-0.31389434337616473,0.0,0.0,0.0,0.0,0.0
1789986061,456805813,n/a,-0.3068985223770192,0.0,0.0,0.0,0.0,0.0
1789986061,476853862,n/a,-0.2998608946800282,0.0,0.0,0.0,0.0,0.0
1789986061,496635947,n/a,-0.29288885593414804,0.0,0.0,0.0,0.0,0.0
1789986061,515475093,n/a,-0.28589036464691664,0.0,0.0,0.0,0.0,0.0
1789986061,539632796,n/a,-0.27886174917221573,0.0,0.0,0.0,0.0,0.0
1789986061,558974761,n/a,-0.2718882083892873,0.0,0.0,0.0,0.0,0.0
1789986061,578127993,n/a,-0.26489973068237804,0.0,0.0,0.0,0.0,0.0
1789986061,597577657,n/a,-0.2578808784484914,0.0,0.0,0.0,0.0,0.0
1789986061,617232068,n/a,-0.25089565515518686,0.0,0.0,0.0,0.0,0.0
1789986061,637093625,n/a,-0.24389390945435074,0.0,0.0,0.0,0.0,0.0
1789986061,661910791,n/a,-0.2368679642677357,0.0,0.0,0.0,0.0,0.0
1789986061,675076343,n/a,-0.22988032102585343,0.0,0.0,0.0,0.0,0.0
1789986061,700500375,n/a,-0.222902524471288,0.0,0.0,0.0,0.0,0.0
1789986061,720827941,n/a,-0.2158859252929738,0.0,0.0,0.0,0.0,0.0
1789986061,740606048,n/a,-0.2088905215263417,0.0,0.0,0.0,0.0,0.0
1789986061,759805558,n/a,-0.201895534992223,0.0,0.0,0.0,0.0,0.0
1789986061,783876251,n/a,-0.1948877811431935,0.0,0.0,0.0,0.0,0.0
1789986061,797990381,n/a,-0.18788828849792982,0.0,0.0,0.0,0.0,0.0
1789986061,816422168,n/a,-0.18090131282806898,0.0,0.0,0.0,0.0,0.0
1789986061,836349013,n/a,-0.17389047145844005,0.0,0.0,0.0,0.0,0.0
1789986061,855837568,n/a,-0.1668940663337758,0.0,0.0,0.0,0.0,0.0
1789986061,875074044,n/a,-0.15989181995392343,0.0,0.0,0.0,0.0,0.0
1789986061,902019703,n/a,-0.15288498401642348,0.0,0.0,0.0,0.0,0.0
1789986061,919127205,n/a,-0.14588949680328867,0.0,0.0,0.0,0.0,0.0
1789986061,937864664,n/a,-0.13889400959015397,0.0,0.0,0.0,0.0,0.0
1789986061,956881953,n/a,-0.13187690973282362,0.0,0.0,0.0,0.0,0.0
1789986061,977120104,n/a,-0.12488692998886608,0.0,0.0,0.0,0.0,0.0
1789986061,996221789,n/a,-0.11789211034775282,0.0,0.0,0.0,0.0,0.0
1789986062,15702406,n/a,-0.11089520454407242,0.0,0.0,0.0,0.0,0.0
1789986062,41015735,n/a,-0.1038737654686025,0.0,0.0,0.0,0.0,0.0
1789986062,59730472,n/a,-0.09689755439758807,0.0,0.0,0.0,0.0,0.0
1789986062,79270919,n/a,-0.08988187313080342,0.0,0.0,0.0,0.0,0.0
1789986062,99286599,n/a,-0.08289022445679217,0.0,0.0,0.0,0.0,0.0
1789986062,118520343,n/a,-0.07589699029922992,0.0,0.0,0.0,0.0,0.0
1789986062,137132927,n/a,-0.06889407634735611,0.0,0.0,0.0,0.0,0.0
1789986062,161574103,n/a,-0.061879229545598324,0.0,0.0,0.0,0.0,0.0
1789986062,180202308,n/a,-0.05489717721939591,0.0,0.0,0.0,0.0,0.0
1789986062,199608897,n/a,-0.04788132905960585,0.0,0.0,0.0,0.0,0.0
1789986062,218719002,n/a,-0.04089702367783099,0.0,0.0,0.0,0.0,0.0
1789986062,238171030,n/a,-0.03389177322388204,0.0,0.0,0.0,0.0,0.0
1789986062,257271555,n/a,-0.02688735723495983,0.0,0.0,0.0,0.0,0.0
1789986062,281117152,n/a,-0.01987893581390887,0.0,0.0,0.0,0.0,0.0
1789986062,300467213,n/a,-0.012880945205693495,0.0,0.0,0.0,0.0,0.0
1789986062,320100215,n/a,-0.005890715122227941,0.0,0.0,0.0,0.0,0.0
1789986062,339084626,n/a,0.001108777523035842,0.0,0.0,0.0,0.0,0.0
1789986062,357943955,n/a,0.008100259304041568,0.0,0.0,0.0,0.0,0.0
1789986062,376926218,n/a,0.015100753307337511,0.0,0.0,0.0,0.0,0.0
1789986062,399286056,n/a,0.022120273113245714,0.0,0.0,0.0,0.0,0.0
1789986062,419775681,n/a,0.029103744029993717,0.0,0.0,0.0,0.0,0.0
1789986062,439213256,n/a,0.03612359762191275,0.0,0.0,0.0,0.0,0.0
1789986062,458403053,n/a,0.043104231357569356,0.0,0.0,0.0,0.0,0.0
1789986062,478281270,n/a,0.05011039972304787,0.0,0.0,0.0,0.0,0.0
1789986062,497280322,n/a,0.05710797309874982,0.0,0.0,0.0,0.0,0.0
1789986062,515806252,n/a,0.06409837007522068,0.0,0.0,0.0,0.0,0.0
1789986062,540752217,n/a,0.071107292175288,0.0,0.0,0.0,0.0,0.0
1789986062,560082816,n/a,0.07811104059218854,0.0,0.0,0.0,0.0,0.0
1789986062,579347088,n/a,0.08510093688964337,0.0,0.0,0.0,0.0,0.0
1789986062,598922332,n/a,0.092114782333369,0.0,0.0,0.0,0.0,0.0
1789986062,617426146,n/a,0.0991012573242136,0.0,0.0,0.0,0.0,0.0
1789986062,636049266,n/a,0.10609757900237526,0.0,0.0,0.0,0.0,0.0
1789986062,660502538,n/a,0.11311326026916002,0.0,0.0,0.0,0.0,0.0
1789986062,679862132,n/a,0.12011358737945055,0.0,0.0,0.0,0.0,0.0
1789986062,699253778,n/a,0.12710465192794285,0.0,0.0,0.0,0.0,0.0
1789986062,718922722,n/a,0.13410940170287589,0.0,0.0,0.0,0.0,0.0
1789986062,738220171,n/a,0.14110939502715558,0.0,0.0,0.0,0.0,0.0
1789986062,756858973,n/a,0.14810388088225812,0.0,0.0,0.0,0.0,0.0
1789986062,775159021,n/a,0.15510779619216408,0.0,0.0,0.0,0.0,0.0
1789986062,801051373,n/a,0.16211922168731174,0.0,0.0,0.0,0.0,0.0
1789986062,820422361,n/a,0.16909751892089342,0.0,0.0,0.0,0.0,0.0
1789986062,839500642,n/a,0.17610852718352765,0.0,0.0,0.0,0.0,0.0
1789986062,858638482,n/a,0.18310334682464102,0.0,0.0,0.0,0.0,0.0
1789986062,877613374,n/a,0.190104341506953,0.0,0.0,0.0,0.0,0.0
1789986062,902212991,n/a,0.19713495969771833,0.0,0.0,0.0,0.0,0.0
1789986062,921973950,n/a,0.20412627458571886,0.0,0.0,0.0,0.0,0.0
1789986062,941887173,n/a,0.2111178398132274,0.0,0.0,0.0,0.0,0.0
1789986062,954945460,n/a,0.21811866760253396,0.0,0.0,0.0,0.0,0.0
1789986062,980156786,n/a,0.22510898113250222,0.0,0.0,0.0,0.0,0.0
1789986062,999187121,n/a,0.23211047649383043,0.0,0.0,0.0,0.0,0.0
1789986063,23142786,n/a,0.23911263942718008,0.0,0.0,0.0,0.0,0.0
1789986063,36131397,n/a,0.24611555337905378,0.0,0.0,0.0,0.0,0.0
1789986063,55263366,n/a,0.2531127095222423,0.0,0.0,0.0,0.0,0.0
1789986063,75197966,n/a,0.26010477542876687,0.0,0.0,0.0,0.0,0.0
1789986063,99971466,n/a,0.26710460186004137,0.0,0.0,0.0,0.0,0.0
1789986063,119732196,n/a,0.2741214513778636,0.0,0.0,0.0,0.0,0.0
1789986063,143298943,n/a,0.28112686872481785,0.0,0.0,0.0,0.0,0.0
1789986063,156912791,n/a,0.2881319522857615,0.0,0.0,0.0,0.0,0.0
1789986063,176874486,n/a,0.2951379537582346,0.0,0.0,0.0,0.0,0.0
1789986063,196183134,n/a,0.30210665464400743,0.0,0.0,0.0,0.0,0.0
1789986063,215315458,n/a,0.30910389423369855,0.0,0.0,0.0,0.0,0.0
1789986063,241017637,n/a,0.31613100767135105,0.0,0.0,0.0,0.0,0.0
1789986063,261082522,n/a,0.32311439514159646,0.0,0.0,0.0,0.0,0.0
1789986063,277514479,n/a,0.330123734474177,0.0,0.0,0.0,0.0,0.0
1789986063,297709319,n/a,0.3371107101440378,0.0,0.0,0.0,0.0,0.0
1789986063,317052656,n/a,0.3441012740135143,0.0,0.0,0.0,0.0,0.0
1789986063,336288444,n/a,0.35109901428222146,0.0,0.0,0.0,0.0,0.0
1789986063,355548271,n/a,0.3581202864646862,0.0,0.0,0.0,0.0,0.0
1789986063,381017575,n/a,0.36511218547820534,0.0,0.0,0.0,0.0,0.0
1789986063,398844921,n/a,0.3721357941627452,0.0,0.0,0.0,0.0,0.0
1789986063,419167431,n/a,0.37911951541900124,0.0,0.0,0.0,0.0,0.0
1789986063,438079672,n/a,0.3861042380332895,0.0,0.0,0.0,0.0,0.0
1789986063,456506713,n/a,0.39310623407363376,0.0,0.0,0.0,0.0,0.0
1789986063,475655746,n/a,0.4,0.0,0.0,0.0,0.0,0.0
1789986063,500024435,n/a,0.4,0.0,0.0,0.0,0.0,0.0
1789986063,517660488,n/a,0.4,0.0,0.0,0.0,0.0,0.0
1789986063,543424850,n/a,0.4,0.0,0.0,0.0,0.0,0.0
1789986063,560517878,n/a,0.4,0.0,0.0,0.0,0.0,0.0
1789986063,580082198,n/a,0.4,0.0,0.0,0.0,0.0,0.0
1789986063,599666580,n/a,0.4,0.0,0.0,0.0,0.0,0.0
1789986063,618328046,n/a,0.4,0.0,0.0,0.0,0.0,0.0
1789986063,637834214,n/a,0.4,0.0,0.0,0.0,0.0,0.0
1789986063,655723798,n/a,0.4,0.0,0.0,0.0,0.0,0.0
1789986063,675231013,n/a,0.4,0.0,0.0,0.0,0.0,0.0
1789986063,700300424,n/a,0.4,0.0,0.0,0.0,0.0,0.0
1789986063,719714485,n/a,0.4,0.0,0.0,0.0,0.0,0.0
1789986063,738984292,n/a,0.4,0.0,0.0,0.0,0.0,0.0
1789986063,757548331,n/a,0.4,0.0,0.0,0.0,0.0,0.0
1789986063,776259411,n/a,0.4,0.0,0.0,0.0,0.0,0.0
1789986063,795720369,n/a,0.4,0.0,0.0,0.0,0.0,0.0
1789986063,820620729,n/a,0.4,0.0,0.0,0.0,0.0,0.0
1789986063,840223298,n/a,0.4,0.0,0.0,0.0,0.0,0.0
1789986063,859182944,n/a,0.4,0.0,0.0,0.0,0.0,0.0
1789986063,878210527,n/a,0.4,0.0,0.0,0.0,0.0,0.0
1789986063,897070383,n/a,0.4,0.0,0.0,0.0,0.0,0.0
1789986063,916068973,n/a,0.4,0.0,0.0,0.0,0.0,0.0
1789986063,935405394,n/a,0.4,0.0,0.0,0.0,0.0,0.0
1789986063,960617118,n/a,0.4,0.0,0.0,0.0,0.0,0.0
1789986063,979407682,n/a,0.4,0.0,0.0,0.0,0.0,0.0
1789986063,999163035,n/a,0.4,0.0,0.0,0.0,0.0,0.0
1789986064,15025508,n/a,0.4,0.0,0.0,0.0,0.0,0.0
1789986064,37129325,n/a,0.4,0.0,0.0,0.0,0.0,0.0
1789986064,56168596,n/a,0.4,0.0,0.0,0.0,0.0,0.0
1789986064,75142944,n/a,0.4,0.0,0.0,0.0,0.0,0.0
1789986064,100517903,n/a,0.4,0.0,0.0,0.0,0.0,0.0
1789986064,119580117,n/a,0.4,0.0,0.0,0.0,0.0,0.0
1789986064,143767020,n/a,0.4,0.0,0.0,0.0,0.0,0.0
1789986064,157126961,n/a,0.4,0.0,0.0,0.0,0.0,0.0
1789986064,175667640,n/a,0.4,0.0,0.0,0.0,0.0,0.0
1789986064,200912552,n/a,0.4,0.0,0.0,0.0,0.0,0.0
1789986064,220132800,n/a,0.4,0.0,0.0,0.0,0.0,0.0
1789986064,239093270,n/a,0.4,0.0,0.0,0.0,0.0,0.0
1789986064,261248946,n/a,0.4,0.0,0.0,0.0,0.0,0.0
1789986064,275075171,n/a,0.4,0.0,0.0,0.0,0.0,0.0
1789986064,300320569,n/a,0.4,0.0,0.0,0.0,0.0,0.0
1789986064,319821186,n/a,0.4,0.0,0.0,0.0,0.0,0.0
1789986064,338202117,n/a,0.4,0.0,0.0,0.0,0.0,0.0
1789986064,356276302,n/a,0.4,0.0,0.0,0.0,0.0,0.0
1789986064,376576337,n/a,0.4,0.0,0.0,0.0,0.0,0.0
1789986064,399677474,n/a,0.4,0.0,0.0,0.0,0.0,0.0
1789986064,418698362,n/a,0.4,0.0,0.0,0.0,0.0,0.0
1789986064,438977369,n/a,0.4,0.0,0.0,0.0,0.0,0.0
1789986064,457686088,n/a,0.4,0.0,0.0,0.0,0.0,0.0
1789986064,476435775,n/a,0.39993758201599405,0.0,0.0,0.0,0.0,0.0
1789986064,495772967,n/a,0.39593758583069133,0.0,0.0,0.0,0.0,0.0
1789986064,519212728,n/a,0.3919387817382841,0.0,0.0,0.0,0.0,0.0
1789986064,538988242,n/a,0.38793115615845014,0.0,0.0,0.0,0.0,0.0
1789986064,558907804,n/a,0.3839384078979521,0.0,0.0,0.0,0.0,0.0
1789986064,577734423,n/a,0.3799423694610624,0.0,0.0,0.0,0.0,0.0
1789986064,596895476,n/a,0.3759423255920439,0.0,0.0,0.0,0.0,0.0
1789986064,616743552,n/a,0.3719375133514433,0.0,0.0,0.0,0.0,0.0
1789986064,641232277,n/a,0.3679307460784941,0.0,0.0,0.0,0.0,0.0
1789986064,660428064,n/a,0.3639384269714384,0.0,0.0,0.0,0.0,0.0
1789986064,680150232,n/a,0.3599404335022001,0.0,0.0,0.0,0.0,0.0
1789986064,699091097,n/a,0.355939483642581,0.0,0.0,0.0,0.0,0.0
1789986064,718041669,n/a,0.3519413948059111,0.0,0.0,0.0,0.0,0.0
1789986064,738240742,n/a,0.34792828559875777,0.0,0.0,0.0,0.0,0.0
1789986064,761555998,n/a,0.34392771720886517,0.0,0.0,0.0,0.0,0.0
1789986064,780792105,n/a,0.33993878364563274,0.0,0.0,0.0,0.0,0.0
1789986064,801211005,n/a,0.33592891693115523,0.0,0.0,0.0,0.0,0.0
1789986064,820186239,n/a,0.3319437503814726,0.0,0.0,0.0,0.0,0.0
1789986064,839065251,n/a,0.32793011665344524,0.0,0.0,0.0,0.0,0.0
1789986064,854976095,n/a,0.3239305496215849,0.0,0.0,0.0,0.0,0.0
1789986064,876689291,n/a,0.3199259757995634,0.0,0.0,0.0,0.0,0.0
1789986064,898858958,n/a,0.31593794822693155,0.0,0.0,0.0,0.0,0.0
1789986064,918693911,n/a,0.3119378566741972,0.0,0.0,0.0,0.0,0.0
1789986064,937968561,n/a,0.30792937278747845,0.0,0.0,0.0,0.0,0.0
1789986064,956812428,n/a,0.3039397716522245,0.0,0.0,0.0,0.0,0.0
1789986064,977442652,n/a,0.2999374389648466,0.0,0.0,0.0,0.0,0.0
1789986064,996713118,n/a,0.29593720436096477,0.0,0.0,0.0,0.0,0.0
1789986065,20071694,n/a,0.2919347763061552,0.0,0.0,0.0,0.0,0.0
1789986065,40418184,n/a,0.28792834281921675,0.0,0.0,0.0,0.0,0.0
1789986065,59068109,n/a,0.28394045829773235,0.0,0.0,0.0,0.0,0.0
1789986065,78311269,n/a,0.2799384593963652,0.0,0.0,0.0,0.0,0.0
1789986065,97275037,n/a,0.2759393215179472,0.0,0.0,0.0,0.0,0.0
1789986065,115320673,n/a,0.2719404697418242,0.0,0.0,0.0,0.0,0.0
1789986065,139903844,n/a,0.26793441772461224,0.0,0.0,0.0,0.0,0.0
1789986065,158839698,n/a,0.2639410018920927,0.0,0.0,0.0,0.0,0.0
1789986065,179345404,n/a,0.2599368095397978,0.0,0.0,0.0,0.0,0.0
1789986065,198580772,n/a,0.2559372425079374,0.0,0.0,0.0,0.0,0.0
1789986065,216909297,n/a,0.2519433975219755,0.0,0.0,0.0,0.0,0.0
1789986065,235571889,n/a,0.24794278144836712,0.0,0.0,0.0,0.0,0.0
1789986065,260230877,n/a,0.24393644332886028,0.0,0.0,0.0,0.0,0.0
1789986065,279677890,n/a,0.23994073867798138,0.0,0.0,0.0,0.0,0.0
1789986065,299595339,n/a,0.23593487739563274,0.0,0.0,0.0,0.0,0.0
1789986065,318510409,n/a,0.23194131851196576,0.0,0.0,0.0,0.0,0.0
1789986065,337960780,n/a,0.22793745994568157,0.0,0.0,0.0,0.0,0.0
1789986065,356897149,n/a,0.22393159866333293,0.0,0.0,0.0,0.0,0.0
1789986065,375612439,n/a,0.2199247837066679,0.0,0.0,0.0,0.0,0.0
1789986065,396728560,n/a,0.2159352302551298,0.0,0.0,0.0,0.0,0.0
1789986065,415862325,n/a,0.2119343280792265,0.0,0.0,0.0,0.0,0.0
1789986065,435598784,n/a,0.2079301834106474,0.0,0.0,0.0,0.0,0.0
1789986065,461075194,n/a,0.20393180847168255,0.0,0.0,0.0,0.0,0.0
1789986065,480039618,n/a,0.19994220733642865,0.0,0.0,0.0,0.0,0.0
1789986065,503848329,n/a,0.19593462944031048,0.0,0.0,0.0,0.0,0.0
1789986065,515792966,n/a,0.19193491935730267,0.0,0.0,0.0,0.0,0.0
1789986065,540116960,n/a,0.1879393577575712,0.0,0.0,0.0,0.0,0.0
1789986065,557829569,n/a,0.18393630981445597,0.0,0.0,0.0,0.0,0.0
1789986065,575388962,n/a,0.17993388175964642,0.0,0.0,0.0,0.0,0.0
1789986065,598766637,n/a,0.1759346485137968,0.0,0.0,0.0,0.0,0.0
1789986065,620707175,n/a,0.17193627357483196,0.0,0.0,0.0,0.0,0.0
1789986065,637376619,n/a,0.16793870925903606,0.0,0.0,0.0,0.0,0.0
1789986065,660044919,n/a,0.163939332962039,0.0,0.0,0.0,0.0,0.0
1789986065,676976025,n/a,0.15993204116821574,0.0,0.0,0.0,0.0,0.0
1789986065,699503288,n/a,0.15593700408935832,0.0,0.0,0.0,0.0,0.0
1789986065,719226881,n/a,0.15191946029663372,0.0,0.0,0.0,0.0,0.0
1789986065,738224030,n/a,0.14793586730957314,0.0,0.0,0.0,0.0,0.0
1789986065,760289748,n/a,0.14393591880798623,0.0,0.0,0.0,0.0,0.0
1789986065,777728461,n/a,0.13992948532104776,0.0,0.0,0.0,0.0,0.0
1789986065,799908985,n/a,0.13592977523803995,0.0,0.0,0.0,0.0,0.0
1789986065,815977268,n/a,0.1319377422332792,0.0,0.0,0.0,0.0,0.0
1789986065,839269086,n/a,0.12793445587158486,0.0,0.0,0.0,0.0,0.0
1789986065,855451589,n/a,0.12393474578857705,0.0,0.0,0.0,0.0,0.0
1789986065,877446002,n/a,0.11993660926819133,0.0,0.0,0.0,0.0,0.0
1789986065,899726437,n/a,0.11592874526977826,0.0,0.0,0.0,0.0,0.0
1789986065,915865802,n/a,0.11193656921387002,0.0,0.0,0.0,0.0,0.0
1789986065,935775920,n/a,0.10793256759643838,0.0,0.0,0.0,0.0,0.0
1789986065,955172467,n/a,0.10393819808960247,0.0,0.0,0.0,0.0,0.0
1789986065,976725584,n/a,0.0999412059783964,0.0,0.0,0.0,0.0,0.0
1789986065,998742433,n/a,0.09593052864074991,0.0,0.0,0.0,0.0,0.0
1789986066,15045911,n/a,0.09193973541260048,0.0,0.0,0.0,0.0,0.0
1789986066,37942693,n/a,0.08793039321899698,0.0,0.0,0.0,0.0,0.0
1789986066,59083633,n/a,0.08392100334167762,0.0,0.0,0.0,0.0,0.0
1789986066,75864252,n/a,0.07994222640991494,0.0,0.0,0.0,0.0,0.0
1789986066,97547563,n/a,0.07594270706177042,0.0,0.0,0.0,0.0,0.0
1789986066,119477503,n/a,0.07194337844848919,0.0,0.0,0.0,0.0,0.0
1789986066,135803192,n/a,0.06793828010559366,0.0,0.0,0.0,0.0,0.0
1789986066,157974950,n/a,0.0639297962188749,0.0,0.0,0.0,0.0,0.0
1789986066,175434354,n/a,0.05991420745849896,0.0,0.0,0.0,0.0,0.0
1789986066,198600622,n/a,0.05593791007995891,0.0,0.0,0.0,0.0,0.0
1789986066,214957170,n/a,0.05194435119629193,0.0,0.0,0.0,0.0,0.0
1789986066,237272713,n/a,0.047931051254275325,0.0,0.0,0.0,0.0,0.0
1789986066,263873172,n/a,0.04393649101257607,0.0,0.0,0.0,0.0,0.0
1789986066,275109841,n/a,0.03993449211120892,0.0,0.0,0.0,0.0,0.0
1789986066,298415748,n/a,0.035936594009402245,0.0,0.0,0.0,0.0,0.0
1789986066,315510854,n/a,0.03193922042846964,0.0,0.0,0.0,0.0,0.0
1789986066,337805227,n/a,0.027940416336062424,0.0,0.0,0.0,0.0,0.0
1789986066,359838279,n/a,0.02393908500671671,0.0,0.0,0.0,0.0,0.0
1789986066,376961014,n/a,0.019936180114748958,0.0,0.0,0.0,0.0,0.0
1789986066,400234898,n/a,0.015930557250979416,0.0,0.0,0.0,0.0,0.0
1789986066,417701624,n/a,0.011938095092776269,0.0,0.0,0.0,0.0,0.0
1789986066,435818628,n/a,0.007935857772830013,0.0,0.0,0.0,0.0,0.0
1789986066,458295072,n/a,0.003941154479983333,0.0,0.0,0.0,0.0,0.0
1789986066,477300057,n/a,0.5774467022710263,0.0,0.0,0.0,0.0,0.0
1789986066,498044160,n/a,0.5774467022710263,0.0,0.0,0.0,0.0,0.0
1789986066,520693324,n/a,0.5774467022710263,0.0,0.0,0.0,0.0,0.0
1789986066,537970549,n/a,0.5774467022710263,0.0,0.0,0.0,0.0,0.0
1789986066,559955655,n/a,0.5774467022710263,0.0,0.0,0.0,0.0,0.0
1789986066,576664630,n/a,0.5774467022710263,0.0,0.0,0.0,0.0,0.0
1789986066,599264404,n/a,0.5774467022710263,0.0,0.0,0.0,0.0,0.0
1789986066,615839136,n/a,0.5774467022710263,0.0,0.0,0.0,0.0,0.0
1789986066,638566291,n/a,0.5774467022710263,0.0,0.0,0.0,0.0,0.0
1789986066,655659539,n/a,0.5774467022710263,0.0,0.0,0.0,0.0,0.0
1789986066,677845922,n/a,0.5774467022710263,0.0,0.0,0.0,0.0,0.0
1789986066,696352687,n/a,0.5774467022710263,0.0,0.0,0.0,0.0,0.0
1789986066,715964154,n/a,0.5774467022710263,0.0,0.0,0.0,0.0,0.0
1789986066,738107716,n/a,0.5774467022710263,0.0,0.0,0.0,0.0,0.0
1789986066,760707744,n/a,0.5774467022710263,0.0,0.0,0.0,0.0,0.0
1789986066,778559051,n/a,0.5774467022710263,0.0,0.0,0.0,0.0,0.0
1789986066,795009882,n/a,0.5774467022710263,0.0,0.0,0.0,0.0,0.0
1789986066,816531829,n/a,0.5774467022710263,0.0,0.0,0.0,0.0,0.0
1789986066,839847411,n/a,0.5774467022710263,0.0,0.0,0.0,0.0,0.0
1789986066,856490041,n/a,0.5774467022710263,0.0,0.0,0.0,0.0,0.0
1789986066,880312495,n/a,0.5774467022710263,0.0,0.0,0.0,0.0,0.0
1789986066,900837516,n/a,-0.9433050469559874,0.0,0.0,0.0,0.0,0.0
1789986066,921625208,n/a,-0.9433050469559874,0.0,0.0,0.0,0.0,0.0
1789986066,940326910,n/a,-0.9433050469559874,0.0,0.0,0.0,0.0,0.0
1789986066,956910476,n/a,-0.9433050469559874,0.0,0.0,0.0,0.0,0.0
1789986066,975749293,n/a,-0.9433050469559874,0.0,0.0,0.0,0.0,0.0
1789986066,998972926,n/a,-0.9433050469559874,0.0,0.0,0.0,0.0,0.0
1789986067,16130811,n/a,-0.9433050469559874,0.0,0.0,0.0,0.0,0.0
1789986067,39645911,n/a,-0.9433050469559874,0.0,0.0,0.0,0.0,0.0
1789986067,56422174,n/a,-0.9433050469559874,0.0,0.0,0.0,0.0,0.0
1789986067,79842051,n/a,-0.9433050469559874,0.0,0.0,0.0,0.0,0.0
1789986067,96726687,n/a,-0.9433050469559874,0.0,0.0,0.0,0.0,0.0
1789986067,119397299,n/a,-0.9433050469559874,0.0,0.0,0.0,0.0,0.0
1789986067,137288332,n/a,-0.9433050469559874,0.0,0.0,0.0,0.0,0.0
1789986067,159654992,n/a,-0.9433050469559874,0.0,0.0,0.0,0.0,0.0
1789986067,176757386,n/a,-0.9433050469559874,0.0,0.0,0.0,0.0,0.0
1789986067,200519766,n/a,-0.9433050469559874,0.0,0.0,0.0,0.0,0.0
1789986067,217260286,n/a,-0.9433050469559874,0.0,0.0,0.0,0.0,0.0
1789986067,239931089,n/a,-0.9433050469559874,0.0,0.0,0.0,0.0,0.0
1789986067,262229103,n/a,-0.9433050469559874,0.0,0.0,0.0,0.0,0.0
1789986067,279404159,n/a,-0.9433050469559874,0.0,0.0,0.0,0.0,0.0
1789986067,295832008,n/a,-0.9433050469559874,0.0,0.0,0.0,0.0,0.0
1789986067,318714953,n/a,-0.9433050469559874,0.0,0.0,0.0,0.0,0.0
1789986067,336276316,n/a,-0.9433050469559874,0.0,0.0,0.0,0.0,0.0
1789986067,360426427,n/a,-0.9433050469559874,0.0,0.0,0.0,0.0,0.0
1789986067,378470484,n/a,-0.9433050469559874,0.0,0.0,0.0,0.0,0.0
1789986067,397276086,n/a,-0.9433050469559874,0.0,0.0,0.0,0.0,0.0
1789986067,415855540,n/a,-0.9433050469559874,0.0,0.0,0.0,0.0,0.0
1789986067,435625290,n/a,-0.9433050469559874,0.0,0.0,0.0,0.0,0.0
1789986067,460662025,n/a,-0.9433050469559874,0.0,0.0,0.0,0.0,0.0
1789986067,480003501,n/a,-0.9433050469559874,0.0,0.0,0.0,0.0,0.0
1789986067,498324033,n/a,-0.9433050469559874,0.0,0.0,0.0,0.0,0.0
1789986067,517040887,n/a,-0.9433050469559874,0.0,0.0,0.0,0.0,0.0
1789986067,536437595,n/a,-0.9433050469559874,0.0,0.0,0.0,0.0,0.0
1789986067,555899798,n/a,-0.9433050469559874,0.0,0.0,0.0,0.0,0.0
1789986067,575111635,n/a,-0.9433050469559874,0.0,0.0,0.0,0.0,0.0
1789986067,601200654,n/a,-0.9433050469559874,0.0,0.0,0.0,0.0,0.0
1789986067,618406737,n/a,-0.9433050469559874,0.0,0.0,0.0,0.0,0.0
1789986067,637700920,n/a,-0.9433050469559874,0.0,0.0,0.0,0.0,0.0
1789986067,657102562,n/a,-0.9433050469559874,0.0,0.0,0.0,0.0,0.0
1789986067,677194262,n/a,-0.9433050469559874,0.0,0.0,0.0,0.0,0.0
1789986067,696589009,n/a,-0.9433050469559874,0.0,0.0,0.0,0.0,0.0
1789986067,716152342,n/a,-0.9433050469559874,0.0,0.0,0.0,0.0,0.0
1789986067,741077697,n/a,-0.9433050469559874,0.0,0.0,0.0,0.0,0.0
1789986067,756386190,n/a,-0.9433050469559874,0.0,0.0,0.0,0.0,0.0
1789986067,775663144,n/a,-0.9433050469559874,0.0,0.0,0.0,0.0,0.0
1789986067,795312421,n/a,-0.9433050469559874,0.0,0.0,0.0,0.0,0.0
1789986067,815503273,n/a,-0.9433050469559874,0.0,0.0,0.0,0.0,0.0
1789986067,842476747,n/a,-0.9433050469559874,0.0,0.0,0.0,0.0,0.0
1789986067,855312499,n/a,-0.9433050469559874,0.0,0.0,0.0,0.0,0.0
1789986067,880118985,n/a,-0.9433050469559874,0.0,0.0,0.0,0.0,0.0
1789986067,899728473,n/a,-0.9433050469559874,0.0,0.0,0.0,0.0,0.0
1789986067,919535559,n/a,-0.9433050469559874,0.0,0.0,0.0,0.0,0.0
1789986067,938741306,n/a,-0.9433050469559874,0.0,0.0,0.0,0.0,0.0
1789986067,957716703,n/a,-0.9433050469559874,0.0,0.0,0.0,0.0,0.0
1789986067,977898302,n/a,-0.9433050469559874,0.0,0.0,0.0,0.0,0.0
1789986067,995037507,n/a,-0.9433050469559874,0.0,0.0,0.0,0.0,0.0
1789986068,22126426,n/a,-0.9433050469559874,0.0,0.0,0.0,0.0,0.0
1789986068,35763887,n/a,-0.9433050469559874,0.0,0.0,0.0,0.0,0.0
1789986068,54992938,n/a,-0.9433050469559874,0.0,0.0,0.0,0.0,0.0
1789986068,80685229,n/a,-0.9433050469559874,0.0,0.0,0.0,0.0,0.0
1789986068,100836884,n/a,-0.9433050469559874,0.0,0.0,0.0,0.0,0.0
1789986068,125376605,n/a,-0.9433050469559874,0.0,0.0,0.0,0.0,0.0
1789986068,138188469,n/a,-0.9433050469559874,0.0,0.0,0.0,0.0,0.0
1789986068,158066217,n/a,-0.9433050469559874,0.0,0.0,0.0,0.0,0.0
1789986068,177267623,n/a,-0.9433050469559874,0.0,0.0,0.0,0.0,0.0
1789986068,196793115,n/a,-0.9433050469559874,0.0,0.0,0.0,0.0,0.0
1789986068,216723041,n/a,-0.9433050469559874,0.0,0.0,0.0,0.0,0.0
1789986068,235566168,n/a,-0.9433050469559874,0.0,0.0,0.0,0.0,0.0
1789986068,259157755,n/a,-0.9433050469559874,0.0,0.0,0.0,0.0,0.0
1789986068,278470664,n/a,-0.9433050469559874,0.0,0.0,0.0,0.0,0.0
1789986068,297699897,n/a,-0.9433050469559874,0.0,0.0,0.0,0.0,0.0
1789986068,316786216,n/a,-0.9433050469559874,0.0,0.0,0.0,0.0,0.0
1789986068,337006054,n/a,-0.9433050469559874,0.0,0.0,0.0,0.0,0.0
1789986068,355866500,n/a,-0.9433050469559874,0.0,0.0,0.0,0.0,0.0
1789986068,381540415,n/a,-0.9433050469559874,0.0,0.0,0.0,0.0,0.0
1789986068,400617607,n/a,-0.9433050469559874,0.0,0.0,0.0,0.0,0.0
1789986068,419314474,n/a,-0.9433050469559874,0.0,0.0,0.0,0.0,0.0
1789986068,439380226,n/a,-0.9433050469559874,0.0,0.0,0.0,0.0,0.0
1789986068,458020399,n/a,-0.9433050469559874,0.0,0.0,0.0,0.0,0.0
1789986068,476718919,n/a,-0.9433050469559874,0.0,0.0,0.0,0.0,0.0
1789986068,501579031,n/a,-0.9433050469559874,0.0,0.0,0.0,0.0,0.0
1789986068,520590200,n/a,-0.9433050469559874,0.0,0.0,0.0,0.0,0.0
1789986068,539223024,n/a,-0.9433050469559874,0.0,0.0,0.0,0.0,0.0
1789986068,558717085,n/a,-0.9433050469559874,0.0,0.0,0.0,0.0,0.0
1789986068,578149963,n/a,-0.9433050469559874,0.0,0.0,0.0,0.0,0.0
1789986068,597034702,n/a,-0.9433050469559874,0.0,0.0,0.0,0.0,0.0
1789986068,621656193,n/a,-0.13446586418989326,0.0,0.0,0.0,0.0,0.0
1789986068,640293118,n/a,-0.13446586418989326,0.0,0.0,0.0,0.0,0.0
1789986068,659002671,n/a,-0.13446586418989326,0.0,0.0,0.0,0.0,0.0
1789986068,681023756,n/a,-0.13446586418989326,0.0,0.0,0.0,0.0,0.0
1789986068,700355406,n/a,-0.13446586418989326,0.0,0.0,0.0,0.0,0.0
1789986068,719237283,n/a,-0.13446586418989326,0.0,0.0,0.0,0.0,0.0
1789986068,743535281,n/a,-0.13446586418989326,0.0,0.0,0.0,0.0,0.0
1789986068,755731584,n/a,-0.13446586418989326,0.0,0.0,0.0,0.0,0.0
1789986068,779440082,n/a,-0.13446586418989326,0.0,0.0,0.0,0.0,0.0
1789986068,798194810,n/a,-0.13446586418989326,0.0,0.0,0.0,0.0,0.0
1789986068,815266396,n/a,-0.13446586418989326,0.0,0.0,0.0,0.0,0.0
1789986068,838649164,n/a,-0.13446586418989326,0.0,0.0,0.0,0.0,0.0
1789986068,856220225,n/a,-0.13446586418989326,0.0,0.0,0.0,0.0,0.0
1789986068,881139757,n/a,-0.13446586418989326,0.0,0.0,0.0,0.0,0.0
1789986068,899086458,n/a,-0.13446586418989326,0.0,0.0,0.0,0.0,0.0
1789986068,917812640,n/a,-0.13446586418989326,0.0,0.0,0.0,0.0,0.0
1789986068,936052277,n/a,-0.13446586418989326,0.0,0.0,0.0,0.0,0.0
1789986068,959444967,n/a,-0.13446586418989326,0.0,0.0,0.0,0.0,0.0
1789986068,976877361,n/a,-0.13446586418989326,0.0,0.0,0.0,0.0,0.0
1789986069,251570,n/a,-0.13446586418989326,0.0,0.0,0.0,0.0,0.0
1789986069,17682071,n/a,-0.13446586418989326,0.0,0.0,0.0,0.0,0.0
1789986069,36439527,n/a,-0.13446586418989326,0.0,0.0,0.0,0.0,0.0
1789986069,58907714,n/a,-0.13446586418989326,0.0,0.0,0.0,0.0,0.0
1789986069,75932862,n/a,-0.13446586418989326,0.0,0.0,0.0,0.0,0.0
1789986069,97462166,n/a,-0.13446586418989326,0.0,0.0,0.0,0.0,0.0
1789986069,119491104,n/a,-0.13446586418989326,0.0,0.0,0.0,0.0,0.0
1789986069,136309276,n/a,-0.13446586418989326,0.0,0.0,0.0,0.0,0.0
1789986069,158362256,n/a,-0.13446586418989326,0.0,0.0,0.0,0.0,0.0
1789986069,180195269,n/a,-0.13446586418989326,0.0,0.0,0.0,0.0,0.0
1789986069,195821670,n/a,-0.13446586418989326,0.0,0.0,0.0,0.0,0.0
1789986069,217335398,n/a,-0.13446586418989326,0.0,0.0,0.0,0.0,0.0
1789986069,239473095,n/a,-0.13446586418989326,0.0,0.0,0.0,0.0,0.0
1789986069,255520434,n/a,-0.13446586418989326,0.0,0.0,0.0,0.0,0.0
1789986069,277992004,n/a,-0.13446586418989326,0.0,0.0,0.0,0.0,0.0
1789986069,299081417,n/a,-0.13446586418989326,0.0,0.0,0.0,0.0,0.0
1789986069,315682144,n/a,-0.13446586418989326,0.0,0.0,0.0,0.0,0.0
1789986069,338254977,n/a,-0.13446586418989326,0.0,0.0,0.0,0.0,0.0
1789986069,355140864,n/a,-0.13446586418989326,0.0,0.0,0.0,0.0,0.0
1789986069,377866875,n/a,-0.13446586418989326,0.0,0.0,0.0,0.0,0.0
1789986069,403447894,n/a,-0.13446586418989326,0.0,0.0,0.0,0.0,0.0
1789986069,415608861,n/a,-0.13446586418989326,0.0,0.0,0.0,0.0,0.0
1789986069,438689195,n/a,-0.13446586418989326,0.0,0.0,0.0,0.0,0.0
1789986069,461024267,n/a,-0.13446586418989326,0.0,0.0,0.0,0.0,0.0
1789986069,479575226,n/a,-0.13446586418989326,0.0,0.0,0.0,0.0,0.0
1789986069,496635108,n/a,-0.13446586418989326,0.0,0.0,0.0,0.0,0.0
1789986069,518951935,n/a,-0.13446586418989326,0.0,0.0,0.0,0.0,0.0
1789986069,538188375,n/a,-0.13446586418989326,0.0,0.0,0.0,0.0,0.0
1789986069,555810471,n/a,-0.13446586418989326,0.0,0.0,0.0,0.0,0.0
1789986069,578844193,n/a,-0.13446586418989326,0.0,0.0,0.0,0.0,0.0
1789986069,596145341,n/a,-0.13446586418989326,0.0,0.0,0.0,0.0,0.0
1789986069,617983015,n/a,-0.13446586418989326,0.0,0.0,0.0,0.0,0.0
1789986069,640007481,n/a,-0.13446586418989326,0.0,0.0,0.0,0.0,0.0
1789986069,657250092,n/a,-0.13446586418989326,0.0,0.0,0.0,0.0,0.0
1789986069,675225030,n/a,-0.13446586418989326,0.0,0.0,0.0,0.0,0.0
1789986069,696902411,n/a,-0.13446586418989326,0.0,0.0,0.0,0.0,0.0
1789986069,719181120,n/a,-0.13446586418989326,0.0,0.0,0.0,0.0,0.0
1789986069,740231384,n/a,-0.13446586418989326,0.0,0.0,0.0,0.0,0.0
1789986069,756699582,n/a,-0.13446586418989326,0.0,0.0,0.0,0.0,0.0
1789986069,779772886,n/a,-0.13446586418989326,0.0,0.0,0.0,0.0,0.0
1789986069,796176743,n/a,-0.13446586418989326,0.0,0.0,0.0,0.0,0.0
1789986069,818277296,n/a,-0.13446586418989326,0.0,0.0,0.0,0.0,0.0
1789986069,836408703,n/a,-0.13446586418989326,0.0,0.0,0.0,0.0,0.0
1789986069,857660149,n/a,-0.13446586418989326,0.0,0.0,0.0,0.0,0.0
1789986069,875330347,n/a,-0.13446586418989326,0.0,0.0,0.0,0.0,0.0
1789986069,898931029,n/a,-0.13446586418989326,0.0,0.0,0.0,0.0,0.0
1789986069,915227495,n/a,-0.13446586418989326,0.0,0.0,0.0,0.0,0.0
1789986069,937647144,n/a,-0.13446586418989326,0.0,0.0,0.0,0.0,0.0
1789986069,959504652,n/a,-0.13446586418989326,0.0,0.0,0.0,0.0,0.0
1789986069,977074980,n/a,-0.13446586418989326,0.0,0.0,0.0,0.0,0.0
1789986069,999543054,n/a,-0.13446586418989326,0.0,0.0,0.0,0.0,0.0
1789986070,17064612,n/a,-0.13446586418989326,0.0,0.0,0.0,0.0,0.0
1789986070,39958639,n/a,-0.13446586418989326,0.0,0.0,0.0,0.0,0.0
1789986070,56510099,n/a,-0.13446586418989326,0.0,0.0,0.0,0.0,0.0
1789986070,79262005,n/a,-0.13446586418989326,0.0,0.0,0.0,0.0,0.0
1789986070,96489649,n/a,-0.13446586418989326,0.0,0.0,0.0,0.0,0.0
1789986070,119967672,n/a,-0.13446586418989326,0.0,0.0,0.0,0.0,0.0
1789986070,136536920,n/a,-0.13446586418989326,0.0,0.0,0.0,0.0,0.0
1789986070,157914645,n/a,-0.13446586418989326,0.0,0.0,0.0,0.0,0.0
1789986070,179304545,n/a,-0.13446586418989326,0.0,0.0,0.0,0.0,0.0
1789986070,196352275,n/a,-0.9957878932977786,0.0,0.0,0.0,0.0,0.0
1789986070,218162569,n/a,-0.9957878932977786,0.0,0.0,0.0,0.0,0.0
1789986070,240657085,n/a,-0.9957878932977786,0.0,0.0,0.0,0.0,0.0
1789986070,256871813,n/a,-0.9957878932977786,0.0,0.0,0.0,0.0,0.0
1789986070,282832542,n/a,-0.9957878932977786,0.0,0.0,0.0,0.0,0.0
1789986070,300711415,n/a,-0.9957878932977786,0.0,0.0,0.0,0.0,0.0
1789986070,317700679,n/a,-0.9957878932977786,0.0,0.0,0.0,0.0,0.0
1789986070,340190452,n/a,-0.9957878932977786,0.0,0.0,0.0,0.0,0.0
1789986070,357623431,n/a,-0.9957878932977786,0.0,0.0,0.0,0.0,0.0
1789986070,375053161,n/a,-0.9957878932977786,0.0,0.0,0.0,0.0,0.0
1789986070,396298095,n/a,-0.9957878932977786,0.0,0.0,0.0,0.0,0.0
1789986070,419520245,n/a,-0.9957878932977786,0.0,0.0,0.0,0.0,0.0
1789986070,436306380,n/a,-0.9957878932977786,0.0,0.0,0.0,0.0,0.0
1789986070,458027544,n/a,-0.9957878932977786,0.0,0.0,0.0,0.0,0.0
1789986070,475001492,n/a,-0.9957878932977786,0.0,0.0,0.0,0.0,0.0
1789986070,502069094,n/a,-0.9957878932977786,0.0,0.0,0.0,0.0,0.0
1789986070,518411531,n/a,-0.9957878932977786,0.0,0.0,0.0,0.0,0.0
1789986070,535818715,n/a,-0.9957878932977786,0.0,0.0,0.0,0.0,0.0
1789986070,558429571,n/a,-0.9957878932977786,0.0,0.0,0.0,0.0,0.0
1789986070,580107752,n/a,-0.9957878932977786,0.0,0.0,0.0,0.0,0.0
1789986070,596661377,n/a,-0.9957878932977786,0.0,0.0,0.0,0.0,0.0
1789986070,617768576,n/a,-0.9957878932977786,0.0,0.0,0.0,0.0,0.0
1789986070,639992087,n/a,-0.9957878932977786,0.0,0.0,0.0,0.0,0.0
1789986070,656887406,n/a,-0.9957878932977786,0.0,0.0,0.0,0.0,0.0
1789986070,678536985,n/a,-0.9957878932977786,0.0,0.0,0.0,0.0,0.0
1789986070,699700249,n/a,-0.9957878932977786,0.0,0.0,0.0,0.0,0.0
1789986070,720920587,n/a,-0.9957878932977786,0.0,0.0,0.0,0.0,0.0
1789986070,739056921,n/a,-0.9957878932977786,0.0,0.0,0.0,0.0,0.0
1789986070,755279591,n/a,-0.9957878932977786,0.0,0.0,0.0,0.0,0.0
1789986070,777506904,n/a,-0.9957878932977786,0.0,0.0,0.0,0.0,0.0
1789986070,799558768,n/a,-0.9957878932977786,0.0,0.0,0.0,0.0,0.0
1789986070,818807827,n/a,-0.9957878932977786,0.0,0.0,0.0,0.0,0.0
1789986070,835920976,n/a,-0.9957878932977786,0.0,0.0,0.0,0.0,0.0
1789986070,858226472,n/a,-0.9957878932977786,0.0,0.0,0.0,0.0,0.0
1789986070,879537443,n/a,-0.9957878932977786,0.0,0.0,0.0,0.0,0.0
1789986070,895936663,n/a,-0.9957878932977786,0.0,0.0,0.0,0.0,0.0
1789986070,919336430,n/a,-0.9957878932977786,0.0,0.0,0.0,0.0,0.0
1789986070,938433920,n/a,-0.9957878932977786,0.0,0.0,0.0,0.0,0.0
1789986070,959992262,n/a,-0.9957878932977786,0.0,0.0,0.0,0.0,0.0
1789986070,976434735,n/a,-0.9957878932977786,0.0,0.0,0.0,0.0,0.0
1789986070,997836065,n/a,-0.9957878932977786,0.0,0.0,0.0,0.0,0.0
1789986071,19180153,n/a,-0.9957878932977786,0.0,0.0,0.0,0.0,0.0
1789986071,35025449,n/a,-0.9957878932977786,0.0,0.0,0.0,0.0,0.0
1789986071,57947472,n/a,-0.9957878932977786,0.0,0.0,0.0,0.0,0.0
1789986071,80853821,n/a,-0.9957878932977786,0.0,0.0,0.0,0.0,0.0
1789986071,97769402,n/a,-0.9957878932977786,0.0,0.0,0.0,0.0,0.0
1789986071,120210168,n/a,-0.9957878932977786,0.0,0.0,0.0,0.0,0.0
1789986071,134976231,n/a,-0.9957878932977786,0.0,0.0,0.0,0.0,0.0
1789986071,158576837,n/a,-0.9957878932977786,0.0,0.0,0.0,0.0,0.0
1789986071,176231759,n/a,-0.9957878932977786,0.0,0.0,0.0,0.0,0.0
1789986071,198598927,n/a,-0.9957878932977786,0.0,0.0,0.0,0.0,0.0
1789986071,215734372,n/a,0.44308006468156513,0.0,0.0,0.0,0.0,0.0
1789986071,239908041,n/a,0.44308006468156513,0.0,0.0,0.0,0.0,0.0
1789986071,254964909,n/a,0.44308006468156513,0.0,0.0,0.0,0.0,0.0
1789986071,277658352,n/a,0.44308006468156513,0.0,0.0,0.0,0.0,0.0
1789986071,300829607,n/a,0.44308006468156513,0.0,0.0,0.0,0.0,0.0
1789986071,317805604,n/a,0.44308006468156513,0.0,0.0,0.0,0.0,0.0
1789986071,340585974,n/a,0.44308006468156513,0.0,0.0,0.0,0.0,0.0
1789986071,357017687,n/a,0.44308006468156513,0.0,0.0,0.0,0.0,0.0
1789986071,380119842,n/a,0.44308006468156513,0.0,0.0,0.0,0.0,0.0
1789986071,396997940,n/a,0.44308006468156513,0.0,0.0,0.0,0.0,0.0
1789986071,419761821,n/a,0.44308006468156513,0.0,0.0,0.0,0.0,0.0
1789986071,437208014,n/a,0.44308006468156513,0.0,0.0,0.0,0.0,0.0
1789986071,460955211,n/a,0.44308006468156513,0.0,0.0,0.0,0.0,0.0
1789986071,476475393,n/a,0.44308006468156513,0.0,0.0,0.0,0.0,0.0
1789986071,498331398,n/a,0.44308006468156513,0.0,0.0,0.0,0.0,0.0
1789986071,520301112,n/a,0.44308006468156513,0.0,0.0,0.0,0.0,0.0
1789986071,537113647,n/a,0.44308006468156513,0.0,0.0,0.0,0.0,0.0
1789986071,558827861,n/a,0.44308006468156513,0.0,0.0,0.0,0.0,0.0
1789986071,575379977,n/a,0.44308006468156513,0.0,0.0,0.0,0.0,0.0
1789986071,598961127,n/a,0.44308006468156513,0.0,0.0,0.0,0.0,0.0
1789986071,615088291,n/a,0.44308006468156513,0.0,0.0,0.0,0.0,0.0
1789986071,637079579,n/a,0.44308006468156513,0.0,0.0,0.0,0.0,0.0
1789986071,659271224,n/a,0.44308006468156513,0.0,0.0,0.0,0.0,0.0
1789986071,677941529,n/a,0.44308006468156513,0.0,0.0,0.0,0.0,0.0
1789986071,697273372,n/a,0.44308006468156513,0.0,0.0,0.0,0.0,0.0
1789986071,719534276,n/a,0.44308006468156513,0.0,0.0,0.0,0.0,0.0
1789986071,735972827,n/a,0.44308006468156513,0.0,0.0,0.0,0.0,0.0
1789986071,758314685,n/a,0.44308006468156513,0.0,0.0,0.0,0.0,0.0
1789986071,780296043,n/a,0.44308006468156513,0.0,0.0,0.0,0.0,0.0
1789986071,795723542,n/a,0.44308006468156513,0.0,0.0,0.0,0.0,0.0
1789986071,818905433,n/a,0.44308006468156513,0.0,0.0,0.0,0.0,0.0
1789986071,835864472,n/a,0.44308006468156513,0.0,0.0,0.0,0.0,0.0
1789986071,857569793,n/a,0.44308006468156513,0.0,0.0,0.0,0.0,0.0
1789986071,880554571,n/a,0.8905413911078446,0.0,0.0,0.0,0.0,0.0
1789986071,895054519,n/a,0.8905413911078446,0.0,0.0,0.0,0.0,0.0
1789986071,918665238,n/a,0.8905413911078446,0.0,0.0,0.0,0.0,0.0
1789986071,936199935,n/a,0.8905413911078446,0.0,0.0,0.0,0.0,0.0
1789986071,957916956,n/a,0.8905413911078446,0.0,0.0,0.0,0.0,0.0
1789986071,979970605,n/a,0.8905413911078446,0.0,0.0,0.0,0.0,0.0
1789986071,998124376,n/a,0.8905413911078446,0.0,0.0,0.0,0.0,0.0
1789986072,18262438,n/a,0.8905413911078446,0.0,0.0,0.0,0.0,0.0
1789986072,35829112,n/a,0.8905413911078446,0.0,0.0,0.0,0.0,0.0
1789986072,57924547,n/a,0.8905413911078446,0.0,0.0,0.0,0.0,0.0
1789986072,80171594,n/a,0.8905413911078446,0.0,0.0,0.0,0.0,0.0
1789986072,97104427,n/a,0.8905413911078446,0.0,0.0,0.0,0.0,0.0
1789986072,117881985,n/a,0.8905413911078446,0.0,0.0,0.0,0.0,0.0
1789986072,135235574,n/a,0.8905413911078446,0.0,0.0,0.0,0.0,0.0
1789986072,158311345,n/a,0.8905413911078446,0.0,0.0,0.0,0.0,0.0
1789986072,175066308,n/a,0.8905413911078446,0.0,0.0,0.0,0.0,0.0
1789986072,197484532,n/a,0.8905413911078446,0.0,0.0,0.0,0.0,0.0
1789986072,223559053,n/a,0.8905413911078446,0.0,0.0,0.0,0.0,0.0
1789986072,240696195,n/a,0.8905413911078446,0.0,0.0,0.0,0.0,0.0
1789986072,257258274,n/a,0.8905413911078446,0.0,0.0,0.0,0.0,0.0
1789986072,279462554,n/a,0.8905413911078446,0.0,0.0,0.0,0.0,0.0
1789986072,296888745,n/a,0.8905413911078446,0.0,0.0,0.0,0.0,0.0
1789986072,318767561,n/a,0.8905413911078446,0.0,0.0,0.0,0.0,0.0
1789986072,339886449,n/a,0.8905413911078446,0.0,0.0,0.0,0.0,0.0
1789986072,356696567,n/a,0.8905413911078446,0.0,0.0,0.0,0.0,0.0
1789986072,379332213,n/a,0.8905413911078446,0.0,0.0,0.0,0.0,0.0
1789986072,395838978,n/a,0.8905413911078446,0.0,0.0,0.0,0.0,0.0
1789986072,417474912,n/a,0.8905413911078446,0.0,0.0,0.0,0.0,0.0
1789986072,438716217,n/a,0.8905413911078446,0.0,0.0,0.0,0.0,0.0
1789986072,455004618,n/a,0.8905413911078446,0.0,0.0,0.0,0.0,0.0
1789986072,478244612,n/a,0.8905413911078446,0.0,0.0,0.0,0.0,0.0
1789986072,500167751,n/a,0.8905413911078446,0.0,0.0,0.0,0.0,0.0
1789986072,516399310,n/a,0.8905413911078446,0.0,0.0,0.0,0.0,0.0
1789986072,543481155,n/a,0.8905413911078446,0.0,0.0,0.0,0.0,0.0
1789986072,559935162,n/a,0.8905413911078446,0.0,0.0,0.0,0.0,0.0
1789986072,576470469,n/a,0.8905413911078446,0.0,0.0,0.0,0.0,0.0
1789986072,598489152,n/a,0.8905413911078446,0.0,0.0,0.0,0.0,0.0
1789986072,620313756,n/a,0.8905413911078446,0.0,0.0,0.0,0.0,0.0
1789986072,636652395,n/a,0.8905413911078446,0.0,0.0,0.0,0.0,0.0
1789986072,657615873,n/a,0.8905413911078446,0.0,0.0,0.0,0.0,0.0
1789986072,680152021,n/a,0.8905413911078446,0.0,0.0,0.0,0.0,0.0
1789986072,696621661,n/a,0.8905413911078446,0.0,0.0,0.0,0.0,0.0
1789986072,718766719,n/a,0.8905413911078446,0.0,0.0,0.0,0.0,0.0
1789986072,734970641,n/a,0.8905413911078446,0.0,0.0,0.0,0.0,0.0
1789986072,755589114,n/a,0.8905413911078446,0.0,0.0,0.0,0.0,0.0
1789986072,779520441,n/a,0.8905413911078446,0.0,0.0,0.0,0.0,0.0
1789986072,795809311,n/a,0.8905413911078446,0.0,0.0,0.0,0.0,0.0
1789986072,817230558,n/a,0.8905413911078446,0.0,0.0,0.0,0.0,0.0
1789986072,839250768,n/a,0.8905413911078446,0.0,0.0,0.0,0.0,0.0
1789986072,858750360,n/a,0.8905413911078446,0.0,0.0,0.0,0.0,0.0
1789986072,876655747,n/a,0.8905413911078446,0.0,0.0,0.0,0.0,0.0
1789986072,900255060,n/a,0.8905413911078446,0.0,0.0,0.0,0.0,0.0
1789986072,918141409,n/a,0.8905413911078446,0.0,0.0,0.0,0.0,0.0
1789986072,936824380,n/a,0.8905413911078446,0.0,0.0,0.0,0.0,0.0
1789986072,955566604,n/a,0.8905413911078446,0.0,0.0,0.0,0.0,0.0
1789986072,978218585,n/a,0.8905413911078446,0.0,0.0,0.0,0.0,0.0
1789986072,997059147,n/a,0.8905413911078446,0.0,0.0,0.0,0.0,0.0
1789986073,16808389,n/a,0.8905413911078446,0.0,0.0,0.0,0.0,0.0
1789986073,36210278,n/a,0.8905413911078446,0.0,0.0,0.0,0.0,0.0
1789986073,60729710,n/a,0.8905413911078446,0.0,0.0,0.0,0.0,0.0
1789986073,79497781,n/a,0.8905413911078446,0.0,0.0,0.0,0.0,0.0
1789986073,95050712,n/a,0.8905413911078446,0.0,0.0,0.0,0.0,0.0
1789986073,120682499,n/a,0.8905413911078446,0.0,0.0,0.0,0.0,0.0
1789986073,139973821,n/a,0.8905413911078446,0.0,0.0,0.0,0.0,0.0
1789986073,158712142,n/a,0.8905413911078446,0.0,0.0,0.0,0.0,0.0
1789986073,177633747,n/a,0.8905413911078446,0.0,0.0,0.0,0.0,0.0
1789986073,196756522,n/a,0.8905413911078446,0.0,0.0,0.0,0.0,0.0
1789986073,219442891,n/a,0.8905413911078446,0.0,0.0,0.0,0.0,0.0
1789986073,239213638,n/a,0.8905413911078446,0.0,0.0,0.0,0.0,0.0
1789986073,258376157,n/a,0.8905413911078446,0.0,0.0,0.0,0.0,0.0
1789986073,277317108,n/a,0.8905413911078446,0.0,0.0,0.0,0.0,0.0
1789986073,296369270,n/a,0.8905413911078446,0.0,0.0,0.0,0.0,0.0
1789986073,315003228,n/a,0.8905413911078446,0.0,0.0,0.0,0.0,0.0
1789986073,337519283,n/a,0.8905413911078446,0.0,0.0,0.0,0.0,0.0
1789986073,357106906,n/a,0.8905413911078446,0.0,0.0,0.0,0.0,0.0
1789986073,377417051,n/a,0.8905413911078446,0.0,0.0,0.0,0.0,0.0
1789986073,396597034,n/a,0.8905413911078446,0.0,0.0,0.0,0.0,0.0
1789986073,416122835,n/a,0.8905413911078446,0.0,0.0,0.0,0.0,0.0
1789986073,436056591,n/a,0.8905413911078446,0.0,0.0,0.0,0.0,0.0
1789986073,458289787,n/a,0.8905413911078446,0.0,0.0,0.0,0.0,0.0
1789986073,480500329,n/a,0.8905413911078446,0.0,0.0,0.0,0.0,0.0
1789986073,500067693,n/a,0.8905413911078446,0.0,0.0,0.0,0.0,0.0
1789986073,520056408,n/a,0.8905413911078446,0.0,0.0,0.0,0.0,0.0
1789986073,540121757,n/a,0.8905413911078446,0.0,0.0,0.0,0.0,0.0
1789986073,559054932,n/a,0.8905413911078446,0.0,0.0,0.0,0.0,0.0
1789986073,578191360,n/a,0.8905413911078446,0.0,0.0,0.0,0.0,0.0
1789986073,595518230,n/a,0.8905413911078446,0.0,0.0,0.0,0.0,0.0
1789986073,614864045,n/a,0.8905413911078446,0.0,0.0,0.0,0.0,0.0
1789986073,635043165,n/a,0.8905413911078446,0.0,0.0,0.0,0.0,0.0
1789986073,660594132,n/a,0.8905413911078446,0.0,0.0,0.0,0.0,0.0
1789986073,679845852,n/a,0.8905413911078446,0.0,0.0,0.0,0.0,0.0
1789986073,698700052,n/a,-0.9388200339328929,0.0,0.0,0.0,0.0,0.0
1789986073,716575106,n/a,-0.9388200339328929,0.0,0.0,0.0,0.0,0.0
1789986073,736722736,n/a,-0.9388200339328929,0.0,0.0,0.0,0.0,0.0
1789986073,755858163,n/a,-0.9388200339328929,0.0,0.0,0.0,0.0,0.0
1789986073,775876531,n/a,-0.9388200339328929,0.0,0.0,0.0,0.0,0.0
1789986073,795497106,n/a,-0.9388200339328929,0.0,0.0,0.0,0.0,0.0
1789986073,821414929,n/a,-0.9388200339328929,0.0,0.0,0.0,0.0,0.0
1789986073,840866692,n/a,-0.9388200339328929,0.0,0.0,0.0,0.0,0.0
1789986073,860281033,n/a,-0.9388200339328929,0.0,0.0,0.0,0.0,0.0
1789986073,880750628,n/a,-0.9388200339328929,0.0,0.0,0.0,0.0,0.0
1789986073,901228435,n/a,-0.9388200339328929,0.0,0.0,0.0,0.0,0.0
1789986073,920873868,n/a,-0.9388200339328929,0.0,0.0,0.0,0.0,0.0
1789986073,941952139,n/a,-0.9388200339328929,0.0,0.0,0.0,0.0,0.0
1789986073,955579517,n/a,-0.9388200339328929,0.0,0.0,0.0,0.0,0.0
1789986073,980924624,n/a,-0.9388200339328929,0.0,0.0,0.0,0.0,0.0
1789986074,1294794,n/a,0.08282494558699316,0.0,0.0,0.0,0.0,0.0
1789986074,20676900,n/a,0.08282494558699316,0.0,0.0,0.0,0.0,0.0
1789986074,41117765,n/a,0.08282494558699316,0.0,0.0,0.0,0.0,0.0
1789986074,61116712,n/a,0.08282494558699316,0.0,0.0,0.0,0.0,0.0
1789986074,80961239,n/a,0.08282494558699316,0.0,0.0,0.0,0.0,0.0
1789986074,99414356,n/a,0.08282494558699316,0.0,0.0,0.0,0.0,0.0
1789986074,119766954,n/a,0.08282494558699316,0.0,0.0,0.0,0.0,0.0
1789986074,139718479,n/a,0.08282494558699316,0.0,0.0,0.0,0.0,0.0
1789986074,159178766,n/a,0.08282494558699316,0.0,0.0,0.0,0.0,0.0
1789986074,179379746,n/a,0.08282494558699316,0.0,0.0,0.0,0.0,0.0
1789986074,199569298,n/a,0.08282494558699316,0.0,0.0,0.0,0.0,0.0
1789986074,225473419,n/a,0.08282494558699316,0.0,0.0,0.0,0.0,0.0
1789986074,239436244,n/a,0.08282494558699316,0.0,0.0,0.0,0.0,0.0
1789986074,258649167,n/a,0.08282494558699316,0.0,0.0,0.0,0.0,0.0
1789986074,278249209,n/a,0.08282494558699316,0.0,0.0,0.0,0.0,0.0
1789986074,298756511,n/a,0.08282494558699316,0.0,0.0,0.0,0.0,0.0
1789986074,318600439,n/a,0.08282494558699316,0.0,0.0,0.0,0.0,0.0
1789986074,338942347,n/a,0.08282494558699316,0.0,0.0,0.0,0.0,0.0
1789986074,358481854,n/a,0.08282494558699316,0.0,0.0,0.0,0.0,0.0
1789986074,378497898,n/a,0.08282494558699316,0.0,0.0,0.0,0.0,0.0
1789986074,398925865,n/a,0.08282494558699316,0.0,0.0,0.0,0.0,0.0
1789986074,418980492,n/a,0.08282494558699316,0.0,0.0,0.0,0.0,0.0
1789986074,439578895,n/a,0.08282494558699316,0.0,0.0,0.0,0.0,0.0
1789986074,459672963,n/a,0.08282494558699316,0.0,0.0,0.0,0.0,0.0
1789986074,484407682,n/a,0.08282494558699316,0.0,0.0,0.0,0.0,0.0
1789986074,497844989,n/a,0.08282494558699316,0.0,0.0,0.0,0.0,0.0
1789986074,517601289,n/a,0.08282494558699316,0.0,0.0,0.0,0.0,0.0
1789986074,538221205,n/a,0.08282494558699316,0.0,0.0,0.0,0.0,0.0
1789986074,558657300,n/a,0.08282494558699316,0.0,0.0,0.0,0.0,0.0
1789986074,578812396,n/a,0.08282494558699316,0.0,0.0,0.0,0.0,0.0
1789986074,598082921,n/a,0.08282494558699316,0.0,0.0,0.0,0.0,0.0
1789986074,617462341,n/a,0.08282494558699316,0.0,0.0,0.0,0.0,0.0
1789986074,637548248,n/a,0.08282494558699316,0.0,0.0,0.0,0.0,0.0
1789986074,657009550,n/a,0.08282494558699316,0.0,0.0,0.0,0.0,0.0
1789986074,677276935,n/a,0.08282494558699316,0.0,0.0,0.0,0.0,0.0
1789986074,697816889,n/a,0.08282494558699316,0.0,0.0,0.0,0.0,0.0
1789986074,717067889,n/a,0.08282494558699316,0.0,0.0,0.0,0.0,0.0
1789986074,743311566,n/a,0.08282494558699316,0.0,0.0,0.0,0.0,0.0
1789986074,756397701,n/a,0.08282494558699316,0.0,0.0,0.0,0.0,0.0
1789986074,776199052,n/a,0.08282494558699316,0.0,0.0,0.0,0.0,0.0
1789986074,796290744,n/a,0.08282494558699316,0.0,0.0,0.0,0.0,0.0
1789986074,816334863,n/a,0.08282494558699316,0.0,0.0,0.0,0.0,0.0
1789986074,836528391,n/a,0.08282494558699316,0.0,0.0,0.0,0.0,0.0
1789986074,856945141,n/a,0.08282494558699316,0.0,0.0,0.0,0.0,0.0
1789986074,875767814,n/a,0.08282494558699316,0.0,0.0,0.0,0.0,0.0
1789986074,895209743,n/a,0.08282494558699316,0.0,0.0,0.0,0.0,0.0
1789986074,915722570,n/a,0.08282494558699316,0.0,0.0,0.0,0.0,0.0
1789986074,936111713,n/a,0.08282494558699316,0.0,0.0,0.0,0.0,0.0
1789986074,955565688,n/a,0.08282494558699316,0.0,0.0,0.0,0.0,0.0
1789986074,975849984,n/a,0.08282494558699316,0.0,0.0,0.0,0.0,0.0
1789986075,493789,n/a,0.08282494558699316,0.0,0.0,0.0,0.0,0.0
1789986075,20301503,n/a,0.08282494558699316,0.0,0.0,0.0,0.0,0.0
1789986075,40836439,n/a,0.08282494558699316,0.0,0.0,0.0,0.0,0.0
1789986075,60672346,n/a,0.08282494558699316,0.0,0.0,0.0,0.0,0.0
1789986075,80937453,n/a,0.08282494558699316,0.0,0.0,0.0,0.0,0.0
1789986075,100855736,n/a,0.08282494558699316,0.0,0.0,0.0,0.0,0.0
1789986075,125198748,n/a,0.08282494558699316,0.0,0.0,0.0,0.0,0.0
1789986075,138369099,n/a,0.08282494558699316,0.0,0.0,0.0,0.0,0.0
1789986075,157985132,n/a,0.08282494558699316,0.0,0.0,0.0,0.0,0.0
1789986075,177711641,n/a,0.08282494558699316,0.0,0.0,0.0,0.0,0.0
1789986075,196796768,n/a,0.08282494558699316,0.0,0.0,0.0,0.0,0.0
1789986075,216177888,n/a,0.08282494558699316,0.0,0.0,0.0,0.0,0.0
1789986075,235483962,n/a,0.08282494558699316,0.0,0.0,0.0,0.0,0.0
1789986075,259418292,n/a,0.08282494558699316,0.0,0.0,0.0,0.0,0.0
1789986075,279030009,n/a,0.08282494558699316,0.0,0.0,0.0,0.0,0.0
1789986075,298222686,n/a,0.08282494558699316,0.0,0.0,0.0,0.0,0.0
1789986075,317609023,n/a,0.08282494558699316,0.0,0.0,0.0,0.0,0.0
1789986075,337350439,n/a,0.08282494558699316,0.0,0.0,0.0,0.0,0.0
1789986075,356280731,n/a,0.08282494558699316,0.0,0.0,0.0,0.0,0.0
1789986075,380572626,n/a,0.08282494558699316,0.0,0.0,0.0,0.0,0.0
1789986075,400034936,n/a,0.08282494558699316,0.0,0.0,0.0,0.0,0.0
1789986075,419895898,n/a,0.08282494558699316,0.0,0.0,0.0,0.0,0.0
1789986075,439519291,n/a,0.08282494558699316,0.0,0.0,0.0,0.0,0.0
1789986075,458555301,n/a,0.08282494558699316,0.0,0.0,0.0,0.0,0.0
1789986075,477433138,n/a,0.08282494558699316,0.0,0.0,0.0,0.0,0.0
1789986075,501822482,n/a,0.08282494558699316,0.0,0.0,0.0,0.0,0.0
1789986075,521321105,n/a,0.08282494558699316,0.0,0.0,0.0,0.0,0.0
1789986075,540822456,n/a,0.08282494558699316,0.0,0.0,0.0,0.0,0.0
1789986075,559827864,n/a,0.08282494558699316,0.0,0.0,0.0,0.0,0.0
1789986075,579737621,n/a,0.08282494558699316,0.0,0.0,0.0,0.0,0.0
1789986075,598675053,n/a,0.08282494558699316,0.0,0.0,0.0,0.0,0.0
1789986075,623356580,n/a,0.08282494558699316,0.0,0.0,0.0,0.0,0.0
1789986075,636332665,n/a,0.08282494558699316,0.0,0.0,0.0,0.0,0.0
1789986075,655683368,n/a,0.08282494558699316,0.0,0.0,0.0,0.0,0.0
1789986075,675523020,n/a,0.08282494558699316,0.0,0.0,0.0,0.0,0.0
1789986075,699972447,n/a,0.08282494558699316,0.0,0.0,0.0,0.0,0.0
1789986075,718143816,n/a,0.08282494558699316,0.0,0.0,0.0,0.0,0.0
1789986075,742191795,n/a,0.08282494558699316,0.0,0.0,0.0,0.0,0.0
1789986075,755906056,n/a,0.08282494558699316,0.0,0.0,0.0,0.0,0.0
1789986075,775978273,n/a,0.08282494558699316,0.0,0.0,0.0,0.0,0.0
1789986075,795392265,n/a,0.08282494558699316,0.0,0.0,0.0,0.0,0.0
1789986075,820412523,n/a,0.08282494558699316,0.0,0.0,0.0,0.0,0.0
1789986075,836439716,n/a,0.08282494558699316,0.0,0.0,0.0,0.0,0.0
1789986075,855230323,n/a,0.08282494558699316,0.0,0.0,0.0,0.0,0.0
1789986075,878995713,n/a,0.08282494558699316,0.0,0.0,0.0,0.0,0.0
1789986075,899019266,n/a,-0.23759152462357513,0.0,0.0,0.0,0.0,0.0
1789986075,918176921,n/a,-0.23759152462357513,0.0,0.0,0.0,0.0,0.0
1789986075,937097169,n/a,-0.23759152462357513,0.0,0.0,0.0,0.0,0.0
1789986075,956438148,n/a,-0.23759152462357513,0.0,0.0,0.0,0.0,0.0
1789986075,981020312,n/a,-0.23759152462357513,0.0,0.0,0.0,0.0,0.0
1789986075,998744985,n/a,-0.23759152462357513,0.0,0.0,0.0,0.0,0.0
1789986076,18928289,n/a,-0.23759152462357513,0.0,0.0,0.0,0.0,0.0
1789986076,38960221,n/a,-0.23759152462357513,0.0,0.0,0.0,0.0,0.0
1789986076,58151554,n/a,-0.23759152462357513,0.0,0.0,0.0,0.0,0.0
1789986076,77538882,n/a,-0.23759152462357513,0.0,0.0,0.0,0.0,0.0
1789986076,96495639,n/a,-0.23759152462357513,0.0,0.0,0.0,0.0,0.0
1789986076,120179066,n/a,-0.23759152462357513,0.0,0.0,0.0,0.0,0.0
1789986076,139241974,n/a,-0.23759152462357513,0.0,0.0,0.0,0.0,0.0
1789986076,158058422,n/a,-0.23759152462357513,0.0,0.0,0.0,0.0,0.0
1789986076,177097418,n/a,-0.23759152462357513,0.0,0.0,0.0,0.0,0.0
1789986076,196398789,n/a,-0.23759152462357513,0.0,0.0,0.0,0.0,0.0
1789986076,214888550,n/a,-0.23759152462357513,0.0,0.0,0.0,0.0,0.0
1789986076,238082666,n/a,-0.23759152462357513,0.0,0.0,0.0,0.0,0.0
1789986076,257253795,n/a,-0.23759152462357513,0.0,0.0,0.0,0.0,0.0
1789986076,276399300,n/a,-0.23759152462357513,0.0,0.0,0.0,0.0,0.0
1789986076,296054920,n/a,-0.23759152462357513,0.0,0.0,0.0,0.0,0.0
1789986076,315275151,n/a,-0.23759152462357513,0.0,0.0,0.0,0.0,0.0
1789986076,340085428,n/a,-0.23759152462357513,0.0,0.0,0.0,0.0,0.0
1789986076,356166441,n/a,-0.23759152462357513,0.0,0.0,0.0,0.0,0.0
1789986076,377614595,n/a,-0.23759152462357513,0.0,0.0,0.0,0.0,0.0
1789986076,397148553,n/a,-0.23759152462357513,0.0,0.0,0.0,0.0,0.0
1789986076,416222887,n/a,-0.23759152462357513,0.0,0.0,0.0,0.0,0.0
1789986076,435240392,n/a,-0.23759152462357513,0.0,0.0,0.0,0.0,0.0
1789986076,459965078,n/a,-0.23759152462357513,0.0,0.0,0.0,0.0,0.0
1789986076,485178954,n/a,-0.23759152462357513,0.0,0.0,0.0,0.0,0.0
1789986076,497934932,n/a,-0.23759152462357513,0.0,0.0,0.0,0.0,0.0
1789986076,516998970,n/a,-0.15576684883456537,0.0,0.0,0.0,0.0,0.0
1789986076,537209746,n/a,-0.15576684883456537,0.0,0.0,0.0,0.0,0.0
1789986076,556187251,n/a,-0.15576684883456537,0.0,0.0,0.0,0.0,0.0
1789986076,580813368,n/a,-0.15576684883456537,0.0,0.0,0.0,0.0,0.0
1789986076,604834304,n/a,-0.15576684883456537,0.0,0.0,0.0,0.0,0.0
1789986076,617969396,n/a,-0.15576684883456537,0.0,0.0,0.0,0.0,0.0
1789986076,637297307,n/a,-0.15576684883456537,0.0,0.0,0.0,0.0,0.0
1789986076,656580626,n/a,-0.15576684883456537,0.0,0.0,0.0,0.0,0.0
1789986076,675316212,n/a,-0.15576684883456537,0.0,0.0,0.0,0.0,0.0
1789986076,700256210,n/a,-0.15576684883456537,0.0,0.0,0.0,0.0,0.0
1789986076,720705840,n/a,-0.15576684883456537,0.0,0.0,0.0,0.0,0.0
1789986076,736489003,n/a,-0.15576684883456537,0.0,0.0,0.0,0.0,0.0
1789986076,755433619,n/a,-0.15576684883456537,0.0,0.0,0.0,0.0,0.0
1789986076,775175466,n/a,-0.15576684883456537,0.0,0.0,0.0,0.0,0.0
1789986076,799990334,n/a,-0.15576684883456537,0.0,0.0,0.0,0.0,0.0
1789986076,824053238,n/a,-0.5566166674539299,0.0,0.0,0.0,0.0,0.0
1789986076,836313703,n/a,-0.5566166674539299,0.0,0.0,0.0,0.0,0.0
1789986076,859350063,n/a,-0.5566166674539299,0.0,0.0,0.0,0.0,0.0
1789986076,875721521,n/a,-0.5566166674539299,0.0,0.0,0.0,0.0,0.0
1789986076,896238517,n/a,-0.5566166674539299,0.0,0.0,0.0,0.0,0.0
1789986076,921231385,n/a,-0.5566166674539299,0.0,0.0,0.0,0.0,0.0
1789986076,940231838,n/a,-0.5566166674539299,0.0,0.0,0.0,0.0,0.0
1789986076,959405837,n/a,-0.5566166674539299,0.0,0.0,0.0,0.0,0.0
1789986076,977893101,n/a,-0.5566166674539299,0.0,0.0,0.0,0.0,0.0
1789986077,1441400,n/a,-0.5566166674539299,0.0,0.0,0.0,0.0,0.0
1789986077,20876722,n/a,-0.5566166674539299,0.0,0.0,0.0,0.0,0.0
1789986077,40527324,n/a,-0.5566166674539299,0.0,0.0,0.0,0.0,0.0
1789986077,59015579,n/a,-0.5566166674539299,0.0,0.0,0.0,0.0,0.0
1789986077,78763549,n/a,-0.5566166674539299,0.0,0.0,0.0,0.0,0.0
1789986077,97632755,n/a,-0.5566166674539299,0.0,0.0,0.0,0.0,0.0
1789986077,120196161,n/a,-0.5566166674539299,0.0,0.0,0.0,0.0,0.0
1789986077,140183433,n/a,-0.5566166674539299,0.0,0.0,0.0,0.0,0.0
1789986077,158914262,n/a,-0.5566166674539299,0.0,0.0,0.0,0.0,0.0
1789986077,177973627,n/a,-0.5566166674539299,0.0,0.0,0.0,0.0,0.0
1789986077,197575566,n/a,-0.5566166674539299,0.0,0.0,0.0,0.0,0.0
1789986077,216542677,n/a,-0.5566166674539299,0.0,0.0,0.0,0.0,0.0
1789986077,238284577,n/a,-0.5566166674539299,0.0,0.0,0.0,0.0,0.0
1789986077,258895098,n/a,-0.5566166674539299,0.0,0.0,0.0,0.0,0.0
1789986077,278373892,n/a,-0.5566166674539299,0.0,0.0,0.0,0.0,0.0
1789986077,297020000,n/a,-0.5566166674539299,0.0,0.0,0.0,0.0,0.0
1789986077,317008879,n/a,-0.5566166674539299,0.0,0.0,0.0,0.0,0.0
1789986077,336955250,n/a,-0.5566166674539299,0.0,0.0,0.0,0.0,0.0
1789986077,356868677,n/a,-0.5566166674539299,0.0,0.0,0.0,0.0,0.0
1789986077,380863015,n/a,-0.5566166674539299,0.0,0.0,0.0,0.0,0.0
1789986077,400052234,n/a,-0.5566166674539299,0.0,0.0,0.0,0.0,0.0
1789986077,419687660,n/a,-0.5566166674539299,0.0,0.0,0.0,0.0,0.0
1789986077,439037298,n/a,-0.5566166674539299,0.0,0.0,0.0,0.0,0.0
1789986077,457911891,n/a,-0.5566166674539299,0.0,0.0,0.0,0.0,0.0
1789986077,477501947,n/a,-0.5566166674539299,0.0,0.0,0.0,0.0,0.0
1789986077,495314282,n/a,-0.5566166674539299,0.0,0.0,0.0,0.0,0.0
1789986077,520594432,n/a,-0.5566166674539299,0.0,0.0,0.0,0.0,0.0
1789986077,540544312,n/a,-0.5566166674539299,0.0,0.0,0.0,0.0,0.0
1789986077,559822205,n/a,-0.5566166674539299,0.0,0.0,0.0,0.0,0.0
1789986077,579418926,n/a,-0.5566166674539299,0.0,0.0,0.0,0.0,0.0
1789986077,598701547,n/a,-0.5566166674539299,0.0,0.0,0.0,0.0,0.0
1789986077,616881720,n/a,-0.5566166674539299,0.0,0.0,0.0,0.0,0.0
1789986077,636577547,n/a,-0.5566166674539299,0.0,0.0,0.0,0.0,0.0
1789986077,656508252,n/a,-0.5566166674539299,0.0,0.0,0.0,0.0,0.0
1789986077,675819877,n/a,-0.5566166674539299,0.0,0.0,0.0,0.0,0.0
1789986077,700680862,n/a,-0.5566166674539299,0.0,0.0,0.0,0.0,0.0
1789986077,718858480,n/a,-0.5566166674539299,0.0,0.0,0.0,0.0,0.0
1789986077,741414741,n/a,-0.5566166674539299,0.0,0.0,0.0,0.0,0.0
1789986077,758231033,n/a,-0.5566166674539299,0.0,0.0,0.0,0.0,0.0
1789986077,775585224,n/a,-0.5566166674539299,0.0,0.0,0.0,0.0,0.0
1789986077,798135361,n/a,-0.5566166674539299,0.0,0.0,0.0,0.0,0.0
1789986077,820742444,n/a,-0.5566166674539299,0.0,0.0,0.0,0.0,0.0
1789986077,840913314,n/a,-0.008375517236298702,0.0,0.0,0.0,0.0,0.0
1789986077,859825878,n/a,-0.008375517236298702,0.0,0.0,0.0,0.0,0.0
1789986077,876620522,n/a,-0.008375517236298702,0.0,0.0,0.0,0.0,0.0
1789986077,899745914,n/a,-0.008375517236298702,0.0,0.0,0.0,0.0,0.0
1789986077,915997574,n/a,-0.008375517236298702,0.0,0.0,0.0,0.0,0.0
1789986077,938413311,n/a,-0.008375517236298702,0.0,0.0,0.0,0.0,0.0
1789986077,960062671,n/a,-0.008375517236298702,0.0,0.0,0.0,0.0,0.0
1789986077,976758213,n/a,-0.008375517236298702,0.0,0.0,0.0,0.0,0.0
1789986077,998830913,n/a,-0.008375517236298702,0.0,0.0,0.0,0.0,0.0
1789986078,16001679,n/a,-0.008375517236298702,0.0,0.0,0.0,0.0,0.0
1789986078,38841198,n/a,-0.008375517236298702,0.0,0.0,0.0,0.0,0.0
1789986078,58937119,n/a,-0.008375517236298702,0.0,0.0,0.0,0.0,0.0
1789986078,77682907,n/a,-0.008375517236298702,0.0,0.0,0.0,0.0,0.0
1789986078,99144367,n/a,-0.008375517236298702,0.0,0.0,0.0,0.0,0.0
1789986078,115276017,n/a,-0.008375517236298702,0.0,0.0,0.0,0.0,0.0
1789986078,138140791,n/a,-0.008375517236298702,0.0,0.0,0.0,0.0,0.0
1789986078,160958411,n/a,-0.008375517236298702,0.0,0.0,0.0,0.0,0.0
1789986078,175557215,n/a,-0.008375517236298702,0.0,0.0,0.0,0.0,0.0
1789986078,197847205,n/a,-0.008375517236298702,0.0,0.0,0.0,0.0,0.0
1789986078,219296407,n/a,-0.008375517236298702,0.0,0.0,0.0,0.0,0.0
1789986078,236288325,n/a,-0.008375517236298702,0.0,0.0,0.0,0.0,0.0
1789986078,258086452,n/a,-0.008375517236298702,0.0,0.0,0.0,0.0,0.0
1789986078,280335195,n/a,-0.008375517236298702,0.0,0.0,0.0,0.0,0.0
1789986078,297606858,n/a,-0.008375517236298702,0.0,0.0,0.0,0.0,0.0
1789986078,319174928,n/a,-0.008375517236298702,0.0,0.0,0.0,0.0,0.0
1789986078,335420511,n/a,-0.008375517236298702,0.0,0.0,0.0,0.0,0.0
1789986078,356996252,n/a,-0.008375517236298702,0.0,0.0,0.0,0.0,0.0
1789986078,376679025,n/a,-0.008375517236298702,0.0,0.0,0.0,0.0,0.0
1789986078,395867957,n/a,-0.008375517236298702,0.0,0.0,0.0,0.0,0.0
1789986078,419214968,n/a,-0.008375517236298702,0.0,0.0,0.0,0.0,0.0
1789986078,435302136,n/a,-0.008375517236298702,0.0,0.0,0.0,0.0,0.0
1789986078,456411001,n/a,-0.008375517236298702,0.0,0.0,0.0,0.0,0.0
1789986078,479051735,n/a,-0.008375517236298702,0.0,0.0,0.0,0.0,0.0
1789986078,499430892,n/a,-0.5382669169180314,0.0,0.0,0.0,0.0,0.0
1789986078,516252958,n/a,-0.5382669169180314,0.0,0.0,0.0,0.0,0.0
1789986078,539847166,n/a,-0.5382669169180314,0.0,0.0,0.0,0.0,0.0
1789986078,555876983,n/a,-0.5382669169180314,0.0,0.0,0.0,0.0,0.0
1789986078,577225973,n/a,-0.5382669169180314,0.0,0.0,0.0,0.0,0.0
1789986078,598890576,n/a,-0.5382669169180314,0.0,0.0,0.0,0.0,0.0
1789986078,615009030,n/a,-0.5382669169180314,0.0,0.0,0.0,0.0,0.0
1789986078,637337663,n/a,-0.5382669169180314,0.0,0.0,0.0,0.0,0.0
1789986078,659595104,n/a,-0.5382669169180314,0.0,0.0,0.0,0.0,0.0
1789986078,676058570,n/a,-0.5382669169180314,0.0,0.0,0.0,0.0,0.0
1789986078,701200476,n/a,-0.5382669169180314,0.0,0.0,0.0,0.0,0.0
1789986078,718143760,n/a,-0.5382669169180314,0.0,0.0,0.0,0.0,0.0
1789986078,735109073,n/a,-0.5382669169180314,0.0,0.0,0.0,0.0,0.0
1789986078,756927115,n/a,-0.5382669169180314,0.0,0.0,0.0,0.0,0.0
1789986078,779257396,n/a,-0.5382669169180314,0.0,0.0,0.0,0.0,0.0
1789986078,795788926,n/a,-0.5382669169180314,0.0,0.0,0.0,0.0,0.0
1789986078,816235435,n/a,-0.5382669169180314,0.0,0.0,0.0,0.0,0.0
1789986078,838066839,n/a,-0.5382669169180314,0.0,0.0,0.0,0.0,0.0
1789986078,860343237,n/a,-0.5382669169180314,0.0,0.0,0.0,0.0,0.0
1789986078,876769353,n/a,-0.5382669169180314,0.0,0.0,0.0,0.0,0.0
1789986078,898686609,n/a,-0.5382669169180314,0.0,0.0,0.0,0.0,0.0
1789986078,919993272,n/a,-0.5382669169180314,0.0,0.0,0.0,0.0,0.0
1789986078,936368984,n/a,-0.5382669169180314,0.0,0.0,0.0,0.0,0.0
1789986078,957920082,n/a,-0.5382669169180314,0.0,0.0,0.0,0.0,0.0
1789986078,979964808,n/a,-0.5382669169180314,0.0,0.0,0.0,0.0,0.0
1789986078,996327701,n/a,-0.5382669169180314,0.0,0.0,0.0,0.0,0.0
1789986079,16487080,n/a,-0.5382669169180314,0.0,0.0,0.0,0.0,0.0
1789986079,40338206,n/a,-0.5382669169180314,0.0,0.0,0.0,0.0,0.0
1789986079,56366827,n/a,-0.5382669169180314,0.0,0.0,0.0,0.0,0.0
1789986079,78227986,n/a,-0.5382669169180314,0.0,0.0,0.0,0.0,0.0
1789986079,95023208,n/a,-0.5382669169180314,0.0,0.0,0.0,0.0,0.0
1789986079,119283863,n/a,-0.5382669169180314,0.0,0.0,0.0,0.0,0.0
1789986079,138577891,n/a,-0.08079306852453283,0.0,0.0,0.0,0.0,0.0
1789986079,155346899,n/a,-0.08079306852453283,0.0,0.0,0.0,0.0,0.0
1789986079,176730793,n/a,-0.08079306852453283,0.0,0.0,0.0,0.0,0.0
1789986079,198118453,n/a,-0.08079306852453283,0.0,0.0,0.0,0.0,0.0
1789986079,219615374,n/a,-0.08079306852453283,0.0,0.0,0.0,0.0,0.0
1789986079,241122903,n/a,-0.08079306852453283,0.0,0.0,0.0,0.0,0.0
1789986079,257846749,n/a,-0.08079306852453283,0.0,0.0,0.0,0.0,0.0
1789986079,280009263,n/a,-0.08079306852453283,0.0,0.0,0.0,0.0,0.0
1789986079,295910392,n/a,-0.08079306852453283,0.0,0.0,0.0,0.0,0.0
1789986079,317201902,n/a,-0.08079306852453283,0.0,0.0,0.0,0.0,0.0
1789986079,337507335,n/a,-0.08079306852453283,0.0,0.0,0.0,0.0,0.0
1789986079,359317060,n/a,-0.08079306852453283,0.0,0.0,0.0,0.0,0.0
1789986079,375904944,n/a,-0.08079306852453283,0.0,0.0,0.0,0.0,0.0
1789986079,398563494,n/a,-0.08079306852453283,0.0,0.0,0.0,0.0,0.0
1789986079,419722618,n/a,-0.08079306852453283,0.0,0.0,0.0,0.0,0.0
1789986079,442154772,n/a,-0.08079306852453283,0.0,0.0,0.0,0.0,0.0
1789986079,458217950,n/a,-0.08079306852453283,0.0,0.0,0.0,0.0,0.0
1789986079,479682648,n/a,-0.08079306852453283,0.0,0.0,0.0,0.0,0.0
1789986079,496837382,n/a,-0.08079306852453283,0.0,0.0,0.0,0.0,0.0
1789986079,518277502,n/a,-0.08079306852453283,0.0,0.0,0.0,0.0,0.0
1789986079,543748755,n/a,-0.08079306852453283,0.0,0.0,0.0,0.0,0.0
1789986079,555548138,n/a,-0.08079306852453283,0.0,0.0,0.0,0.0,0.0
1789986079,577892679,n/a,-0.08079306852453283,0.0,0.0,0.0,0.0,0.0
1789986079,599857393,n/a,-0.08079306852453283,0.0,0.0,0.0,0.0,0.0
1789986079,616052507,n/a,-0.08079306852453283,0.0,0.0,0.0,0.0,0.0
1789986079,637263172,n/a,-0.08079306852453283,0.0,0.0,0.0,0.0,0.0
1789986079,657320244,n/a,-0.08079306852453283,0.0,0.0,0.0,0.0,0.0
1789986079,679780292,n/a,-0.08079306852453283,0.0,0.0,0.0,0.0,0.0
1789986079,696422897,n/a,-0.08079306852453283,0.0,0.0,0.0,0.0,0.0
1789986079,717221654,n/a,-0.08079306852453283,0.0,0.0,0.0,0.0,0.0
1789986079,740005546,n/a,-0.08079306852453283,0.0,0.0,0.0,0.0,0.0
1789986079,760041952,n/a,-0.08079306852453283,0.0,0.0,0.0,0.0,0.0
1789986079,776610028,n/a,-0.08079306852453283,0.0,0.0,0.0,0.0,0.0
1789986079,798943268,n/a,-0.08079306852453283,0.0,0.0,0.0,0.0,0.0
1789986079,819957056,n/a,-0.08079306852453283,0.0,0.0,0.0,0.0,0.0
1789986079,835919608,n/a,-0.08079306852453283,0.0,0.0,0.0,0.0,0.0
1789986079,862412306,n/a,-0.08079306852453283,0.0,0.0,0.0,0.0,0.0
1789986079,879182401,n/a,-0.9570205894681822,0.0,0.0,0.0,0.0,0.0
1789986079,896218806,n/a,-0.9570205894681822,0.0,0.0,0.0,0.0,0.0
1789986079,918125221,n/a,-0.9570205894681822,0.0,0.0,0.0,0.0,0.0
1789986079,939893198,n/a,-0.9570205894681822,0.0,0.0,0.0,0.0,0.0
1789986079,955306799,n/a,-0.9570205894681822,0.0,0.0,0.0,0.0,0.0
1789986079,976417661,n/a,-0.9570205894681822,0.0,0.0,0.0,0.0,0.0
1789986079,998553003,n/a,-0.9570205894681822,0.0,0.0,0.0,0.0,0.0
1789986080,19917511,n/a,-0.9570205894681822,0.0,0.0,0.0,0.0,0.0
1789986080,37217349,n/a,-0.9570205894681822,0.0,0.0,0.0,0.0,0.0
1789986080,58170944,n/a,-0.9570205894681822,0.0,0.0,0.0,0.0,0.0
1789986080,75074565,n/a,-0.9570205894681822,0.0,0.0,0.0,0.0,0.0
1789986080,97928538,n/a,-0.9570205894681822,0.0,0.0,0.0,0.0,0.0
1789986080,119830943,n/a,-0.9570205894681822,0.0,0.0,0.0,0.0,0.0
1789986080,136011024,n/a,-0.9570205894681822,0.0,0.0,0.0,0.0,0.0
1789986080,156867952,n/a,-0.9570205894681822,0.0,0.0,0.0,0.0,0.0
1789986080,177418176,n/a,-0.9570205894681822,0.0,0.0,0.0,0.0,0.0
1789986080,199311301,n/a,-0.9570205894681822,0.0,0.0,0.0,0.0,0.0
1789986080,216550381,n/a,-0.9570205894681822,0.0,0.0,0.0,0.0,0.0
1789986080,238090550,n/a,-0.9570205894681822,0.0,0.0,0.0,0.0,0.0
1789986080,258726073,n/a,-0.9570205894681822,0.0,0.0,0.0,0.0,0.0
1789986080,277927022,n/a,-0.9570205894681822,0.0,0.0,0.0,0.0,0.0
1789986080,295024636,n/a,-0.9570205894681822,0.0,0.0,0.0,0.0,0.0
1789986080,316537887,n/a,-0.9570205894681822,0.0,0.0,0.0,0.0,0.0
1789986080,338810533,n/a,-0.9570205894681822,0.0,0.0,0.0,0.0,0.0
1789986080,359409121,n/a,-0.9570205894681822,0.0,0.0,0.0,0.0,0.0
1789986080,375400905,n/a,-0.9570205894681822,0.0,0.0,0.0,0.0,0.0
1789986080,395853508,n/a,-0.9570205894681822,0.0,0.0,0.0,0.0,0.0
1789986080,417587966,n/a,-0.9570205894681822,0.0,0.0,0.0,0.0,0.0
1789986080,439907137,n/a,-0.9570205894681822,0.0,0.0,0.0,0.0,0.0
1789986080,455921394,n/a,-0.9570205894681822,0.0,0.0,0.0,0.0,0.0
1789986080,476425216,n/a,-0.9570205894681822,0.0,0.0,0.0,0.0,0.0
1789986080,497097427,n/a,-0.9570205894681822,0.0,0.0,0.0,0.0,0.0
1789986080,519084515,n/a,-0.9570205894681822,0.0,0.0,0.0,0.0,0.0
1789986080,535312397,n/a,-0.9570205894681822,0.0,0.0,0.0,0.0,0.0
1789986080,556857588,n/a,-0.9570205894681822,0.0,0.0,0.0,0.0,0.0
1789986080,578248368,n/a,-0.9570205894681822,0.0,0.0,0.0,0.0,0.0
1789986080,598662267,n/a,-0.9570205894681822,0.0,0.0,0.0,0.0,0.0
1789986080,615679884,n/a,-0.9570205894681822,0.0,0.0,0.0,0.0,0.0
1789986080,637922173,n/a,-0.9570205894681822,0.0,0.0,0.0,0.0,0.0
1789986080,658492543,n/a,-0.9570205894681822,0.0,0.0,0.0,0.0,0.0
1789986080,675164383,n/a,-0.9570205894681822,0.0,0.0,0.0,0.0,0.0
1789986080,700577189,n/a,-0.9570205894681822,0.0,0.0,0.0,0.0,0.0
1789986080,716619208,n/a,-0.9570205894681822,0.0,0.0,0.0,0.0,0.0
1789986080,739305038,n/a,-0.9570205894681822,0.0,0.0,0.0,0.0,0.0
1789986080,755171145,n/a,-0.9570205894681822,0.0,0.0,0.0,0.0,0.0
1789986080,776948782,n/a,-0.9570205894681822,0.0,0.0,0.0,0.0,0.0
1789986080,796074919,n/a,-0.9570205894681822,0.0,0.0,0.0,0.0,0.0
1789986080,815551303,n/a,-0.9570205894681822,0.0,0.0,0.0,0.0,0.0
1789986080,839014723,n/a,-0.9570205894681822,0.0,0.0,0.0,0.0,0.0
1789986080,856017828,n/a,-0.9570205894681822,0.0,0.0,0.0,0.0,0.0
1789986080,878056273,n/a,-0.9570205894681822,0.0,0.0,0.0,0.0,0.0
1789986080,900823596,n/a,-0.9570205894681822,0.0,0.0,0.0,0.0,0.0
1789986080,917055932,n/a,-0.9570205894681822,0.0,0.0,0.0,0.0,0.0
1789986080,940090615,n/a,-0.9570205894681822,0.0,0.0,0.0,0.0,0.0
1789986080,956271523,n/a,-0.9570205894681822,0.0,0.0,0.0,0.0,0.0
1789986080,979349040,n/a,-0.9570205894681822,0.0,0.0,0.0,0.0,0.0
1789986080,995657208,n/a,-0.9570205894681822,0.0,0.0,0.0,0.0,0.0
1789986081,15346546,n/a,-0.9570205894681822,0.0,0.0,0.0,0.0,0.0
1789986081,35616881,n/a,-0.9570205894681822,0.0,0.0,0.0,0.0,0.0
1789986081,57434695,n/a,-0.9570205894681822,0.0,0.0,0.0,0.0,0.0
1789986081,80154449,n/a,-0.9570205894681822,0.0,0.0,0.0,0.0,0.0
1789986081,96336901,n/a,-0.9570205894681822,0.0,0.0,0.0,0.0,0.0
1789986081,117725147,n/a,-0.9570205894681822,0.0,0.0,0.0,0.0,0.0
1789986081,139361849,n/a,-0.9570205894681822,0.0,0.0,0.0,0.0,0.0
1789986081,156367898,n/a,-0.9570205894681822,0.0,0.0,0.0,0.0,0.0
1789986081,178672323,n/a,-0.9570205894681822,0.0,0.0,0.0,0.0,0.0
1789986081,200923520,n/a,-0.9570205894681822,0.0,0.0,0.0,0.0,0.0
1789986081,217419341,n/a,-0.9570205894681822,0.0,0.0,0.0,0.0,0.0
1789986081,238493294,n/a,-0.9570205894681822,0.0,0.0,0.0,0.0,0.0
1789986081,255577144,n/a,-0.9570205894681822,0.0,0.0,0.0,0.0,0.0
1789986081,277658580,n/a,-0.9570205894681822,0.0,0.0,0.0,0.0,0.0
1789986081,301520605,n/a,-0.9570205894681822,0.0,0.0,0.0,0.0,0.0
1789986081,315057692,n/a,-0.9570205894681822,0.0,0.0,0.0,0.0,0.0
1789986081,338021247,n/a,-0.9570205894681822,0.0,0.0,0.0,0.0,0.0
1789986081,357584946,n/a,-0.9570205894681822,0.0,0.0,0.0,0.0,0.0
1789986081,380446409,n/a,-0.9570205894681822,0.0,0.0,0.0,0.0,0.0
1789986081,397686459,n/a,-0.9570205894681822,0.0,0.0,0.0,0.0,0.0
1789986081,419483555,n/a,-0.9570205894681822,0.0,0.0,0.0,0.0,0.0
1789986081,436077029,n/a,-0.9570205894681822,0.0,0.0,0.0,0.0,0.0
1789986081,456710822,n/a,-0.9570205894681822,0.0,0.0,0.0,0.0,0.0
1789986081,478268756,n/a,-0.9570205894681822,0.0,0.0,0.0,0.0,0.0
1789986081,495570071,n/a,-0.9570205894681822,0.0,0.0,0.0,0.0,0.0
1789986081,517284828,n/a,-0.9570205894681822,0.0,0.0,0.0,0.0,0.0
1789986081,539605098,n/a,-0.9570205894681822,0.0,0.0,0.0,0.0,0.0
1789986081,559814263,n/a,-0.9570205894681822,0.0,0.0,0.0,0.0,0.0
1789986081,576345722,n/a,-0.9570205894681822,0.0,0.0,0.0,0.0,0.0
1789986081,598467745,n/a,0.11290864530486688,0.0,0.0,0.0,0.0,0.0
1789986081,615168679,n/a,0.11290864530486688,0.0,0.0,0.0,0.0,0.0
1789986081,636962140,n/a,0.11290864530486688,0.0,0.0,0.0,0.0,0.0
1789986081,663703477,n/a,0.11290864530486688,0.0,0.0,0.0,0.0,0.0
1789986081,675070819,n/a,0.11290864530486688,0.0,0.0,0.0,0.0,0.0
1789986081,696807712,n/a,0.11290864530486688,0.0,0.0,0.0,0.0,0.0
1789986081,719093669,n/a,0.11290864530486688,0.0,0.0,0.0,0.0,0.0
1789986081,735304259,n/a,0.11290864530486688,0.0,0.0,0.0,0.0,0.0
1789986081,756199546,n/a,0.11290864530486688,0.0,0.0,0.0,0.0,0.0
1789986081,777395557,n/a,0.11290864530486688,0.0,0.0,0.0,0.0,0.0
1789986081,799045065,n/a,0.11290864530486688,0.0,0.0,0.0,0.0,0.0
1789986081,814944006,n/a,0.11290864530486688,0.0,0.0,0.0,0.0,0.0
1789986081,836977345,n/a,0.11290864530486688,0.0,0.0,0.0,0.0,0.0
1789986081,857623349,n/a,0.11290864530486688,0.0,0.0,0.0,0.0,0.0
1789986081,878590118,n/a,0.11290864530486688,0.0,0.0,0.0,0.0,0.0
1789986081,896213136,n/a,0.11290864530486688,0.0,0.0,0.0,0.0,0.0
1789986081,917758964,n/a,0.11290864530486688,0.0,0.0,0.0,0.0,0.0
1789986081,938888629,n/a,0.11290864530486688,0.0,0.0,0.0,0.0,0.0
1789986081,955053847,n/a,0.11290864530486688,0.0,0.0,0.0,0.0,0.0
1789986081,981078082,n/a,0.11290864530486688,0.0,0.0,0.0,0.0,0.0
1789986081,997774238,n/a,0.11290864530486688,0.0,0.0,0.0,0.0,0.0
1789986082,19257538,n/a,0.11290864530486688,0.0,0.0,0.0,0.0,0.0
1789986082,36298556,n/a,0.11290864530486688,0.0,0.0,0.0,0.0,0.0
1789986082,57276209,n/a,0.11290864530486688,0.0,0.0,0.0,0.0,0.0
1789986082,79787988,n/a,0.11290864530486688,0.0,0.0,0.0,0.0,0.0
1789986082,99921431,n/a,0.11290864530486688,0.0,0.0,0.0,0.0,0.0
1789986082,116321575,n/a,0.11290864530486688,0.0,0.0,0.0,0.0,0.0
1789986082,139392093,n/a,0.11290864530486688,0.0,0.0,0.0,0.0,0.0
1789986082,155144878,n/a,0.11290864530486688,0.0,0.0,0.0,0.0,0.0
1789986082,176242838,n/a,0.11290864530486688,0.0,0.0,0.0,0.0,0.0
1789986082,197287638,n/a,0.11290864530486688,0.0,0.0,0.0,0.0,0.0
1789986082,218731874,n/a,0.11290864530486688,0.0,0.0,0.0,0.0,0.0
1789986082,241371064,n/a,0.11290864530486688,0.0,0.0,0.0,0.0,0.0
1789986082,257127338,n/a,0.11290864530486688,0.0,0.0,0.0,0.0,0.0
1789986082,277689516,n/a,0.11290864530486688,0.0,0.0,0.0,0.0,0.0
1789986082,297863362,n/a,0.11290864530486688,0.0,0.0,0.0,0.0,0.0
1789986082,320023004,n/a,0.11290864530486688,0.0,0.0,0.0,0.0,0.0
1789986082,336255433,n/a,0.11290864530486688,0.0,0.0,0.0,0.0,0.0
1789986082,357937235,n/a,0.11290864530486688,0.0,0.0,0.0,0.0,0.0
1789986082,380003272,n/a,0.11290864530486688,0.0,0.0,0.0,0.0,0.0
1789986082,400223993,n/a,0.11290864530486688,0.0,0.0,0.0,0.0,0.0
1789986082,416768501,n/a,0.11290864530486688,0.0,0.0,0.0,0.0,0.0
1789986082,438568376,n/a,0.11290864530486688,0.0,0.0,0.0,0.0,0.0
1789986082,459872867,n/a,0.11290864530486688,0.0,0.0,0.0,0.0,0.0
1789986082,476329962,n/a,0.11290864530486688,0.0,0.0,0.0,0.0,0.0
1789986082,500264776,n/a,0.11290864530486688,0.0,0.0,0.0,0.0,0.0
1789986082,518241334,n/a,0.11290864530486688,0.0,0.0,0.0,0.0,0.0
1789986082,541065022,n/a,0.11290864530486688,0.0,0.0,0.0,0.0,0.0
1789986082,557263198,n/a,0.11290864530486688,0.0,0.0,0.0,0.0,0.0
1789986082,578437910,n/a,0.11290864530486688,0.0,0.0,0.0,0.0,0.0
1789986082,601367739,n/a,0.11290864530486688,0.0,0.0,0.0,0.0,0.0
1789986082,615459603,n/a,0.11290864530486688,0.0,0.0,0.0,0.0,0.0
1789986082,637794118,n/a,0.11290864530486688,0.0,0.0,0.0,0.0,0.0
1789986082,658779263,n/a,0.11290864530486688,0.0,0.0,0.0,0.0,0.0
1789986082,675600741,n/a,0.11290864530486688,0.0,0.0,0.0,0.0,0.0
1789986082,696334540,n/a,0.11290864530486688,0.0,0.0,0.0,0.0,0.0
1789986082,716285315,n/a,0.11290864530486688,0.0,0.0,0.0,0.0,0.0
1789986082,739439827,n/a,0.11290864530486688,0.0,0.0,0.0,0.0,0.0
1789986082,755437341,n/a,0.11290864530486688,0.0,0.0,0.0,0.0,0.0
1789986082,776772277,n/a,0.11290864530486688,0.0,0.0,0.0,0.0,0.0
1789986082,797953032,n/a,0.11290864530486688,0.0,0.0,0.0,0.0,0.0
1789986082,817144070,n/a,0.11290864530486688,0.0,0.0,0.0,0.0,0.0
1789986082,839771582,n/a,0.11290864530486688,0.0,0.0,0.0,0.0,0.0
1789986082,856055918,n/a,0.11290864530486688,0.0,0.0,0.0,0.0,0.0
1789986082,877698846,n/a,0.11290864530486688,0.0,0.0,0.0,0.0,0.0
1789986082,900165085,n/a,0.11290864530486688,0.0,0.0,0.0,0.0,0.0
1789986082,920946772,n/a,0.11290864530486688,0.0,0.0,0.0,0.0,0.0
1789986082,937851400,n/a,0.11290864530486688,0.0,0.0,0.0,0.0,0.0
1789986082,961031161,n/a,0.11290864530486688,0.0,0.0,0.0,0.0,0.0
1789986082,979214189,n/a,-0.6281874682105646,0.0,0.0,0.0,0.0,0.0
1789986082,995567594,n/a,-0.6281874682105646,0.0,0.0,0.0,0.0,0.0
1789986083,17317663,n/a,-0.6281874682105646,0.0,0.0,0.0,0.0,0.0
1789986083,35620045,n/a,-0.6281874682105646,0.0,0.0,0.0,0.0,0.0
1789986083,57655658,n/a,-0.6281874682105646,0.0,0.0,0.0,0.0,0.0
1789986083,80661179,n/a,-0.6281874682105646,0.0,0.0,0.0,0.0,0.0
1789986083,98338975,n/a,-0.6281874682105646,0.0,0.0,0.0,0.0,0.0
1789986083,114926414,n/a,-0.6281874682105646,0.0,0.0,0.0,0.0,0.0
1789986083,143138050,n/a,-0.6281874682105646,0.0,0.0,0.0,0.0,0.0
1789986083,159686563,n/a,-0.6281874682105646,0.0,0.0,0.0,0.0,0.0
1789986083,176452055,n/a,-0.6281874682105646,0.0,0.0,0.0,0.0,0.0
1789986083,198726435,n/a,-0.6281874682105646,0.0,0.0,0.0,0.0,0.0
1789986083,215383609,n/a,-0.6281874682105646,0.0,0.0,0.0,0.0,0.0
1789986083,237607766,n/a,-0.6281874682105646,0.0,0.0,0.0,0.0,0.0
1789986083,258696531,n/a,-0.6281874682105646,0.0,0.0,0.0,0.0,0.0
1789986083,275866440,n/a,-0.6281874682105646,0.0,0.0,0.0,0.0,0.0
1789986083,297809238,n/a,-0.6281874682105646,0.0,0.0,0.0,0.0,0.0
1789986083,320614017,n/a,-0.6281874682105646,0.0,0.0,0.0,0.0,0.0
1789986083,337279755,n/a,-0.6281874682105646,0.0,0.0,0.0,0.0,0.0
1789986083,358163130,n/a,-0.6281874682105646,0.0,0.0,0.0,0.0,0.0
1789986083,380961937,n/a,-0.6281874682105646,0.0,0.0,0.0,0.0,0.0
1789986083,398069752,n/a,-0.6281874682105646,0.0,0.0,0.0,0.0,0.0
1789986083,420030936,n/a,-0.6281874682105646,0.0,0.0,0.0,0.0,0.0
1789986083,437286200,n/a,-0.6281874682105646,0.0,0.0,0.0,0.0,0.0
1789986083,463838323,n/a,-0.6281874682105646,0.0,0.0,0.0,0.0,0.0
1789986083,475749250,n/a,-0.6281874682105646,0.0,0.0,0.0,0.0,0.0
1789986083,498069107,n/a,-0.6281874682105646,0.0,0.0,0.0,0.0,0.0
1789986083,519899992,n/a,-0.6281874682105646,0.0,0.0,0.0,0.0,0.0
1789986083,536564710,n/a,-0.6281874682105646,0.0,0.0,0.0,0.0,0.0
1789986083,559134141,n/a,-0.6281874682105646,0.0,0.0,0.0,0.0,0.0
1789986083,576476161,n/a,-0.6281874682105646,0.0,0.0,0.0,0.0,0.0
1789986083,599282878,n/a,-0.6281874682105646,0.0,0.0,0.0,0.0,0.0
1789986083,615864760,n/a,-0.6281874682105646,0.0,0.0,0.0,0.0,0.0
1789986083,638376413,n/a,-0.6281874682105646,0.0,0.0,0.0,0.0,0.0
1789986083,660295889,n/a,-0.6281874682105646,0.0,0.0,0.0,0.0,0.0
1789986083,683193173,n/a,-0.6281874682105646,0.0,0.0,0.0,0.0,0.0
1789986083,696326882,n/a,-0.6281874682105646,0.0,0.0,0.0,0.0,0.0
1789986083,720317494,n/a,-0.6281874682105646,0.0,0.0,0.0,0.0,0.0
1789986083,736923144,n/a,-0.6281874682105646,0.0,0.0,0.0,0.0,0.0
1789986083,760453517,n/a,-0.6281874682105646,0.0,0.0,0.0,0.0,0.0
1789986083,777151765,n/a,-0.6281874682105646,0.0,0.0,0.0,0.0,0.0
1789986083,801687128,n/a,-0.6281874682105646,0.0,0.0,0.0,0.0,0.0
1789986083,818575627,n/a,-0.6281874682105646,0.0,0.0,0.0,0.0,0.0
1789986083,835585646,n/a,-0.6281874682105646,0.0,0.0,0.0,0.0,0.0
1789986083,858559690,n/a,-0.6281874682105646,0.0,0.0,0.0,0.0,0.0
1789986083,875328631,n/a,-0.6281874682105646,0.0,0.0,0.0,0.0,0.0
1789986083,898138043,n/a,-0.6281874682105646,0.0,0.0,0.0,0.0,0.0
1789986083,919755802,n/a,-0.6281874682105646,0.0,0.0,0.0,0.0,0.0
1789986083,936277654,n/a,-0.6281874682105646,0.0,0.0,0.0,0.0,0.0
1789986083,958765047,n/a,-0.6281874682105646,0.0,0.0,0.0,0.0,0.0
1789986083,975381319,n/a,-0.6281874682105646,0.0,0.0,0.0,0.0,0.0
1789986083,997052663,n/a,-0.6281874682105646,0.0,0.0,0.0,0.0,0.0
1789986084,19367819,n/a,-0.6281874682105646,0.0,0.0,0.0,0.0,0.0
1789986084,37163579,n/a,-0.6281874682105646,0.0,0.0,0.0,0.0,0.0
1789986084,59779001,n/a,-0.6281874682105646,0.0,0.0,0.0,0.0,0.0
1789986084,77493998,n/a,-0.6281874682105646,0.0,0.0,0.0,0.0,0.0
1789986084,99387718,n/a,-0.6281874682105646,0.0,0.0,0.0,0.0,0.0
1789986084,117125801,n/a,-0.6281874682105646,0.0,0.0,0.0,0.0,0.0
1789986084,139083226,n/a,-0.6281874682105646,0.0,0.0,0.0,0.0,0.0
1789986084,155655110,n/a,-0.6281874682105646,0.0,0.0,0.0,0.0,0.0
1789986084,178585310,n/a,-0.6281874682105646,0.0,0.0,0.0,0.0,0.0
1789986084,195948728,n/a,-0.6281874682105646,0.0,0.0,0.0,0.0,0.0
1789986084,217718847,n/a,-0.6281874682105646,0.0,0.0,0.0,0.0,0.0
1789986084,239614121,n/a,-0.6281874682105646,0.0,0.0,0.0,0.0,0.0
1789986084,256933840,n/a,-0.6281874682105646,0.0,0.0,0.0,0.0,0.0
1789986084,279820997,n/a,-0.6281874682105646,0.0,0.0,0.0,0.0,0.0
1789986084,297173041,n/a,-0.6281874682105646,0.0,0.0,0.0,0.0,0.0
1789986084,319524218,n/a,-0.6281874682105646,0.0,0.0,0.0,0.0,0.0
1789986084,338757252,n/a,-0.6281874682105646,0.0,0.0,0.0,0.0,0.0
1789986084,357673091,n/a,-0.6281874682105646,0.0,0.0,0.0,0.0,0.0
1789986084,375918035,n/a,-0.6281874682105646,0.0,0.0,0.0,0.0,0.0
1789986084,398890089,n/a,-0.6281874682105646,0.0,0.0,0.0,0.0,0.0
1789986084,416190650,n/a,-0.6281874682105646,0.0,0.0,0.0,0.0,0.0
1789986084,439521179,n/a,-0.6281874682105646,0.0,0.0,0.0,0.0,0.0
1789986084,456165238,n/a,-0.6281874682105646,0.0,0.0,0.0,0.0,0.0
1789986084,479630309,n/a,-0.6281874682105646,0.0,0.0,0.0,0.0,0.0
1789986084,497538758,n/a,-0.6281874682105646,0.0,0.0,0.0,0.0,0.0
1789986084,520034248,n/a,-0.6281874682105646,0.0,0.0,0.0,0.0,0.0
1789986084,536672066,n/a,-0.6281874682105646,0.0,0.0,0.0,0.0,0.0
1789986084,563259041,n/a,-0.6281874682105646,0.0,0.0,0.0,0.0,0.0
1789986084,575917323,n/a,-0.6281874682105646,0.0,0.0,0.0,0.0,0.0
1789986084,598620633,n/a,-0.6281874682105646,0.0,0.0,0.0,0.0,0.0
1789986084,615219567,n/a,-0.6281874682105646,0.0,0.0,0.0,0.0,0.0
1789986084,637711111,n/a,-0.6281874682105646,0.0,0.0,0.0,0.0,0.0
1789986084,660183312,n/a,-0.6281874682105646,0.0,0.0,0.0,0.0,0.0
1789986084,677254318,n/a,-0.6281874682105646,0.0,0.0,0.0,0.0,0.0
1789986084,699208341,n/a,-0.6281874682105646,0.0,0.0,0.0,0.0,0.0
1789986084,716477568,n/a,-0.6281874682105646,0.0,0.0,0.0,0.0,0.0
1789986084,739554823,n/a,-0.6281874682105646,0.0,0.0,0.0,0.0,0.0
1789986084,756136814,n/a,-0.6281874682105646,0.0,0.0,0.0,0.0,0.0
1789986084,783461185,n/a,-0.6281874682105646,0.0,0.0,0.0,0.0,0.0
1789986084,795421813,n/a,-0.6281874682105646,0.0,0.0,0.0,0.0,0.0
1789986084,818081709,n/a,-0.6281874682105646,0.0,0.0,0.0,0.0,0.0
1789986084,835916912,n/a,-0.6281874682105646,0.0,0.0,0.0,0.0,0.0
1789986084,858482012,n/a,-0.6281874682105646,0.0,0.0,0.0,0.0,0.0
1789986084,875848375,n/a,-0.6281874682105646,0.0,0.0,0.0,0.0,0.0
1789986084,900085656,n/a,-0.6281874682105646,0.0,0.0,0.0,0.0,0.0
1789986084,916789887,n/a,-0.6281874682105646,0.0,0.0,0.0,0.0,0.0
1789986084,940230081,n/a,-0.6281874682105646,0.0,0.0,0.0,0.0,0.0
1789986084,957891283,n/a,0.7198930575905798,0.0,0.0,0.0,0.0,0.0
1789986084,975062530,n/a,0.7198930575905798,0.0,0.0,0.0,0.0,0.0
1789986084,997457140,n/a,0.7198930575905798,0.0,0.0,0.0,0.0,0.0
1789986085,16055783,n/a,0.7198930575905798,0.0,0.0,0.0,0.0,0.0
1789986085,39300113,n/a,0.7198930575905798,0.0,0.0,0.0,0.0,0.0
1789986085,56065586,n/a,0.7198930575905798,0.0,0.0,0.0,0.0,0.0
1789986085,78644715,n/a,0.7198930575905798,0.0,0.0,0.0,0.0,0.0
1789986085,95362679,n/a,0.7198930575905798,0.0,0.0,0.0,0.0,0.0
1789986085,115016753,n/a,0.7198930575905798,0.0,0.0,0.0,0.0,0.0
1789986085,136531065,n/a,0.7198930575905798,0.0,0.0,0.0,0.0,0.0
1789986085,158827098,n/a,0.7198930575905798,0.0,0.0,0.0,0.0,0.0
1789986085,176563629,n/a,0.7198930575905798,0.0,0.0,0.0,0.0,0.0
1789986085,200016251,n/a,0.7198930575905798,0.0,0.0,0.0,0.0,0.0
1789986085,216948995,n/a,0.7198930575905798,0.0,0.0,0.0,0.0,0.0
1789986085,239675704,n/a,0.7198930575905798,0.0,0.0,0.0,0.0,0.0
1789986085,257181387,n/a,0.7198930575905798,0.0,0.0,0.0,0.0,0.0
1789986085,279993565,n/a,0.7198930575905798,0.0,0.0,0.0,0.0,0.0
1789986085,297126631,n/a,0.7198930575905798,0.0,0.0,0.0,0.0,0.0
1789986085,320254902,n/a,0.7198930575905798,0.0,0.0,0.0,0.0,0.0
1789986085,340246251,n/a,0.7198930575905798,0.0,0.0,0.0,0.0,0.0
1789986085,358957797,n/a,0.7198930575905798,0.0,0.0,0.0,0.0,0.0
1789986085,376694947,n/a,0.7198930575905798,0.0,0.0,0.0,0.0,0.0
1789986085,399560519,n/a,0.7198930575905798,0.0,0.0,0.0,0.0,0.0
1789986085,415858180,n/a,-0.3346096292797418,0.0,0.0,0.0,0.0,0.0
1789986085,439126231,n/a,-0.3346096292797418,0.0,0.0,0.0,0.0,0.0
1789986085,460746747,n/a,-0.3346096292797418,0.0,0.0,0.0,0.0,0.0
1789986085,477895932,n/a,-0.3346096292797418,0.0,0.0,0.0,0.0,0.0
1789986085,495856417,n/a,-0.3346096292797418,0.0,0.0,0.0,0.0,0.0
1789986085,518050456,n/a,-0.3346096292797418,0.0,0.0,0.0,0.0,0.0
1789986085,535012168,n/a,-0.3346096292797418,0.0,0.0,0.0,0.0,0.0
1789986085,561322012,n/a,-0.3346096292797418,0.0,0.0,0.0,0.0,0.0
1789986085,579247393,n/a,-0.3346096292797418,0.0,0.0,0.0,0.0,0.0
1789986085,596184305,n/a,-0.3346096292797418,0.0,0.0,0.0,0.0,0.0
1789986085,618714902,n/a,-0.3346096292797418,0.0,0.0,0.0,0.0,0.0
1789986085,635523515,n/a,-0.3346096292797418,0.0,0.0,0.0,0.0,0.0
1789986085,657221703,n/a,-0.3346096292797418,0.0,0.0,0.0,0.0,0.0
1789986085,679540311,n/a,-0.3346096292797418,0.0,0.0,0.0,0.0,0.0
1789986085,695878322,n/a,-0.3346096292797418,0.0,0.0,0.0,0.0,0.0
1789986085,717526591,n/a,-0.3346096292797418,0.0,0.0,0.0,0.0,0.0
1789986085,739823791,n/a,-0.3346096292797418,0.0,0.0,0.0,0.0,0.0
1789986085,755865267,n/a,-0.3346096292797418,0.0,0.0,0.0,0.0,0.0
1789986085,779310731,n/a,-0.3346096292797418,0.0,0.0,0.0,0.0,0.0
1789986085,796884527,n/a,-0.3346096292797418,0.0,0.0,0.0,0.0,0.0
1789986085,819544399,n/a,-0.3346096292797418,0.0,0.0,0.0,0.0,0.0
1789986085,836078539,n/a,-0.3346096292797418,0.0,0.0,0.0,0.0,0.0
1789986085,858252164,n/a,-0.3346096292797418,0.0,0.0,0.0,0.0,0.0
1789986085,881325984,n/a,-0.3346096292797418,0.0,0.0,0.0,0.0,0.0
1789986085,897044855,n/a,-0.3346096292797418,0.0,0.0,0.0,0.0,0.0
1789986085,915363642,n/a,-0.3346096292797418,0.0,0.0,0.0,0.0,0.0
1789986085,938027801,n/a,-0.3346096292797418,0.0,0.0,0.0,0.0,0.0
1789986085,960440204,n/a,-0.3346096292797418,0.0,0.0,0.0,0.0,0.0
1789986085,977646923,n/a,-0.3346096292797418,0.0,0.0,0.0,0.0,0.0
1789986086,37892622,n/a,-0.3346096292797418,0.0,0.0,0.0,0.0,0.0
1789986086,59268103,n/a,-0.3346096292797418,0.0,0.0,0.0,0.0,0.0
1789986086,75492400,n/a,-0.3346096292797418,0.0,0.0,0.0,0.0,0.0
1789986086,99807750,n/a,-0.3346096292797418,0.0,0.0,0.0,0.0,0.0
1789986086,119132854,n/a,-0.3346096292797418,0.0,0.0,0.0,0.0,0.0
1789986086,135638382,n/a,-0.3346096292797418,0.0,0.0,0.0,0.0,0.0
1789986086,157864159,n/a,-0.3346096292797418,0.0,0.0,0.0,0.0,0.0
1789986086,179512734,n/a,-0.3346096292797418,0.0,0.0,0.0,0.0,0.0
1789986086,195512192,n/a,-0.3346096292797418,0.0,0.0,0.0,0.0,0.0
1789986086,217676354,n/a,-0.3346096292797418,0.0,0.0,0.0,0.0,0.0
1789986086,239900861,n/a,-0.3346096292797418,0.0,0.0,0.0,0.0,0.0
1789986086,256065841,n/a,-0.3346096292797418,0.0,0.0,0.0,0.0,0.0
1789986086,278697694,n/a,-0.3346096292797418,0.0,0.0,0.0,0.0,0.0
1789986086,299934974,n/a,-0.3346096292797418,0.0,0.0,0.0,0.0,0.0
1789986086,322533754,n/a,-0.3346096292797418,0.0,0.0,0.0,0.0,0.0
1789986086,338794077,n/a,-0.3346096292797418,0.0,0.0,0.0,0.0,0.0
1789986086,360034132,n/a,-0.3346096292797418,0.0,0.0,0.0,0.0,0.0
1789986086,376432281,n/a,-0.3346096292797418,0.0,0.0,0.0,0.0,0.0
1789986086,399101171,n/a,-0.3346096292797418,0.0,0.0,0.0,0.0,0.0
1789986086,415690894,n/a,-0.3346096292797418,0.0,0.0,0.0,0.0,0.0
1789986086,437053506,n/a,-0.3346096292797418,0.0,0.0,0.0,0.0,0.0
1789986086,459906763,n/a,-0.3346096292797418,0.0,0.0,0.0,0.0,0.0
1789986086,476691271,n/a,-0.3346096292797418,0.0,0.0,0.0,0.0,0.0
1789986086,498580422,n/a,-0.3346096292797418,0.0,0.0,0.0,0.0,0.0
1789986086,515011451,n/a,-0.3346096292797418,0.0,0.0,0.0,0.0,0.0
1789986086,536152435,n/a,-0.3346096292797418,0.0,0.0,0.0,0.0,0.0
1789986086,558717404,n/a,-0.3346096292797418,0.0,0.0,0.0,0.0,0.0
1789986086,575512219,n/a,-0.3346096292797418,0.0,0.0,0.0,0.0,0.0
1789986086,597125258,n/a,-0.3346096292797418,0.0,0.0,0.0,0.0,0.0
1789986086,619978509,n/a,-0.3346096292797418,0.0,0.0,0.0,0.0,0.0
1789986086,641880724,n/a,-0.3346096292797418,0.0,0.0,0.0,0.0,0.0
1789986086,658602950,n/a,-0.3346096292797418,0.0,0.0,0.0,0.0,0.0
1789986086,675695751,n/a,-0.3346096292797418,0.0,0.0,0.0,0.0,0.0
1789986086,697993208,n/a,-0.3346096292797418,0.0,0.0,0.0,0.0,0.0
1789986086,719601419,n/a,-0.3346096292797418,0.0,0.0,0.0,0.0,0.0
1789986086,736117056,n/a,-0.3346096292797418,0.0,0.0,0.0,0.0,0.0
1789986086,757266280,n/a,-0.3346096292797418,0.0,0.0,0.0,0.0,0.0
1789986086,779394247,n/a,-0.3346096292797418,0.0,0.0,0.0,0.0,0.0
1789986086,796687807,n/a,-0.3346096292797418,0.0,0.0,0.0,0.0,0.0
1789986086,818189781,n/a,-0.3346096292797418,0.0,0.0,0.0,0.0,0.0
1789986086,839783996,n/a,-0.3346096292797418,0.0,0.0,0.0,0.0,0.0
1789986086,855959383,n/a,-0.3346096292797418,0.0,0.0,0.0,0.0,0.0
1789986086,878270913,n/a,-0.3346096292797418,0.0,0.0,0.0,0.0,0.0
1789986086,899827511,n/a,-0.3346096292797418,0.0,0.0,0.0,0.0,0.0
1789986086,917400985,n/a,-0.3346096292797418,0.0,0.0,0.0,0.0,0.0
1789986086,939396469,n/a,0.4223835393905593,0.0,0.0,0.0,0.0,0.0
1789986086,959606468,n/a,0.4223835393905593,0.0,0.0,0.0,0.0,0.0
1789986086,977245629,n/a,0.4223835393905593,0.0,0.0,0.0,0.0,0.0
1789986086,999430363,n/a,0.4223835393905593,0.0,0.0,0.0,0.0,0.0
1789986087,15550035,n/a,0.4223835393905593,0.0,0.0,0.0,0.0,0.0
1789986087,39157890,n/a,0.4223835393905593,0.0,0.0,0.0,0.0,0.0
1789986087,55549463,n/a,0.4223835393905593,0.0,0.0,0.0,0.0,0.0
1789986087,77559188,n/a,0.4223835393905593,0.0,0.0,0.0,0.0,0.0
1789986087,100282173,n/a,0.4223835393905593,0.0,0.0,0.0,0.0,0.0
1789986087,117096634,n/a,0.4223835393905593,0.0,0.0,0.0,0.0,0.0
1789986087,139870149,n/a,0.4223835393905593,0.0,0.0,0.0,0.0,0.0
1789986087,157147223,n/a,0.4223835393905593,0.0,0.0,0.0,0.0,0.0
1789986087,179280805,n/a,0.4223835393905593,0.0,0.0,0.0,0.0,0.0
1789986087,196731220,n/a,0.4223835393905593,0.0,0.0,0.0,0.0,0.0
1789986087,218759721,n/a,0.4223835393905593,0.0,0.0,0.0,0.0,0.0
1789986087,235734156,n/a,0.4223835393905593,0.0,0.0,0.0,0.0,0.0
1789986087,257930408,n/a,0.4223835393905593,0.0,0.0,0.0,0.0,0.0
1789986087,284809835,n/a,0.4223835393905593,0.0,0.0,0.0,0.0,0.0
1789986087,296872225,n/a,0.4223835393905593,0.0,0.0,0.0,0.0,0.0
1789986087,319318863,n/a,0.4223835393905593,0.0,0.0,0.0,0.0,0.0
1789986087,336118484,n/a,0.4223835393905593,0.0,0.0,0.0,0.0,0.0
1789986087,357919710,n/a,0.4223835393905593,0.0,0.0,0.0,0.0,0.0
1789986087,380110611,n/a,0.4223835393905593,0.0,0.0,0.0,0.0,0.0
1789986087,396627017,n/a,0.4223835393905593,0.0,0.0,0.0,0.0,0.0
1789986087,420065366,n/a,0.4223835393905593,0.0,0.0,0.0,0.0,0.0
1789986087,437151650,n/a,0.4223835393905593,0.0,0.0,0.0,0.0,0.0
1789986087,458824463,n/a,0.4223835393905593,0.0,0.0,0.0,0.0,0.0
1789986087,475949394,n/a,0.4223835393905593,0.0,0.0,0.0,0.0,0.0
1789986087,502332936,n/a,0.4223835393905593,0.0,0.0,0.0,0.0,0.0
1789986087,519286080,n/a,0.4223835393905593,0.0,0.0,0.0,0.0,0.0
1789986087,536697862,n/a,0.4223835393905593,0.0,0.0,0.0,0.0,0.0
1789986087,558343742,n/a,0.4223835393905593,0.0,0.0,0.0,0.0,0.0
1789986087,580194288,n/a,0.4223835393905593,0.0,0.0,0.0,0.0,0.0
1789986087,596804166,n/a,0.4223835393905593,0.0,0.0,0.0,0.0,0.0
1789986087,618198314,n/a,0.4223835393905593,0.0,0.0,0.0,0.0,0.0
1789986087,635198713,n/a,0.4223835393905593,0.0,0.0,0.0,0.0,0.0
1789986087,658311004,n/a,0.4223835393905593,0.0,0.0,0.0,0.0,0.0
1789986087,674980676,n/a,0.4223835393905593,0.0,0.0,0.0,0.0,0.0
1789986087,696629023,n/a,0.4223835393905593,0.0,0.0,0.0,0.0,0.0
1789986087,718274545,n/a,0.4223835393905593,0.0,0.0,0.0,0.0,0.0
1789986087,736207742,n/a,0.4223835393905593,0.0,0.0,0.0,0.0,0.0
1789986087,758769301,n/a,0.4223835393905593,0.0,0.0,0.0,0.0,0.0
1789986087,776018980,n/a,0.4223835393905593,0.0,0.0,0.0,0.0,0.0
1789986087,797721963,n/a,0.4223835393905593,0.0,0.0,0.0,0.0,0.0
1789986087,822919385,n/a,0.4223835393905593,0.0,0.0,0.0,0.0,0.0
1789986087,836336306,n/a,0.4223835393905593,0.0,0.0,0.0,0.0,0.0
1789986087,860079366,n/a,0.4223835393905593,0.0,0.0,0.0,0.0,0.0
1789986087,877243154,n/a,0.4223835393905593,0.0,0.0,0.0,0.0,0.0
1789986087,900203875,n/a,0.4223835393905593,0.0,0.0,0.0,0.0,0.0
1789986087,916154542,n/a,0.4223835393905593,0.0,0.0,0.0,0.0,0.0
1789986087,937074987,n/a,0.4223835393905593,0.0,0.0,0.0,0.0,0.0
1789986087,959489481,n/a,0.4223835393905593,0.0,0.0,0.0,0.0,0.0
1789986087,975693149,n/a,0.4223835393905593,0.0,0.0,0.0,0.0,0.0
1789986087,997718869,n/a,0.4223835393905593,0.0,0.0,0.0,0.0,0.0
1789986088,20222120,n/a,0.4223835393905593,0.0,0.0,0.0,0.0,0.0
1789986088,41256653,n/a,0.4223835393905593,0.0,0.0,0.0,0.0,0.0
1789986088,58270229,n/a,0.4223835393905593,0.0,0.0,0.0,0.0,0.0
1789986088,75561515,n/a,0.4223835393905593,0.0,0.0,0.0,0.0,0.0
1789986088,97515522,n/a,0.4223835393905593,0.0,0.0,0.0,0.0,0.0
1789986088,119864939,n/a,0.4223835393905593,0.0,0.0,0.0,0.0,0.0
1789986088,136823956,n/a,0.4223835393905593,0.0,0.0,0.0,0.0,0.0
1789986088,157249146,n/a,0.4223835393905593,0.0,0.0,0.0,0.0,0.0
1789986088,179159034,n/a,0.4223835393905593,0.0,0.0,0.0,0.0,0.0
1789986088,196315735,n/a,0.4223835393905593,0.0,0.0,0.0,0.0,0.0
1789986088,217710494,n/a,0.4223835393905593,0.0,0.0,0.0,0.0,0.0
1789986088,239943619,n/a,0.4223835393905593,0.0,0.0,0.0,0.0,0.0
1789986088,255449126,n/a,0.4223835393905593,0.0,0.0,0.0,0.0,0.0
1789986088,277808834,n/a,0.4223835393905593,0.0,0.0,0.0,0.0,0.0
1789986088,300007408,n/a,0.4223835393905593,0.0,0.0,0.0,0.0,0.0
1789986088,316600536,n/a,0.4223835393905593,0.0,0.0,0.0,0.0,0.0
1789986088,338189581,n/a,0.4223835393905593,0.0,0.0,0.0,0.0,0.0
1789986088,356665449,n/a,0.4223835393905593,0.0,0.0,0.0,0.0,0.0
1789986088,376719976,n/a,0.4223835393905593,0.0,0.0,0.0,0.0,0.0
1789986088,398883644,n/a,0.4223835393905593,0.0,0.0,0.0,0.0,0.0
1789986088,415658886,n/a,0.4223835393905593,0.0,0.0,0.0,0.0,0.0
1789986088,438184628,n/a,0.4223835393905593,0.0,0.0,0.0,0.0,0.0
1789986088,459268695,n/a,0.4223835393905593,0.0,0.0,0.0,0.0,0.0
1789986088,475057861,n/a,0.4223835393905593,0.0,0.0,0.0,0.0,0.0
1789986088,497912996,n/a,0.4223835393905593,0.0,0.0,0.0,0.0,0.0
1789986088,520280859,n/a,0.4223835393905593,0.0,0.0,0.0,0.0,0.0
1789986088,537576465,n/a,0.4223835393905593,0.0,0.0,0.0,0.0,0.0
1789986088,559316599,n/a,0.4223835393905593,0.0,0.0,0.0,0.0,0.0
1789986088,581459846,n/a,0.4223835393905593,0.0,0.0,0.0,0.0,0.0
1789986088,599539936,n/a,0.4223835393905593,0.0,0.0,0.0,0.0,0.0
1789986088,616709435,n/a,0.4223835393905593,0.0,0.0,0.0,0.0,0.0
1789986088,639330131,n/a,0.4223835393905593,0.0,0.0,0.0,0.0,0.0
1789986088,656245579,n/a,0.4223835393905593,0.0,0.0,0.0,0.0,0.0
1789986088,679444615,n/a,0.4223835393905593,0.0,0.0,0.0,0.0,0.0
1789986088,700006195,n/a,0.4223835393905593,0.0,0.0,0.0,0.0,0.0
1789986088,717708410,n/a,0.4223835393905593,0.0,0.0,0.0,0.0,0.0
1789986088,740334101,n/a,0.4223835393905593,0.0,0.0,0.0,0.0,0.0
1789986088,756852000,n/a,0.4223835393905593,0.0,0.0,0.0,0.0,0.0
1789986088,779338518,n/a,0.4223835393905593,0.0,0.0,0.0,0.0,0.0
1789986088,801244120,n/a,0.4223835393905593,0.0,0.0,0.0,0.0,0.0
1789986088,817524436,n/a,-0.15578600007716958,0.0,0.0,0.0,0.0,0.0
1789986088,835023892,n/a,-0.15578600007716958,0.0,0.0,0.0,0.0,0.0
1789986088,857456028,n/a,-0.15578600007716958,0.0,0.0,0.0,0.0,0.0
1789986088,879718296,n/a,-0.15578600007716958,0.0,0.0,0.0,0.0,0.0
1789986088,898009815,n/a,-0.15578600007716958,0.0,0.0,0.0,0.0,0.0
1789986088,918248201,n/a,-0.15578600007716958,0.0,0.0,0.0,0.0,0.0
1789986088,940486308,n/a,-0.15578600007716958,0.0,0.0,0.0,0.0,0.0
1789986088,957659442,n/a,-0.15578600007716958,0.0,0.0,0.0,0.0,0.0
1789986088,979498338,n/a,-0.15578600007716958,0.0,0.0,0.0,0.0,0.0
1789986088,995834292,n/a,-0.15578600007716958,0.0,0.0,0.0,0.0,0.0
1789986089,17818214,n/a,-0.15578600007716958,0.0,0.0,0.0,0.0,0.0
1789986089,35910639,n/a,-0.15578600007716958,0.0,0.0,0.0,0.0,0.0
1789986089,57572981,n/a,-0.15578600007716958,0.0,0.0,0.0,0.0,0.0
1789986089,75054038,n/a,-0.15578600007716958,0.0,0.0,0.0,0.0,0.0
1789986089,97428845,n/a,-0.15578600007716958,0.0,0.0,0.0,0.0,0.0
1789986089,115101930,n/a,-0.15578600007716958,0.0,0.0,0.0,0.0,0.0
1789986089,136489300,n/a,-0.15578600007716958,0.0,0.0,0.0,0.0,0.0
1789986089,158701575,n/a,-0.15578600007716958,0.0,0.0,0.0,0.0,0.0
1789986089,180745393,n/a,-0.15578600007716958,0.0,0.0,0.0,0.0,0.0
1789986089,197831397,n/a,-0.15578600007716958,0.0,0.0,0.0,0.0,0.0
1789986089,219627305,n/a,-0.15578600007716958,0.0,0.0,0.0,0.0,0.0
1789986089,235810280,n/a,-0.15578600007716958,0.0,0.0,0.0,0.0,0.0
1789986089,258118668,n/a,-0.15578600007716958,0.0,0.0,0.0,0.0,0.0
1789986089,280173407,n/a,-0.15578600007716958,0.0,0.0,0.0,0.0,0.0
1789986089,296864251,n/a,-0.15578600007716958,0.0,0.0,0.0,0.0,0.0
1789986089,319388319,n/a,-0.15578600007716958,0.0,0.0,0.0,0.0,0.0
1789986089,340645644,n/a,-0.15578600007716958,0.0,0.0,0.0,0.0,0.0
1789986089,356675274,n/a,-0.15578600007716958,0.0,0.0,0.0,0.0,0.0
1789986089,379893457,n/a,-0.15578600007716958,0.0,0.0,0.0,0.0,0.0
1789986089,396859844,n/a,-0.15578600007716958,0.0,0.0,0.0,0.0,0.0
1789986089,418976801,n/a,-0.15578600007716958,0.0,0.0,0.0,0.0,0.0
1789986089,436255767,n/a,-0.15578600007716958,0.0,0.0,0.0,0.0,0.0
1789986089,457888990,n/a,-0.15578600007716958,0.0,0.0,0.0,0.0,0.0
1789986089,474978691,n/a,-0.15578600007716958,0.0,0.0,0.0,0.0,0.0
1789986089,497545066,n/a,-0.15578600007716958,0.0,0.0,0.0,0.0,0.0
1789986089,520635891,n/a,-0.15578600007716958,0.0,0.0,0.0,0.0,0.0
1789986089,537782328,n/a,-0.15578600007716958,0.0,0.0,0.0,0.0,0.0
1789986089,559496313,n/a,-0.15578600007716958,0.0,0.0,0.0,0.0,0.0
1789986089,576496215,n/a,-0.15578600007716958,0.0,0.0,0.0,0.0,0.0
1789986089,599420349,n/a,-0.15578600007716958,0.0,0.0,0.0,0.0,0.0
1789986089,616425471,n/a,-0.15578600007716958,0.0,0.0,0.0,0.0,0.0
1789986089,639031024,n/a,-0.15578600007716958,0.0,0.0,0.0,0.0,0.0
1789986089,656571132,n/a,-0.15578600007716958,0.0,0.0,0.0,0.0,0.0
1789986089,677904360,n/a,-0.15578600007716958,0.0,0.0,0.0,0.0,0.0
1789986089,695364267,n/a,-0.15578600007716958,0.0,0.0,0.0,0.0,0.0
1789986089,718281232,n/a,-0.15578600007716958,0.0,0.0,0.0,0.0,0.0
1789986089,735678794,n/a,-0.15578600007716958,0.0,0.0,0.0,0.0,0.0
1789986089,757442554,n/a,-0.15578600007716958,0.0,0.0,0.0,0.0,0.0
1789986089,780298080,n/a,-0.15578600007716958,0.0,0.0,0.0,0.0,0.0
1789986089,797529771,n/a,-0.15578600007716958,0.0,0.0,0.0,0.0,0.0
1789986089,819946029,n/a,-0.15578600007716958,0.0,0.0,0.0,0.0,0.0
1789986089,837572662,n/a,-0.15578600007716958,0.0,0.0,0.0,0.0,0.0
1789986089,859667901,n/a,-0.15578600007716958,0.0,0.0,0.0,0.0,0.0
1789986089,877604457,n/a,-0.15578600007716958,0.0,0.0,0.0,0.0,0.0
1789986089,898132372,n/a,-0.15578600007716958,0.0,0.0,0.0,0.0,0.0
1789986089,920725354,n/a,-0.15578600007716958,0.0,0.0,0.0,0.0,0.0
1789986089,937801195,n/a,-0.15578600007716958,0.0,0.0,0.0,0.0,0.0
1789986089,959442713,n/a,-0.15578600007716958,0.0,0.0,0.0,0.0,0.0
1789986089,975992508,n/a,-0.15578600007716958,0.0,0.0,0.0,0.0,0.0
1789986089,998929142,n/a,-0.15578600007716958,0.0,0.0,0.0,0.0,0.0
1789986090,15417406,n/a,-0.15578600007716958,0.0,0.0,0.0,0.0,0.0
1789986090,38727017,n/a,-0.15578600007716958,0.0,0.0,0.0,0.0,0.0
1789986090,55756875,n/a,-0.15578600007716958,0.0,0.0,0.0,0.0,0.0
1789986090,77630401,n/a,-0.15578600007716958,0.0,0.0,0.0,0.0,0.0
1789986090,95953232,n/a,-0.15578600007716958,0.0,0.0,0.0,0.0,0.0
1789986090,115643318,n/a,-0.15578600007716958,0.0,0.0,0.0,0.0,0.0
1789986090,138919653,n/a,-0.15578600007716958,0.0,0.0,0.0,0.0,0.0
1789986090,155060122,n/a,-0.15578600007716958,0.0,0.0,0.0,0.0,0.0
1789986090,177988441,n/a,-0.15578600007716958,0.0,0.0,0.0,0.0,0.0
1789986090,200222944,n/a,-0.15578600007716958,0.0,0.0,0.0,0.0,0.0
1789986090,215527074,n/a,-0.15578600007716958,0.0,0.0,0.0,0.0,0.0
1789986090,238749807,n/a,-0.15578600007716958,0.0,0.0,0.0,0.0,0.0
1789986090,255394896,n/a,-0.15578600007716958,0.0,0.0,0.0,0.0,0.0
1789986090,277462670,n/a,-0.15578600007716958,0.0,0.0,0.0,0.0,0.0
1789986090,299950500,n/a,-0.15578600007716958,0.0,0.0,0.0,0.0,0.0
1789986090,320740808,n/a,-0.15578600007716958,0.0,0.0,0.0,0.0,0.0
1789986090,337379541,n/a,-0.15578600007716958,0.0,0.0,0.0,0.0,0.0
1789986090,359549980,n/a,-0.15578600007716958,0.0,0.0,0.0,0.0,0.0
1789986090,376052158,n/a,-0.15578600007716958,0.0,0.0,0.0,0.0,0.0
1789986090,397589424,n/a,-0.15578600007716958,0.0,0.0,0.0,0.0,0.0
1789986090,424332502,n/a,-0.15578600007716958,0.0,0.0,0.0,0.0,0.0
1789986090,435658412,n/a,-0.15578600007716958,0.0,0.0,0.0,0.0,0.0
1789986090,458106326,n/a,-0.15578600007716958,0.0,0.0,0.0,0.0,0.0
1789986090,480261415,n/a,-0.15578600007716958,0.0,0.0,0.0,0.0,0.0
1789986090,496422023,n/a,-0.15578600007716958,0.0,0.0,0.0,0.0,0.0
1789986090,518727821,n/a,-0.15578600007716958,0.0,0.0,0.0,0.0,0.0
1789986090,539433923,n/a,0.34061113282814204,0.0,0.0,0.0,0.0,0.0
1789986090,555593797,n/a,0.34061113282814204,0.0,0.0,0.0,0.0,0.0
1789986090,577476905,n/a,0.34061113282814204,0.0,0.0,0.0,0.0,0.0
1789986090,598621150,n/a,0.34061113282814204,0.0,0.0,0.0,0.0,0.0
1789986090,620102455,n/a,0.34061113282814204,0.0,0.0,0.0,0.0,0.0
1789986090,635509980,n/a,0.34061113282814204,0.0,0.0,0.0,0.0,0.0
1789986090,659127498,n/a,0.34061113282814204,0.0,0.0,0.0,0.0,0.0
1789986090,675618256,n/a,0.34061113282814204,0.0,0.0,0.0,0.0,0.0
1789986090,697385370,n/a,0.34061113282814204,0.0,0.0,0.0,0.0,0.0
1789986090,718766471,n/a,0.34061113282814204,0.0,0.0,0.0,0.0,0.0
1789986090,738252070,n/a,0.34061113282814204,0.0,0.0,0.0,0.0,0.0
1789986090,756418955,n/a,0.34061113282814204,0.0,0.0,0.0,0.0,0.0
1789986090,778853011,n/a,0.34061113282814204,0.0,0.0,0.0,0.0,0.0
1789986090,795243633,n/a,0.34061113282814204,0.0,0.0,0.0,0.0,0.0
1789986090,817274062,n/a,0.34061113282814204,0.0,0.0,0.0,0.0,0.0
1789986090,839471718,n/a,0.34061113282814204,0.0,0.0,0.0,0.0,0.0
1789986090,858717699,n/a,0.34061113282814204,0.0,0.0,0.0,0.0,0.0
1789986090,876148938,n/a,0.34061113282814204,0.0,0.0,0.0,0.0,0.0
1789986090,898583520,n/a,0.34061113282814204,0.0,0.0,0.0,0.0,0.0
1789986090,920761566,n/a,0.34061113282814204,0.0,0.0,0.0,0.0,0.0
1789986090,937043437,n/a,0.34061113282814204,0.0,0.0,0.0,0.0,0.0
1789986090,956956275,n/a,0.34061113282814204,0.0,0.0,0.0,0.0,0.0
1789986090,979523643,n/a,0.34061113282814204,0.0,0.0,0.0,0.0,0.0
1789986090,996270561,n/a,0.34061113282814204,0.0,0.0,0.0,0.0,0.0
1789986091,18841110,n/a,0.34061113282814204,0.0,0.0,0.0,0.0,0.0
1789986091,35727225,n/a,0.34061113282814204,0.0,0.0,0.0,0.0,0.0
1789986091,61298986,n/a,0.34061113282814204,0.0,0.0,0.0,0.0,0.0
1789986091,77943610,n/a,0.34061113282814204,0.0,0.0,0.0,0.0,0.0
1789986091,99359020,n/a,0.34061113282814204,0.0,0.0,0.0,0.0,0.0
1789986091,115203320,n/a,0.34061113282814204,0.0,0.0,0.0,0.0,0.0
1789986091,137797736,n/a,0.34061113282814204,0.0,0.0,0.0,0.0,0.0
1789986091,162948185,n/a,0.34061113282814204,0.0,0.0,0.0,0.0,0.0
1789986091,179963660,n/a,0.34061113282814204,0.0,0.0,0.0,0.0,0.0
1789986091,196390991,n/a,0.34061113282814204,0.0,0.0,0.0,0.0,0.0
1789986091,218547443,n/a,0.34061113282814204,0.0,0.0,0.0,0.0,0.0
1789986091,240676727,n/a,0.34061113282814204,0.0,0.0,0.0,0.0,0.0
1789986091,256874151,n/a,0.34061113282814204,0.0,0.0,0.0,0.0,0.0
1789986091,277795288,n/a,0.34061113282814204,0.0,0.0,0.0,0.0,0.0
1789986091,299840497,n/a,0.34061113282814204,0.0,0.0,0.0,0.0,0.0
1789986091,316286205,n/a,0.1751612122871189,0.0,0.0,0.0,0.0,0.0
1789986091,337727631,n/a,0.1751612122871189,0.0,0.0,0.0,0.0,0.0
1789986091,359738076,n/a,0.1751612122871189,0.0,0.0,0.0,0.0,0.0
1789986091,375762916,n/a,0.1751612122871189,0.0,0.0,0.0,0.0,0.0
1789986091,397955329,n/a,0.1751612122871189,0.0,0.0,0.0,0.0,0.0
1789986091,419737782,n/a,0.1751612122871189,0.0,0.0,0.0,0.0,0.0
1789986091,436144306,n/a,0.1751612122871189,0.0,0.0,0.0,0.0,0.0
1789986091,457071479,n/a,0.1751612122871189,0.0,0.0,0.0,0.0,0.0
1789986091,476873223,n/a,0.1751612122871189,0.0,0.0,0.0,0.0,0.0
1789986091,499881637,n/a,0.1751612122871189,0.0,0.0,0.0,0.0,0.0
1789986091,515961748,n/a,0.1751612122871189,0.0,0.0,0.0,0.0,0.0
1789986091,537951415,n/a,0.1751612122871189,0.0,0.0,0.0,0.0,0.0
1789986091,558612466,n/a,0.1751612122871189,0.0,0.0,0.0,0.0,0.0
1789986091,575413116,n/a,0.1751612122871189,0.0,0.0,0.0,0.0,0.0
1789986091,594975974,n/a,0.1751612122871189,0.0,0.0,0.0,0.0,0.0
1789986091,617735786,n/a,0.1751612122871189,0.0,0.0,0.0,0.0,0.0
1789986091,639530481,n/a,0.1751612122871189,0.0,0.0,0.0,0.0,0.0
1789986091,655780538,n/a,0.1751612122871189,0.0,0.0,0.0,0.0,0.0
1789986091,676048612,n/a,0.1751612122871189,0.0,0.0,0.0,0.0,0.0
1789986091,695857186,n/a,0.1751612122871189,0.0,0.0,0.0,0.0,0.0
1789986091,718235149,n/a,0.1751612122871189,0.0,0.0,0.0,0.0,0.0
1789986091,739581920,n/a,0.1751612122871189,0.0,0.0,0.0,0.0,0.0
1789986091,755168379,n/a,0.1751612122871189,0.0,0.0,0.0,0.0,0.0
1789986091,776124309,n/a,0.1751612122871189,0.0,0.0,0.0,0.0,0.0
1789986091,796348822,n/a,0.1751612122871189,0.0,0.0,0.0,0.0,0.0
1789986091,817592747,n/a,0.1751612122871189,0.0,0.0,0.0,0.0,0.0
1789986091,839312994,n/a,0.1751612122871189,0.0,0.0,0.0,0.0,0.0
1789986091,855134367,n/a,0.1751612122871189,0.0,0.0,0.0,0.0,0.0
1789986091,875953178,n/a,0.1751612122871189,0.0,0.0,0.0,0.0,0.0
1789986091,897236972,n/a,0.1751612122871189,0.0,0.0,0.0,0.0,0.0
1789986091,918680994,n/a,0.1751612122871189,0.0,0.0,0.0,0.0,0.0
1789986091,939606564,n/a,0.1751612122871189,0.0,0.0,0.0,0.0,0.0
1789986091,955971339,n/a,0.1751612122871189,0.0,0.0,0.0,0.0,0.0
1789986091,977217982,n/a,0.1751612122871189,0.0,0.0,0.0,0.0,0.0
1789986091,996571949,n/a,0.1751612122871189,0.0,0.0,0.0,0.0,0.0
1789986092,19284520,n/a,0.1751612122871189,0.0,0.0,0.0,0.0,0.0
1789986092,36669706,n/a,0.1751612122871189,0.0,0.0,0.0,0.0,0.0
1789986092,57517627,n/a,0.1751612122871189,0.0,0.0,0.0,0.0,0.0
1789986092,79761769,n/a,0.1751612122871189,0.0,0.0,0.0,0.0,0.0
1789986092,98843660,n/a,0.1751612122871189,0.0,0.0,0.0,0.0,0.0
1789986092,115434643,n/a,0.1751612122871189,0.0,0.0,0.0,0.0,0.0
1789986092,138760665,n/a,0.1751612122871189,0.0,0.0,0.0,0.0,0.0
1789986092,159862632,n/a,0.1751612122871189,0.0,0.0,0.0,0.0,0.0
1789986092,175941990,n/a,0.1751612122871189,0.0,0.0,0.0,0.0,0.0
1789986092,200799846,n/a,0.1751612122871189,0.0,0.0,0.0,0.0,0.0
1789986092,218814513,n/a,0.1751612122871189,0.0,0.0,0.0,0.0,0.0
1789986092,235373044,n/a,0.1751612122871189,0.0,0.0,0.0,0.0,0.0
1789986092,257298679,n/a,0.1751612122871189,0.0,0.0,0.0,0.0,0.0
1789986092,278520809,n/a,0.1751612122871189,0.0,0.0,0.0,0.0,0.0
1789986092,300080054,n/a,0.1751612122871189,0.0,0.0,0.0,0.0,0.0
1789986092,320149761,n/a,0.1751612122871189,0.0,0.0,0.0,0.0,0.0
1789986092,336712336,n/a,0.1751612122871189,0.0,0.0,0.0,0.0,0.0
1789986092,358170979,n/a,0.1751612122871189,0.0,0.0,0.0,0.0,0.0
1789986092,379479787,n/a,0.1751612122871189,0.0,0.0,0.0,0.0,0.0
1789986092,395084251,n/a,0.1751612122871189,0.0,0.0,0.0,0.0,0.0
1789986092,420462619,n/a,0.1751612122871189,0.0,0.0,0.0,0.0,0.0
1789986092,436856146,n/a,0.1751612122871189,0.0,0.0,0.0,0.0,0.0
1789986092,458208514,n/a,0.1751612122871189,0.0,0.0,0.0,0.0,0.0
1789986092,475188528,n/a,0.1751612122871189,0.0,0.0,0.0,0.0,0.0
1789986092,496090099,n/a,0.1751612122871189,0.0,0.0,0.0,0.0,0.0
1789986092,515054366,n/a,0.1751612122871189,0.0,0.0,0.0,0.0,0.0
1789986092,537586826,n/a,0.1751612122871189,0.0,0.0,0.0,0.0,0.0
1789986092,558749768,n/a,0.1751612122871189,0.0,0.0,0.0,0.0,0.0
1789986092,579820281,n/a,0.1751612122871189,0.0,0.0,0.0,0.0,0.0
1789986092,595443603,n/a,0.1751612122871189,0.0,0.0,0.0,0.0,0.0
1789986092,619816841,n/a,0.1751612122871189,0.0,0.0,0.0,0.0,0.0
1789986092,636133232,n/a,0.1751612122871189,0.0,0.0,0.0,0.0,0.0
1789986092,658278815,n/a,0.1751612122871189,0.0,0.0,0.0,0.0,0.0
1789986092,679900387,n/a,0.1751612122871189,0.0,0.0,0.0,0.0,0.0
1789986092,695985197,n/a,0.1751612122871189,0.0,0.0,0.0,0.0,0.0
1789986092,722019706,n/a,0.1751612122871189,0.0,0.0,0.0,0.0,0.0
1789986092,738534896,n/a,0.1751612122871189,0.0,0.0,0.0,0.0,0.0
1789986092,759939445,n/a,0.1751612122871189,0.0,0.0,0.0,0.0,0.0
1789986092,776517422,n/a,0.1751612122871189,0.0,0.0,0.0,0.0,0.0
1789986092,797614560,n/a,0.1751612122871189,0.0,0.0,0.0,0.0,0.0
1789986092,822913368,n/a,0.1751612122871189,0.0,0.0,0.0,0.0,0.0
1789986092,840381147,n/a,0.1751612122871189,0.0,0.0,0.0,0.0,0.0
1789986092,856179577,n/a,0.1751612122871189,0.0,0.0,0.0,0.0,0.0
1789986092,877221759,n/a,0.1751612122871189,0.0,0.0,0.0,0.0,0.0
1789986092,898580434,n/a,0.1751612122871189,0.0,0.0,0.0,0.0,0.0
1789986092,922785480,n/a,0.1751612122871189,0.0,0.0,0.0,0.0,0.0
1789986092,940605320,n/a,0.1751612122871189,0.0,0.0,0.0,0.0,0.0
1789986092,957587567,n/a,0.1751612122871189,0.0,0.0,0.0,0.0,0.0
1789986092,978612345,n/a,0.1751612122871189,0.0,0.0,0.0,0.0,0.0
1789986092,999347330,n/a,0.1751612122871189,0.0,0.0,0.0,0.0,0.0
1789986093,15213738,n/a,0.1751612122871189,0.0,0.0,0.0,0.0,0.0
1789986093,36158305,n/a,0.1751612122871189,0.0,0.0,0.0,0.0,0.0
1789986093,58326113,n/a,0.1751612122871189,0.0,0.0,0.0,0.0,0.0
1789986093,75527511,n/a,0.1751612122871189,0.0,0.0,0.0,0.0,0.0
1789986093,96573544,n/a,0.6923948368566255,0.0,0.0,0.0,0.0,0.0
1789986093,117423379,n/a,0.6923948368566255,0.0,0.0,0.0,0.0,0.0
1789986093,138232718,n/a,0.6923948368566255,0.0,0.0,0.0,0.0,0.0
1789986093,160740901,n/a,0.6923948368566255,0.0,0.0,0.0,0.0,0.0
1789986093,177841301,n/a,0.6923948368566255,0.0,0.0,0.0,0.0,0.0
1789986093,200089810,n/a,0.6923948368566255,0.0,0.0,0.0,0.0,0.0
1789986093,216394935,n/a,0.6923948368566255,0.0,0.0,0.0,0.0,0.0
1789986093,242937712,n/a,0.6923948368566255,0.0,0.0,0.0,0.0,0.0
1789986093,260426329,n/a,0.6923948368566255,0.0,0.0,0.0,0.0,0.0
1789986093,277342920,n/a,0.6923948368566255,0.0,0.0,0.0,0.0,0.0
1789986093,299363458,n/a,0.6923948368566255,0.0,0.0,0.0,0.0,0.0
1789986093,316521666,n/a,0.6923948368566255,0.0,0.0,0.0,0.0,0.0
1789986093,338457969,n/a,0.6923948368566255,0.0,0.0,0.0,0.0,0.0
1789986093,359921410,n/a,0.6923948368566255,0.0,0.0,0.0,0.0,0.0
1789986093,377175414,n/a,0.6923948368566255,0.0,0.0,0.0,0.0,0.0
1789986093,399837554,n/a,0.6923948368566255,0.0,0.0,0.0,0.0,0.0
1789986093,415938185,n/a,0.6923948368566255,0.0,0.0,0.0,0.0,0.0
1789986093,438534366,n/a,0.6923948368566255,0.0,0.0,0.0,0.0,0.0
1789986093,458934490,n/a,0.6923948368566255,0.0,0.0,0.0,0.0,0.0
1789986093,475517572,n/a,0.6923948368566255,0.0,0.0,0.0,0.0,0.0
1789986093,497539394,n/a,0.6923948368566255,0.0,0.0,0.0,0.0,0.0
1789986093,519657759,n/a,0.6923948368566255,0.0,0.0,0.0,0.0,0.0
1789986093,536153435,n/a,0.6923948368566255,0.0,0.0,0.0,0.0,0.0
1789986093,561563087,n/a,0.6923948368566255,0.0,0.0,0.0,0.0,0.0
1789986093,578153117,n/a,0.6923948368566255,0.0,0.0,0.0,0.0,0.0
1789986093,594949111,n/a,0.6923948368566255,0.0,0.0,0.0,0.0,0.0
1789986093,616225653,n/a,0.6923948368566255,0.0,0.0,0.0,0.0,0.0
1789986093,638242158,n/a,0.6923948368566255,0.0,0.0,0.0,0.0,0.0
1789986093,662548597,n/a,0.6923948368566255,0.0,0.0,0.0,0.0,0.0
1789986093,675986254,n/a,0.6923948368566255,0.0,0.0,0.0,0.0,0.0
1789986093,697385302,n/a,0.6923948368566255,0.0,0.0,0.0,0.0,0.0
1789986093,719847381,n/a,0.6923948368566255,0.0,0.0,0.0,0.0,0.0
1789986093,736342593,n/a,0.6923948368566255,0.0,0.0,0.0,0.0,0.0
1789986093,757817064,n/a,0.6923948368566255,0.0,0.0,0.0,0.0,0.0
1789986093,775192862,n/a,0.6923948368566255,0.0,0.0,0.0,0.0,0.0
1789986093,797094128,n/a,0.6923948368566255,0.0,0.0,0.0,0.0,0.0
1789986093,818670956,n/a,0.6923948368566255,0.0,0.0,0.0,0.0,0.0
1789986093,835708563,n/a,0.6923948368566255,0.0,0.0,0.0,0.0,0.0
1789986093,856936449,n/a,0.6923948368566255,0.0,0.0,0.0,0.0,0.0
1789986093,877228711,n/a,0.6923948368566255,0.0,0.0,0.0,0.0,0.0
1789986093,895887177,n/a,0.6923948368566255,0.0,0.0,0.0,0.0,0.0
1789986093,917903677,n/a,0.6923948368566255,0.0,0.0,0.0,0.0,0.0
1789986093,939830391,n/a,0.6923948368566255,0.0,0.0,0.0,0.0,0.0
1789986093,957174835,n/a,0.6923948368566255,0.0,0.0,0.0,0.0,0.0
1789986093,980202004,n/a,0.6923948368566255,0.0,0.0,0.0,0.0,0.0
1789986093,999899131,n/a,0.6923948368566255,0.0,0.0,0.0,0.0,0.0
1789986094,16539578,n/a,0.6923948368566255,0.0,0.0,0.0,0.0,0.0
1789986094,40134468,n/a,0.6923948368566255,0.0,0.0,0.0,0.0,0.0
1789986094,56362170,n/a,0.6923948368566255,0.0,0.0,0.0,0.0,0.0
1789986094,78636160,n/a,0.6923948368566255,0.0,0.0,0.0,0.0,0.0
1789986094,99952663,n/a,0.6923948368566255,0.0,0.0,0.0,0.0,0.0
1789986094,117081146,n/a,0.6923948368566255,0.0,0.0,0.0,0.0,0.0
1789986094,135021174,n/a,0.6923948368566255,0.0,0.0,0.0,0.0,0.0
1789986094,156685699,n/a,0.6923948368566255,0.0,0.0,0.0,0.0,0.0
1789986094,178390211,n/a,0.6923948368566255,0.0,0.0,0.0,0.0,0.0
1789986094,198000366,n/a,0.6923948368566255,0.0,0.0,0.0,0.0,0.0
1789986094,218169804,n/a,0.6923948368566255,0.0,0.0,0.0,0.0,0.0
1789986094,235180545,n/a,0.17800451596510336,0.0,0.0,0.0,0.0,0.0
1789986094,259837300,n/a,0.17800451596510336,0.0,0.0,0.0,0.0,0.0
1789986094,276704653,n/a,0.17800451596510336,0.0,0.0,0.0,0.0,0.0
1789986094,299084747,n/a,0.17800451596510336,0.0,0.0,0.0,0.0,0.0
1789986094,320816145,n/a,0.17800451596510336,0.0,0.0,0.0,0.0,0.0
1789986094,337092490,n/a,0.17800451596510336,0.0,0.0,0.0,0.0,0.0
1789986094,358968473,n/a,0.17800451596510336,0.0,0.0,0.0,0.0,0.0
1789986094,376213125,n/a,0.17800451596510336,0.0,0.0,0.0,0.0,0.0
1789986094,398496204,n/a,0.17800451596510336,0.0,0.0,0.0,0.0,0.0
1789986094,417460952,n/a,0.17800451596510336,0.0,0.0,0.0,0.0,0.0
1789986094,437394989,n/a,0.17800451596510336,0.0,0.0,0.0,0.0,0.0
1789986094,459115912,n/a,0.17800451596510336,0.0,0.0,0.0,0.0,0.0
1789986094,476318160,n/a,0.17800451596510336,0.0,0.0,0.0,0.0,0.0
1789986094,498344062,n/a,0.17800451596510336,0.0,0.0,0.0,0.0,0.0
1789986094,520067107,n/a,0.17800451596510336,0.0,0.0,0.0,0.0,0.0
1789986094,536224184,n/a,0.17800451596510336,0.0,0.0,0.0,0.0,0.0
1789986094,558053745,n/a,-0.5145200529138647,0.0,0.0,0.0,0.0,0.0
1789986094,579666104,n/a,-0.5145200529138647,0.0,0.0,0.0,0.0,0.0
1789986094,597062042,n/a,-0.5145200529138647,0.0,0.0,0.0,0.0,0.0
1789986094,619526402,n/a,-0.5145200529138647,0.0,0.0,0.0,0.0,0.0
1789986094,641417819,n/a,-0.5145200529138647,0.0,0.0,0.0,0.0,0.0
1789986094,658531525,n/a,-0.5145200529138647,0.0,0.0,0.0,0.0,0.0
1789986094,675169587,n/a,-0.5145200529138647,0.0,0.0,0.0,0.0,0.0
1789986094,697159022,n/a,-0.5145200529138647,0.0,0.0,0.0,0.0,0.0
1789986094,719375141,n/a,-0.5145200529138647,0.0,0.0,0.0,0.0,0.0
1789986094,736943733,n/a,-0.5145200529138647,0.0,0.0,0.0,0.0,0.0
1789986094,757327203,n/a,-0.5145200529138647,0.0,0.0,0.0,0.0,0.0
1789986094,780374472,n/a,-0.5145200529138647,0.0,0.0,0.0,0.0,0.0
1789986094,796837597,n/a,-0.5145200529138647,0.0,0.0,0.0,0.0,0.0
1789986094,818690313,n/a,-0.5145200529138647,0.0,0.0,0.0,0.0,0.0
1789986094,836144084,n/a,-0.5145200529138647,0.0,0.0,0.0,0.0,0.0
1789986094,858314986,n/a,-0.5145200529138647,0.0,0.0,0.0,0.0,0.0
1789986094,875183608,n/a,-0.5145200529138647,0.0,0.0,0.0,0.0,0.0
1789986094,898233876,n/a,-0.5145200529138647,0.0,0.0,0.0,0.0,0.0
1789986094,920764646,n/a,-0.5145200529138647,0.0,0.0,0.0,0.0,0.0
1789986094,937294365,n/a,-0.5145200529138647,0.0,0.0,0.0,0.0,0.0
1789986094,955698275,n/a,-0.5145200529138647,0.0,0.0,0.0,0.0,0.0
1789986094,975496450,n/a,-0.5145200529138647,0.0,0.0,0.0,0.0,0.0
1789986094,997741884,n/a,-0.5145200529138647,0.0,0.0,0.0,0.0,0.0
1789986095,20855424,n/a,-0.5145200529138647,0.0,0.0,0.0,0.0,0.0
1789986095,37914471,n/a,-0.5145200529138647,0.0,0.0,0.0,0.0,0.0
1789986095,59161055,n/a,-0.5145200529138647,0.0,0.0,0.0,0.0,0.0
1789986095,76545508,n/a,-0.5145200529138647,0.0,0.0,0.0,0.0,0.0
1789986095,99125566,n/a,-0.5145200529138647,0.0,0.0,0.0,0.0,0.0
1789986095,115459761,n/a,-0.5145200529138647,0.0,0.0,0.0,0.0,0.0
1789986095,139274162,n/a,-0.5145200529138647,0.0,0.0,0.0,0.0,0.0
1789986095,155454068,n/a,-0.5145200529138647,0.0,0.0,0.0,0.0,0.0
1789986095,182394406,n/a,-0.5145200529138647,0.0,0.0,0.0,0.0,0.0
1789986095,199408997,n/a,-0.5145200529138647,0.0,0.0,0.0,0.0,0.0
1789986095,215906272,n/a,-0.5145200529138647,0.0,0.0,0.0,0.0,0.0
1789986095,238786193,n/a,-0.5145200529138647,0.0,0.0,0.0,0.0,0.0
1789986095,255267240,n/a,-0.5145200529138647,0.0,0.0,0.0,0.0,0.0
1789986095,277087566,n/a,-0.5145200529138647,0.0,0.0,0.0,0.0,0.0
1789986095,297613486,n/a,-0.5145200529138647,0.0,0.0,0.0,0.0,0.0
1789986095,320402139,n/a,-0.5145200529138647,0.0,0.0,0.0,0.0,0.0
1789986095,336975813,n/a,-0.5145200529138647,0.0,0.0,0.0,0.0,0.0
1789986095,358552893,n/a,-0.5145200529138647,0.0,0.0,0.0,0.0,0.0
1789986095,379963628,n/a,-0.5145200529138647,0.0,0.0,0.0,0.0,0.0
1789986095,395532867,n/a,-0.5145200529138647,0.0,0.0,0.0,0.0,0.0
1789986095,417517763,n/a,-0.5145200529138647,0.0,0.0,0.0,0.0,0.0
1789986095,440013692,n/a,-0.5145200529138647,0.0,0.0,0.0,0.0,0.0
1789986095,456154887,n/a,-0.5145200529138647,0.0,0.0,0.0,0.0,0.0
1789986095,477859004,n/a,-0.5145200529138647,0.0,0.0,0.0,0.0,0.0
1789986095,498240820,n/a,-0.5145200529138647,0.0,0.0,0.0,0.0,0.0
1789986095,519443103,n/a,-0.5145200529138647,0.0,0.0,0.0,0.0,0.0
1789986095,536051031,n/a,-0.5145200529138647,0.0,0.0,0.0,0.0,0.0
1789986095,557371847,n/a,-0.5145200529138647,0.0,0.0,0.0,0.0,0.0
1789986095,579212739,n/a,-0.5145200529138647,0.0,0.0,0.0,0.0,0.0
1789986095,599695420,n/a,-0.5145200529138647,0.0,0.0,0.0,0.0,0.0
1789986095,616496892,n/a,-0.5145200529138647,0.0,0.0,0.0,0.0,0.0
1789986095,638416515,n/a,-0.5145200529138647,0.0,0.0,0.0,0.0,0.0
1789986095,655079227,n/a,-0.5145200529138647,0.0,0.0,0.0,0.0,0.0
1789986095,676875425,n/a,-0.5145200529138647,0.0,0.0,0.0,0.0,0.0
1789986095,699756383,n/a,-0.5145200529138647,0.0,0.0,0.0,0.0,0.0
1789986095,719834310,n/a,-0.5145200529138647,0.0,0.0,0.0,0.0,0.0
1789986095,735980721,n/a,-0.5145200529138647,0.0,0.0,0.0,0.0,0.0
1789986095,757039612,n/a,-0.5145200529138647,0.0,0.0,0.0,0.0,0.0
1789986095,778910337,n/a,-0.5145200529138647,0.0,0.0,0.0,0.0,0.0
1789986095,800259520,n/a,-0.5145200529138647,0.0,0.0,0.0,0.0,0.0
1789986095,815270604,n/a,-0.5145200529138647,0.0,0.0,0.0,0.0,0.0
1789986095,838099071,n/a,-0.5145200529138647,0.0,0.0,0.0,0.0,0.0
1789986095,859585393,n/a,-0.5145200529138647,0.0,0.0,0.0,0.0,0.0
1789986095,876301242,n/a,-0.5145200529138647,0.0,0.0,0.0,0.0,0.0
1789986095,897929063,n/a,-0.5145200529138647,0.0,0.0,0.0,0.0,0.0
1789986095,918599475,n/a,-0.5145200529138647,0.0,0.0,0.0,0.0,0.0
1789986095,936137307,n/a,-0.5145200529138647,0.0,0.0,0.0,0.0,0.0
1789986095,958491082,n/a,-0.5145200529138647,0.0,0.0,0.0,0.0,0.0
1789986095,975401369,n/a,-0.5145200529138647,0.0,0.0,0.0,0.0,0.0
1789986095,997147429,n/a,-0.5145200529138647,0.0,0.0,0.0,0.0,0.0
1789986096,24837542,n/a,-0.5145200529138647,0.0,0.0,0.0,0.0,0.0
1789986096,37334688,n/a,-0.5145200529138647,0.0,0.0,0.0,0.0,0.0
1789986096,59058471,n/a,-0.5145200529138647,0.0,0.0,0.0,0.0,0.0
1789986096,76838950,n/a,-0.5145200529138647,0.0,0.0,0.0,0.0,0.0
1789986096,98587053,n/a,-0.5145200529138647,0.0,0.0,0.0,0.0,0.0
1789986096,120172149,n/a,-0.5145200529138647,0.0,0.0,0.0,0.0,0.0
1789986096,136470570,n/a,-0.5145200529138647,0.0,0.0,0.0,0.0,0.0
1789986096,158424174,n/a,-0.5145200529138647,0.0,0.0,0.0,0.0,0.0
1789986096,175286188,n/a,-0.5145200529138647,0.0,0.0,0.0,0.0,0.0
1789986096,197968558,n/a,-0.17137200139845143,0.0,0.0,0.0,0.0,0.0
1789986096,219418271,n/a,-0.17137200139845143,0.0,0.0,0.0,0.0,0.0
1789986096,240999569,n/a,-0.17137200139845143,0.0,0.0,0.0,0.0,0.0
1789986096,258258438,n/a,-0.17137200139845143,0.0,0.0,0.0,0.0,0.0
1789986096,275255641,n/a,-0.17137200139845143,0.0,0.0,0.0,0.0,0.0
1789986096,297739295,n/a,-0.17137200139845143,0.0,0.0,0.0,0.0,0.0
1789986096,315471798,n/a,-0.17137200139845143,0.0,0.0,0.0,0.0,0.0
1789986096,337705159,n/a,-0.17137200139845143,0.0,0.0,0.0,0.0,0.0
1789986096,359911523,n/a,-0.17137200139845143,0.0,0.0,0.0,0.0,0.0
1789986096,377273381,n/a,-0.17137200139845143,0.0,0.0,0.0,0.0,0.0
1789986096,399982650,n/a,-0.17137200139845143,0.0,0.0,0.0,0.0,0.0
1789986096,416765109,n/a,-0.17137200139845143,0.0,0.0,0.0,0.0,0.0
1789986096,439914795,n/a,-0.17137200139845143,0.0,0.0,0.0,0.0,0.0
1789986096,461714639,n/a,-0.17137200139845143,0.0,0.0,0.0,0.0,0.0
1789986096,479000962,n/a,-0.17137200139845143,0.0,0.0,0.0,0.0,0.0
1789986096,495928622,n/a,-0.17137200139845143,0.0,0.0,0.0,0.0,0.0
1789986096,518265917,n/a,-0.17137200139845143,0.0,0.0,0.0,0.0,0.0
1789986096,536000277,n/a,-0.17137200139845143,0.0,0.0,0.0,0.0,0.0
1789986096,557585139,n/a,-0.17137200139845143,0.0,0.0,0.0,0.0,0.0
1789986096,578921754,n/a,-0.17137200139845143,0.0,0.0,0.0,0.0,0.0
1789986096,595766473,n/a,-0.17137200139845143,0.0,0.0,0.0,0.0,0.0
1789986096,617588640,n/a,-0.17137200139845143,0.0,0.0,0.0,0.0,0.0
1789986096,639985493,n/a,-0.17137200139845143,0.0,0.0,0.0,0.0,0.0
1789986096,656651012,n/a,-0.17137200139845143,0.0,0.0,0.0,0.0,0.0
1789986096,678547020,n/a,-0.17137200139845143,0.0,0.0,0.0,0.0,0.0
1789986096,700097186,n/a,-0.17137200139845143,0.0,0.0,0.0,0.0,0.0
1789986096,716871174,n/a,-0.17137200139845143,0.0,0.0,0.0,0.0,0.0
1789986096,739291595,n/a,-0.17137200139845143,0.0,0.0,0.0,0.0,0.0
1789986096,755694475,n/a,0.09759752277630596,0.0,0.0,0.0,0.0,0.0
1789986096,784226926,n/a,0.09759752277630596,0.0,0.0,0.0,0.0,0.0
1789986096,795284878,n/a,0.09759752277630596,0.0,0.0,0.0,0.0,0.0
1789986096,817504013,n/a,0.09759752277630596,0.0,0.0,0.0,0.0,0.0
1789986096,834969140,n/a,0.09759752277630596,0.0,0.0,0.0,0.0,0.0
1789986096,856305585,n/a,0.09759752277630596,0.0,0.0,0.0,0.0,0.0
1789986096,878159101,n/a,0.09759752277630596,0.0,0.0,0.0,0.0,0.0
1789986096,900722862,n/a,0.09759752277630596,0.0,0.0,0.0,0.0,0.0
1789986096,916946247,n/a,0.09759752277630596,0.0,0.0,0.0,0.0,0.0
1789986096,938945549,n/a,0.09759752277630596,0.0,0.0,0.0,0.0,0.0
1789986096,955692401,n/a,0.09759752277630596,0.0,0.0,0.0,0.0,0.0
1789986096,977217189,n/a,0.09759752277630596,0.0,0.0,0.0,0.0,0.0
1789986096,998316789,n/a,0.09759752277630596,0.0,0.0,0.0,0.0,0.0
1789986097,15864099,n/a,0.09759752277630596,0.0,0.0,0.0,0.0,0.0
1789986097,38733398,n/a,0.09759752277630596,0.0,0.0,0.0,0.0,0.0
1789986097,60026204,n/a,0.09759752277630596,0.0,0.0,0.0,0.0,0.0
1789986097,77351199,n/a,0.09759752277630596,0.0,0.0,0.0,0.0,0.0
1789986097,104464301,n/a,0.09759752277630596,0.0,0.0,0.0,0.0,0.0
1789986097,116169111,n/a,0.09759752277630596,0.0,0.0,0.0,0.0,0.0
1789986097,139535432,n/a,0.09759752277630596,0.0,0.0,0.0,0.0,0.0
1789986097,155656509,n/a,0.09759752277630596,0.0,0.0,0.0,0.0,0.0
1789986097,177628270,n/a,0.09759752277630596,0.0,0.0,0.0,0.0,0.0
1789986097,199345756,n/a,0.09759752277630596,0.0,0.0,0.0,0.0,0.0
1789986097,214962717,n/a,0.09759752277630596,0.0,0.0,0.0,0.0,0.0
1789986097,237275807,n/a,0.09759752277630596,0.0,0.0,0.0,0.0,0.0
1789986097,259606575,n/a,0.09759752277630596,0.0,0.0,0.0,0.0,0.0
1789986097,276470040,n/a,0.09759752277630596,0.0,0.0,0.0,0.0,0.0
1789986097,298021379,n/a,0.09759752277630596,0.0,0.0,0.0,0.0,0.0
1789986097,319368753,n/a,0.09759752277630596,0.0,0.0,0.0,0.0,0.0
1789986097,336287607,n/a,0.09759752277630596,0.0,0.0,0.0,0.0,0.0
1789986097,358875691,n/a,0.09759752277630596,0.0,0.0,0.0,0.0,0.0
1789986097,375564717,n/a,0.09759752277630596,0.0,0.0,0.0,0.0,0.0
1789986097,397854479,n/a,0.09759752277630596,0.0,0.0,0.0,0.0,0.0
1789986097,423548488,n/a,0.09759752277630596,0.0,0.0,0.0,0.0,0.0
1789986097,436166809,n/a,0.09759752277630596,0.0,0.0,0.0,0.0,0.0
1789986097,457472036,n/a,0.09759752277630596,0.0,0.0,0.0,0.0,0.0
1789986097,480479480,n/a,0.09759752277630596,0.0,0.0,0.0,0.0,0.0
1789986097,497099491,n/a,0.09759752277630596,0.0,0.0,0.0,0.0,0.0
1789986097,518520543,n/a,0.09759752277630596,0.0,0.0,0.0,0.0,0.0
1789986097,540586205,n/a,0.09759752277630596,0.0,0.0,0.0,0.0,0.0
1789986097,557009267,n/a,0.09759752277630596,0.0,0.0,0.0,0.0,0.0
1789986097,578669197,n/a,0.09759752277630596,0.0,0.0,0.0,0.0,0.0
1789986097,595115094,n/a,0.09759752277630596,0.0,0.0,0.0,0.0,0.0
1789986097,617215373,n/a,0.09759752277630596,0.0,0.0,0.0,0.0,0.0
1789986097,637288273,n/a,0.09759752277630596,0.0,0.0,0.0,0.0,0.0
1789986097,655314843,n/a,0.09759752277630596,0.0,0.0,0.0,0.0,0.0
1789986097,677536826,n/a,0.09759752277630596,0.0,0.0,0.0,0.0,0.0
1789986097,699583773,n/a,0.09759752277630596,0.0,0.0,0.0,0.0,0.0
1789986097,717052393,n/a,0.09759752277630596,0.0,0.0,0.0,0.0,0.0
1789986097,740469490,n/a,0.09759752277630596,0.0,0.0,0.0,0.0,0.0
1789986097,760284870,n/a,0.09759752277630596,0.0,0.0,0.0,0.0,0.0
1789986097,777841666,n/a,0.09759752277630596,0.0,0.0,0.0,0.0,0.0
1789986097,799569901,n/a,0.09759752277630596,0.0,0.0,0.0,0.0,0.0
1789986097,815557681,n/a,0.09759752277630596,0.0,0.0,0.0,0.0,0.0
1789986097,838837932,n/a,0.09759752277630596,0.0,0.0,0.0,0.0,0.0
1789986097,859464815,n/a,0.09759752277630596,0.0,0.0,0.0,0.0,0.0
1789986097,876638525,n/a,0.09759752277630596,0.0,0.0,0.0,0.0,0.0
1789986097,899469243,n/a,0.09759752277630596,0.0,0.0,0.0,0.0,0.0
1789986097,915745232,n/a,0.09759752277630596,0.0,0.0,0.0,0.0,0.0
1789986097,937604636,n/a,0.09759752277630596,0.0,0.0,0.0,0.0,0.0
1789986097,956428181,n/a,0.09759752277630596,0.0,0.0,0.0,0.0,0.0
1789986097,977653533,n/a,0.09759752277630596,0.0,0.0,0.0,0.0,0.0
1789986097,996079515,n/a,0.09759752277630596,0.0,0.0,0.0,0.0,0.0
1789986098,18964186,n/a,0.09759752277630596,0.0,0.0,0.0,0.0,0.0
1789986098,37029559,n/a,0.09759752277630596,0.0,0.0,0.0,0.0,0.0
1789986098,55113098,n/a,0.09759752277630596,0.0,0.0,0.0,0.0,0.0
1789986098,77376506,n/a,0.09759752277630596,0.0,0.0,0.0,0.0,0.0
1789986098,100235116,n/a,0.09759752277630596,0.0,0.0,0.0,0.0,0.0
1789986098,116393664,n/a,0.09759752277630596,0.0,0.0,0.0,0.0,0.0
1789986098,139140072,n/a,0.09759752277630596,0.0,0.0,0.0,0.0,0.0
1789986098,159911832,n/a,0.09759752277630596,0.0,0.0,0.0,0.0,0.0
1789986098,178051740,n/a,0.09759752277630596,0.0,0.0,0.0,0.0,0.0
1789986098,197789745,n/a,0.09759752277630596,0.0,0.0,0.0,0.0,0.0
1789986098,219571746,n/a,0.09759752277630596,0.0,0.0,0.0,0.0,0.0
1789986098,235857627,n/a,0.3489716610046545,0.0,0.0,0.0,0.0,0.0
1789986098,257975963,n/a,0.3489716610046545,0.0,0.0,0.0,0.0,0.0
1789986098,278940284,n/a,0.3489716610046545,0.0,0.0,0.0,0.0,0.0
1789986098,299314738,n/a,0.3489716610046545,0.0,0.0,0.0,0.0,0.0
1789986098,315371117,n/a,0.3489716610046545,0.0,0.0,0.0,0.0,0.0
1789986098,336853413,n/a,0.3489716610046545,0.0,0.0,0.0,0.0,0.0
1789986098,357890579,n/a,0.3489716610046545,0.0,0.0,0.0,0.0,0.0
1789986098,378896283,n/a,0.3489716610046545,0.0,0.0,0.0,0.0,0.0
1789986098,399430043,n/a,0.3489716610046545,0.0,0.0,0.0,0.0,0.0
1789986098,415328840,n/a,0.3489716610046545,0.0,0.0,0.0,0.0,0.0
1789986098,438164411,n/a,0.3489716610046545,0.0,0.0,0.0,0.0,0.0
1789986098,458890781,n/a,0.3489716610046545,0.0,0.0,0.0,0.0,0.0
1789986098,479767026,n/a,0.3489716610046545,0.0,0.0,0.0,0.0,0.0
1789986098,499610323,n/a,0.3489716610046545,0.0,0.0,0.0,0.0,0.0
1789986098,515332289,n/a,0.3489716610046545,0.0,0.0,0.0,0.0,0.0
1789986098,537796201,n/a,0.3489716610046545,0.0,0.0,0.0,0.0,0.0
1789986098,559315774,n/a,0.3489716610046545,0.0,0.0,0.0,0.0,0.0
1789986098,579744021,n/a,0.3489716610046545,0.0,0.0,0.0,0.0,0.0
1789986098,600189568,n/a,0.3489716610046545,0.0,0.0,0.0,0.0,0.0
1789986098,616150736,n/a,0.3489716610046545,0.0,0.0,0.0,0.0,0.0
1789986098,637482407,n/a,0.3489716610046545,0.0,0.0,0.0,0.0,0.0
1789986098,658461480,n/a,0.3489716610046545,0.0,0.0,0.0,0.0,0.0
1789986098,679300116,n/a,0.3489716610046545,0.0,0.0,0.0,0.0,0.0
1789986098,699235467,n/a,0.3489716610046545,0.0,0.0,0.0,0.0,0.0
1789986098,720934955,n/a,0.3489716610046545,0.0,0.0,0.0,0.0,0.0
1789986098,737487720,n/a,0.3489716610046545,0.0,0.0,0.0,0.0,0.0
1789986098,757727222,n/a,0.3489716610046545,0.0,0.0,0.0,0.0,0.0
1789986098,778861662,n/a,0.3489716610046545,0.0,0.0,0.0,0.0,0.0
1789986098,798746808,n/a,0.3489716610046545,0.0,0.0,0.0,0.0,0.0
1789986098,815065343,n/a,0.3489716610046545,0.0,0.0,0.0,0.0,0.0
1789986098,837570111,n/a,0.3489716610046545,0.0,0.0,0.0,0.0,0.0
1789986098,858091677,n/a,0.3489716610046545,0.0,0.0,0.0,0.0,0.0
1789986098,878734838,n/a,0.3489716610046545,0.0,0.0,0.0,0.0,0.0
1789986098,896379102,n/a,0.3489716610046545,0.0,0.0,0.0,0.0,0.0
1789986098,915156473,n/a,0.3489716610046545,0.0,0.0,0.0,0.0,0.0
1789986098,937156462,n/a,0.3489716610046545,0.0,0.0,0.0,0.0,0.0
1789986098,959089610,n/a,0.3489716610046545,0.0,0.0,0.0,0.0,0.0
1789986098,979923543,n/a,0.3489716610046545,0.0,0.0,0.0,0.0,0.0
1789986098,995659753,n/a,0.3489716610046545,0.0,0.0,0.0,0.0,0.0
1789986099,15958981,n/a,0.3489716610046545,0.0,0.0,0.0,0.0,0.0
1789986099,38294030,n/a,0.3489716610046545,0.0,0.0,0.0,0.0,0.0
1789986099,58956405,n/a,0.3489716610046545,0.0,0.0,0.0,0.0,0.0
1789986099,75622484,n/a,0.3489716610046545,0.0,0.0,0.0,0.0,0.0
1789986099,96229486,n/a,0.3489716610046545,0.0,0.0,0.0,0.0,0.0
1789986099,116066269,n/a,0.3489716610046545,0.0,0.0,0.0,0.0,0.0
1789986099,138467166,n/a,-0.12207673991087375,0.0,0.0,0.0,0.0,0.0
1789986099,159970379,n/a,-0.12207673991087375,0.0,0.0,0.0,0.0,0.0
1789986099,176356978,n/a,-0.12207673991087375,0.0,0.0,0.0,0.0,0.0
1789986099,198146973,n/a,-0.12207673991087375,0.0,0.0,0.0,0.0,0.0
1789986099,218948979,n/a,-0.12207673991087375,0.0,0.0,0.0,0.0,0.0
1789986099,236005634,n/a,-0.12207673991087375,0.0,0.0,0.0,0.0,0.0
1789986099,258655381,n/a,-0.12207673991087375,0.0,0.0,0.0,0.0,0.0
1789986099,275109295,n/a,-0.12207673991087375,0.0,0.0,0.0,0.0,0.0
1789986099,297468533,n/a,-0.12207673991087375,0.0,0.0,0.0,0.0,0.0
1789986099,319630684,n/a,-0.12207673991087375,0.0,0.0,0.0,0.0,0.0
1789986099,337054227,n/a,-0.12207673991087375,0.0,0.0,0.0,0.0,0.0
1789986099,359061164,n/a,-0.12207673991087375,0.0,0.0,0.0,0.0,0.0
1789986099,377241722,n/a,-0.12207673991087375,0.0,0.0,0.0,0.0,0.0
1789986099,400057807,n/a,-0.12207673991087375,0.0,0.0,0.0,0.0,0.0
1789986099,417888988,n/a,-0.12207673991087375,0.0,0.0,0.0,0.0,0.0
1789986099,436099910,n/a,-0.12207673991087375,0.0,0.0,0.0,0.0,0.0
1789986099,458372909,n/a,-0.12207673991087375,0.0,0.0,0.0,0.0,0.0
1789986099,475741593,n/a,-0.12207673991087375,0.0,0.0,0.0,0.0,0.0
1789986099,499123344,n/a,-0.12207673991087375,0.0,0.0,0.0,0.0,0.0
1789986099,516658151,n/a,-0.12207673991087375,0.0,0.0,0.0,0.0,0.0
1789986099,546627093,n/a,-0.12207673991087375,0.0,0.0,0.0,0.0,0.0
1789986099,558591745,n/a,-0.12207673991087375,0.0,0.0,0.0,0.0,0.0
1789986099,575989518,n/a,-0.12207673991087375,0.0,0.0,0.0,0.0,0.0
1789986099,599087127,n/a,-0.12207673991087375,0.0,0.0,0.0,0.0,0.0
1789986099,616422315,n/a,-0.12207673991087375,0.0,0.0,0.0,0.0,0.0
1789986099,639890491,n/a,-0.12207673991087375,0.0,0.0,0.0,0.0,0.0
1789986099,656328543,n/a,-0.12207673991087375,0.0,0.0,0.0,0.0,0.0
1789986099,675971035,n/a,-0.12207673991087375,0.0,0.0,0.0,0.0,0.0
1789986099,698591468,n/a,-0.12207673991087375,0.0,0.0,0.0,0.0,0.0
1789986099,715496006,n/a,-0.12207673991087375,0.0,0.0,0.0,0.0,0.0
1789986099,739107417,n/a,-0.12207673991087375,0.0,0.0,0.0,0.0,0.0
1789986099,756018295,n/a,-0.12207673991087375,0.0,0.0,0.0,0.0,0.0
1789986099,779521945,n/a,-0.12207673991087375,0.0,0.0,0.0,0.0,0.0
1789986099,796486490,n/a,-0.12207673991087375,0.0,0.0,0.0,0.0,0.0
1789986099,819302439,n/a,-0.12207673991087375,0.0,0.0,0.0,0.0,0.0
1789986099,836228468,n/a,-0.12207673991087375,0.0,0.0,0.0,0.0,0.0
1789986099,859839315,n/a,-0.12207673991087375,0.0,0.0,0.0,0.0,0.0
1789986099,882352399,n/a,-0.12207673991087375,0.0,0.0,0.0,0.0,0.0
1789986099,900664074,n/a,-0.12207673991087375,0.0,0.0,0.0,0.0,0.0
1789986099,918740870,n/a,-0.12207673991087375,0.0,0.0,0.0,0.0,0.0
1789986099,935567317,n/a,-0.12207673991087375,0.0,0.0,0.0,0.0,0.0
1789986099,957498267,n/a,-0.12207673991087375,0.0,0.0,0.0,0.0,0.0
1789986099,979531202,n/a,-0.12207673991087375,0.0,0.0,0.0,0.0,0.0
1789986099,998150213,n/a,-0.12207673991087375,0.0,0.0,0.0,0.0,0.0
1789986100,15925862,n/a,-0.12207673991087375,0.0,0.0,0.0,0.0,0.0
1789986100,39321470,n/a,-0.12207673991087375,0.0,0.0,0.0,0.0,0.0
1789986100,55884616,n/a,-0.12207673991087375,0.0,0.0,0.0,0.0,0.0
1789986100,79411230,n/a,-0.12207673991087375,0.0,0.0,0.0,0.0,0.0
1789986100,95604314,n/a,-0.12207673991087375,0.0,0.0,0.0,0.0,0.0
1789986100,118381624,n/a,-0.12207673991087375,0.0,0.0,0.0,0.0,0.0
1789986100,135746283,n/a,-0.12207673991087375,0.0,0.0,0.0,0.0,0.0
1789986100,157582042,n/a,-0.12207673991087375,0.0,0.0,0.0,0.0,0.0
1789986100,179573318,n/a,-0.12207673991087375,0.0,0.0,0.0,0.0,0.0
1789986100,196498525,n/a,-0.12207673991087375,0.0,0.0,0.0,0.0,0.0
1789986100,217609111,n/a,-0.12207673991087375,0.0,0.0,0.0,0.0,0.0
1789986100,239923797,n/a,-0.12207673991087375,0.0,0.0,0.0,0.0,0.0
1789986100,256994223,n/a,-0.12207673991087375,0.0,0.0,0.0,0.0,0.0
1789986100,279624043,n/a,0.5568852300002916,0.0,0.0,0.0,0.0,0.0
1789986100,295885402,n/a,0.5568852300002916,0.0,0.0,0.0,0.0,0.0
1789986100,325035284,n/a,0.5568852300002916,0.0,0.0,0.0,0.0,0.0
1789986100,336174958,n/a,0.5568852300002916,0.0,0.0,0.0,0.0,0.0
1789986100,357438105,n/a,0.5568852300002916,0.0,0.0,0.0,0.0,0.0
1789986100,379719430,n/a,0.5568852300002916,0.0,0.0,0.0,0.0,0.0
1789986100,396084127,n/a,0.5568852300002916,0.0,0.0,0.0,0.0,0.0
1789986100,417522908,n/a,0.5568852300002916,0.0,0.0,0.0,0.0,0.0
1789986100,439721094,n/a,0.5568852300002916,0.0,0.0,0.0,0.0,0.0
1789986100,455849668,n/a,0.5568852300002916,0.0,0.0,0.0,0.0,0.0
1789986100,478105084,n/a,0.5568852300002916,0.0,0.0,0.0,0.0,0.0
1789986100,495144123,n/a,0.5568852300002916,0.0,0.0,0.0,0.0,0.0
1789986100,518027821,n/a,0.5568852300002916,0.0,0.0,0.0,0.0,0.0
1789986100,539786271,n/a,0.5568852300002916,0.0,0.0,0.0,0.0,0.0
1789986100,556003486,n/a,0.5568852300002916,0.0,0.0,0.0,0.0,0.0
1789986100,577679897,n/a,0.5568852300002916,0.0,0.0,0.0,0.0,0.0
1789986100,599185543,n/a,0.5568852300002916,0.0,0.0,0.0,0.0,0.0
1789986100,616000734,n/a,0.5568852300002916,0.0,0.0,0.0,0.0,0.0
1789986100,643753941,n/a,0.5568852300002916,0.0,0.0,0.0,0.0,0.0
1789986100,655926164,n/a,0.5568852300002916,0.0,0.0,0.0,0.0,0.0
1789986100,677951766,n/a,0.5568852300002916,0.0,0.0,0.0,0.0,0.0
1789986100,699809816,n/a,0.5568852300002916,0.0,0.0,0.0,0.0,0.0
1789986100,716748250,n/a,0.5568852300002916,0.0,0.0,0.0,0.0,0.0
1789986100,739131133,n/a,0.5568852300002916,0.0,0.0,0.0,0.0,0.0
1789986100,759984675,n/a,0.5568852300002916,0.0,0.0,0.0,0.0,0.0
1789986100,777801935,n/a,0.5568852300002916,0.0,0.0,0.0,0.0,0.0
1789986100,799597425,n/a,0.5568852300002916,0.0,0.0,0.0,0.0,0.0
1789986100,815552813,n/a,0.5568852300002916,0.0,0.0,0.0,0.0,0.0
1789986100,837969636,n/a,0.5568852300002916,0.0,0.0,0.0,0.0,0.0
1789986100,858204713,n/a,0.5568852300002916,0.0,0.0,0.0,0.0,0.0
1789986100,875139711,n/a,0.5568852300002916,0.0,0.0,0.0,0.0,0.0
1789986100,897390093,n/a,0.5568852300002916,0.0,0.0,0.0,0.0,0.0
1789986100,918900686,n/a,0.5568852300002916,0.0,0.0,0.0,0.0,0.0
1789986100,935274582,n/a,0.5568852300002916,0.0,0.0,0.0,0.0,0.0
1789986100,958732397,n/a,0.5568852300002916,0.0,0.0,0.0,0.0,0.0
1789986100,978156987,n/a,0.5568852300002916,0.0,0.0,0.0,0.0,0.0
1789986100,999585930,n/a,0.5568852300002916,0.0,0.0,0.0,0.0,0.0
1789986101,16178922,n/a,0.5568852300002916,0.0,0.0,0.0,0.0,0.0
1789986101,38346087,n/a,0.5568852300002916,0.0,0.0,0.0,0.0,0.0
1789986101,59241016,n/a,0.5568852300002916,0.0,0.0,0.0,0.0,0.0
1789986101,75693585,n/a,0.5568852300002916,0.0,0.0,0.0,0.0,0.0
1789986101,98174359,n/a,0.5568852300002916,0.0,0.0,0.0,0.0,0.0
1789986101,120030760,n/a,0.5568852300002916,0.0,0.0,0.0,0.0,0.0
1789986101,137133261,n/a,0.5568852300002916,0.0,0.0,0.0,0.0,0.0
1789986101,157829280,n/a,0.5568852300002916,0.0,0.0,0.0,0.0,0.0
1789986101,179040584,n/a,0.5568852300002916,0.0,0.0,0.0,0.0,0.0
1789986101,196172300,n/a,0.5568852300002916,0.0,0.0,0.0,0.0,0.0
1789986101,217860365,n/a,0.5568852300002916,0.0,0.0,0.0,0.0,0.0
1789986101,240554096,n/a,0.5568852300002916,0.0,0.0,0.0,0.0,0.0
1789986101,257200074,n/a,0.5568852300002916,0.0,0.0,0.0,0.0,0.0
1789986101,283523148,n/a,0.5568852300002916,0.0,0.0,0.0,0.0,0.0
1789986101,300052451,n/a,0.5568852300002916,0.0,0.0,0.0,0.0,0.0
1789986101,317450720,n/a,0.5568852300002916,0.0,0.0,0.0,0.0,0.0
1789986101,339588732,n/a,0.5568852300002916,0.0,0.0,0.0,0.0,0.0
1789986101,355625088,n/a,0.5568852300002916,0.0,0.0,0.0,0.0,0.0
1789986101,378090911,n/a,0.5568852300002916,0.0,0.0,0.0,0.0,0.0
1789986101,399471838,n/a,0.5568852300002916,0.0,0.0,0.0,0.0,0.0
1789986101,415684699,n/a,0.5568852300002916,0.0,0.0,0.0,0.0,0.0
1789986101,438578815,n/a,-0.21348981007154788,0.0,0.0,0.0,0.0,0.0
1789986101,459825101,n/a,-0.21348981007154788,0.0,0.0,0.0,0.0,0.0
1789986101,476540677,n/a,-0.21348981007154788,0.0,0.0,0.0,0.0,0.0
1789986101,498294936,n/a,-0.21348981007154788,0.0,0.0,0.0,0.0,0.0
1789986101,519995339,n/a,-0.21348981007154788,0.0,0.0,0.0,0.0,0.0
1789986101,536498577,n/a,-0.21348981007154788,0.0,0.0,0.0,0.0,0.0
1789986101,560650877,n/a,-0.21348981007154788,0.0,0.0,0.0,0.0,0.0
1789986101,579442191,n/a,-0.21348981007154788,0.0,0.0,0.0,0.0,0.0
1789986101,595423018,n/a,-0.21348981007154788,0.0,0.0,0.0,0.0,0.0
1789986101,618092912,n/a,-0.21348981007154788,0.0,0.0,0.0,0.0,0.0
1789986101,640236721,n/a,-0.21348981007154788,0.0,0.0,0.0,0.0,0.0
1789986101,656913010,n/a,-0.21348981007154788,0.0,0.0,0.0,0.0,0.0
1789986101,679184270,n/a,-0.21348981007154788,0.0,0.0,0.0,0.0,0.0
1789986101,695158779,n/a,-0.21348981007154788,0.0,0.0,0.0,0.0,0.0
1789986101,716753630,n/a,-0.21348981007154788,0.0,0.0,0.0,0.0,0.0
1789986101,738498456,n/a,-0.21348981007154788,0.0,0.0,0.0,0.0,0.0
1789986101,759843456,n/a,-0.21348981007154788,0.0,0.0,0.0,0.0,0.0
1789986101,776122183,n/a,-0.21348981007154788,0.0,0.0,0.0,0.0,0.0
1789986101,798239986,n/a,-0.21348981007154788,0.0,0.0,0.0,0.0,0.0
1789986101,818711622,n/a,-0.21348981007154788,0.0,0.0,0.0,0.0,0.0
1789986101,836627419,n/a,-0.21348981007154788,0.0,0.0,0.0,0.0,0.0
1789986101,858118025,n/a,-0.21348981007154788,0.0,0.0,0.0,0.0,0.0
1789986101,880086241,n/a,-0.21348981007154788,0.0,0.0,0.0,0.0,0.0
1789986101,896929528,n/a,-0.21348981007154788,0.0,0.0,0.0,0.0,0.0
1789986101,921891005,n/a,-0.21348981007154788,0.0,0.0,0.0,0.0,0.0
1789986101,940261146,n/a,-0.21348981007154788,0.0,0.0,0.0,0.0,0.0
1789986101,957217596,n/a,-0.21348981007154788,0.0,0.0,0.0,0.0,0.0
1789986101,978593399,n/a,-0.21348981007154788,0.0,0.0,0.0,0.0,0.0
1789986101,999924703,n/a,-0.21348981007154788,0.0,0.0,0.0,0.0,0.0
1789986102,15853804,n/a,-0.21348981007154788,0.0,0.0,0.0,0.0,0.0
1789986102,38670175,n/a,-0.21348981007154788,0.0,0.0,0.0,0.0,0.0
1789986102,55520816,n/a,-0.21348981007154788,0.0,0.0,0.0,0.0,0.0
1789986102,75147899,n/a,-0.21348981007154788,0.0,0.0,0.0,0.0,0.0
1789986102,96851699,n/a,-0.21348981007154788,0.0,0.0,0.0,0.0,0.0
1789986102,118702543,n/a,-0.21348981007154788,0.0,0.0,0.0,0.0,0.0
1789986102,139398539,n/a,-0.21348981007154788,0.0,0.0,0.0,0.0,0.0
1789986102,156743184,n/a,-0.21348981007154788,0.0,0.0,0.0,0.0,0.0
1789986102,178808507,n/a,-0.21348981007154788,0.0,0.0,0.0,0.0,0.0
1789986102,195533275,n/a,-0.21348981007154788,0.0,0.0,0.0,0.0,0.0
1789986102,216625844,n/a,-0.21348981007154788,0.0,0.0,0.0,0.0,0.0
1789986102,238447406,n/a,-0.21348981007154788,0.0,0.0,0.0,0.0,0.0
1789986102,258586192,n/a,-0.21348981007154788,0.0,0.0,0.0,0.0,0.0
1789986102,280759374,n/a,-0.21348981007154788,0.0,0.0,0.0,0.0,0.0
1789986102,296729061,n/a,-0.21348981007154788,0.0,0.0,0.0,0.0,0.0
1789986102,318403396,n/a,-0.21348981007154788,0.0,0.0,0.0,0.0,0.0
1789986102,339549140,n/a,-0.21348981007154788,0.0,0.0,0.0,0.0,0.0
1789986102,359529026,n/a,-0.21348981007154788,0.0,0.0,0.0,0.0,0.0
1789986102,376405333,n/a,-0.21348981007154788,0.0,0.0,0.0,0.0,0.0
1789986102,398134853,n/a,-0.21348981007154788,0.0,0.0,0.0,0.0,0.0
1789986102,419725675,n/a,-0.21348981007154788,0.0,0.0,0.0,0.0,0.0
1789986102,436478714,n/a,-0.21348981007154788,0.0,0.0,0.0,0.0,0.0
1789986102,456371311,n/a,-0.21348981007154788,0.0,0.0,0.0,0.0,0.0
1789986102,477925059,n/a,-0.21348981007154788,0.0,0.0,0.0,0.0,0.0
1789986102,499705581,n/a,-0.21348981007154788,0.0,0.0,0.0,0.0,0.0
1789986102,515418263,n/a,-0.21348981007154788,0.0,0.0,0.0,0.0,0.0
1789986102,537518710,n/a,-0.9408500720661859,0.0,0.0,0.0,0.0,0.0
1789986102,557421911,n/a,-0.9408500720661859,0.0,0.0,0.0,0.0,0.0
1789986102,579745869,n/a,-0.9408500720661859,0.0,0.0,0.0,0.0,0.0
1789986102,596322203,n/a,-0.9408500720661859,0.0,0.0,0.0,0.0,0.0
1789986102,618051122,n/a,-0.9408500720661859,0.0,0.0,0.0,0.0,0.0
1789986102,639622569,n/a,-0.9408500720661859,0.0,0.0,0.0,0.0,0.0
1789986102,658463752,n/a,-0.9408500720661859,0.0,0.0,0.0,0.0,0.0
1789986102,676582400,n/a,-0.9408500720661859,0.0,0.0,0.0,0.0,0.0
1789986102,698006093,n/a,-0.9408500720661859,0.0,0.0,0.0,0.0,0.0
1789986102,720067054,n/a,-0.9408500720661859,0.0,0.0,0.0,0.0,0.0
1789986102,736081313,n/a,-0.9408500720661859,0.0,0.0,0.0,0.0,0.0
1789986102,758144112,n/a,-0.9408500720661859,0.0,0.0,0.0,0.0,0.0
1789986102,779052947,n/a,-0.9408500720661859,0.0,0.0,0.0,0.0,0.0
1789986102,796277581,n/a,-0.9408500720661859,0.0,0.0,0.0,0.0,0.0
1789986102,817719420,n/a,-0.9408500720661859,0.0,0.0,0.0,0.0,0.0
1789986102,840243972,n/a,-0.9408500720661859,0.0,0.0,0.0,0.0,0.0
1789986102,856261924,n/a,-0.9408500720661859,0.0,0.0,0.0,0.0,0.0
1789986102,877223552,n/a,0.406764177207672,0.0,0.0,0.0,0.0,0.0
1789986102,900220870,n/a,0.406764177207672,0.0,0.0,0.0,0.0,0.0
1789986102,916969448,n/a,0.406764177207672,0.0,0.0,0.0,0.0,0.0
1789986102,938729065,n/a,0.406764177207672,0.0,0.0,0.0,0.0,0.0
1789986102,955150604,n/a,0.406764177207672,0.0,0.0,0.0,0.0,0.0
1789986102,980901965,n/a,0.406764177207672,0.0,0.0,0.0,0.0,0.0
1789986102,997327097,n/a,0.406764177207672,0.0,0.0,0.0,0.0,0.0
1789986103,19835390,n/a,0.406764177207672,0.0,0.0,0.0,0.0,0.0
1789986103,36755037,n/a,0.406764177207672,0.0,0.0,0.0,0.0,0.0
1789986103,57413411,n/a,0.406764177207672,0.0,0.0,0.0,0.0,0.0
1789986103,82963014,n/a,0.406764177207672,0.0,0.0,0.0,0.0,0.0
1789986103,99744734,n/a,0.406764177207672,0.0,0.0,0.0,0.0,0.0
1789986103,116094461,n/a,0.406764177207672,0.0,0.0,0.0,0.0,0.0
1789986103,138894230,n/a,0.406764177207672,0.0,0.0,0.0,0.0,0.0
1789986103,160045769,n/a,0.406764177207672,0.0,0.0,0.0,0.0,0.0
1789986103,175820166,n/a,0.406764177207672,0.0,0.0,0.0,0.0,0.0
1789986103,197060732,n/a,0.406764177207672,0.0,0.0,0.0,0.0,0.0
1789986103,218558048,n/a,0.406764177207672,0.0,0.0,0.0,0.0,0.0
1789986103,235482781,n/a,0.406764177207672,0.0,0.0,0.0,0.0,0.0
1789986103,257122651,n/a,0.406764177207672,0.0,0.0,0.0,0.0,0.0
1789986103,278172647,n/a,0.406764177207672,0.0,0.0,0.0,0.0,0.0
1789986103,298033462,n/a,0.406764177207672,0.0,0.0,0.0,0.0,0.0
1789986103,319397075,n/a,0.406764177207672,0.0,0.0,0.0,0.0,0.0
1789986103,336032533,n/a,0.406764177207672,0.0,0.0,0.0,0.0,0.0
1789986103,357222929,n/a,0.406764177207672,0.0,0.0,0.0,0.0,0.0
1789986103,379032064,n/a,0.406764177207672,0.0,0.0,0.0,0.0,0.0
1789986103,398842723,n/a,0.406764177207672,0.0,0.0,0.0,0.0,0.0
1789986103,415258146,n/a,0.406764177207672,0.0,0.0,0.0,0.0,0.0
1789986103,437499111,n/a,0.406764177207672,0.0,0.0,0.0,0.0,0.0
1789986103,458410256,n/a,0.406764177207672,0.0,0.0,0.0,0.0,0.0
1789986103,480888709,n/a,0.406764177207672,0.0,0.0,0.0,0.0,0.0
1789986103,500717095,n/a,0.406764177207672,0.0,0.0,0.0,0.0,0.0
1789986103,517389808,n/a,0.406764177207672,0.0,0.0,0.0,0.0,0.0
1789986103,539117558,n/a,0.406764177207672,0.0,0.0,0.0,0.0,0.0
1789986103,555823683,n/a,0.406764177207672,0.0,0.0,0.0,0.0,0.0
1789986103,577087093,n/a,0.406764177207672,0.0,0.0,0.0,0.0,0.0
1789986103,601927554,n/a,0.406764177207672,0.0,0.0,0.0,0.0,0.0
1789986103,619994157,n/a,0.406764177207672,0.0,0.0,0.0,0.0,0.0
1789986103,636527851,n/a,0.406764177207672,0.0,0.0,0.0,0.0,0.0
1789986103,658125351,n/a,0.406764177207672,0.0,0.0,0.0,0.0,0.0
1789986103,679487947,n/a,0.406764177207672,0.0,0.0,0.0,0.0,0.0
1789986103,695205520,n/a,0.406764177207672,0.0,0.0,0.0,0.0,0.0
1789986103,715239694,n/a,0.406764177207672,0.0,0.0,0.0,0.0,0.0
1789986103,738182840,n/a,0.406764177207672,0.0,0.0,0.0,0.0,0.0
1789986103,759401737,n/a,0.406764177207672,0.0,0.0,0.0,0.0,0.0
1789986103,775721526,n/a,0.406764177207672,0.0,0.0,0.0,0.0,0.0
1789986103,797025820,n/a,0.406764177207672,0.0,0.0,0.0,0.0,0.0
1789986103,816719327,n/a,0.406764177207672,0.0,0.0,0.0,0.0,0.0
1789986103,839454786,n/a,0.406764177207672,0.0,0.0,0.0,0.0,0.0
1789986103,855824016,n/a,0.406764177207672,0.0,0.0,0.0,0.0,0.0
1789986103,877080672,n/a,0.406764177207672,0.0,0.0,0.0,0.0,0.0
1789986103,898152525,n/a,0.406764177207672,0.0,0.0,0.0,0.0,0.0
1789986103,918585202,n/a,0.406764177207672,0.0,0.0,0.0,0.0,0.0
1789986103,935254652,n/a,0.406764177207672,0.0,0.0,0.0,0.0,0.0
1789986103,957226271,n/a,0.406764177207672,0.0,0.0,0.0,0.0,0.0
1789986103,979531576,n/a,0.406764177207672,0.0,0.0,0.0,0.0,0.0
1789986103,995564463,n/a,0.406764177207672,0.0,0.0,0.0,0.0,0.0
1789986104,20034538,n/a,0.406764177207672,0.0,0.0,0.0,0.0,0.0
1789986104,37716273,n/a,0.406764177207672,0.0,0.0,0.0,0.0,0.0
1789986104,60385195,n/a,0.406764177207672,0.0,0.0,0.0,0.0,0.0
1789986104,79035232,n/a,0.406764177207672,0.0,0.0,0.0,0.0,0.0
1789986104,96240301,n/a,0.406764177207672,0.0,0.0,0.0,0.0,0.0
1789986104,117746552,n/a,0.406764177207672,0.0,0.0,0.0,0.0,0.0
1789986104,139706679,n/a,0.406764177207672,0.0,0.0,0.0,0.0,0.0
1789986104,155571187,n/a,0.406764177207672,0.0,0.0,0.0,0.0,0.0
1789986104,176835185,n/a,0.406764177207672,0.0,0.0,0.0,0.0,0.0
1789986104,198808567,n/a,0.406764177207672,0.0,0.0,0.0,0.0,0.0
1789986104,219960577,n/a,0.406764177207672,0.0,0.0,0.0,0.0,0.0
1789986104,240176759,n/a,0.406764177207672,0.0,0.0,0.0,0.0,0.0
1789986104,256542437,n/a,0.406764177207672,0.0,0.0,0.0,0.0,0.0
1789986104,277816810,n/a,0.406764177207672,0.0,0.0,0.0,0.0,0.0
1789986104,298850785,n/a,0.406764177207672,0.0,0.0,0.0,0.0,0.0
1789986104,320304424,n/a,0.406764177207672,0.0,0.0,0.0,0.0,0.0
1789986104,340014048,n/a,0.406764177207672,0.0,0.0,0.0,0.0,0.0
1789986104,355717023,n/a,0.406764177207672,0.0,0.0,0.0,0.0,0.0
1789986104,378102099,n/a,0.406764177207672,0.0,0.0,0.0,0.0,0.0
1789986104,399684860,n/a,0.406764177207672,0.0,0.0,0.0,0.0,0.0
1789986104,415785585,n/a,0.406764177207672,0.0,0.0,0.0,0.0,0.0
1789986104,441716089,n/a,0.406764177207672,0.0,0.0,0.0,0.0,0.0
1789986104,458364348,n/a,0.406764177207672,0.0,0.0,0.0,0.0,0.0
1789986104,474924719,n/a,0.406764177207672,0.0,0.0,0.0,0.0,0.0
1789986104,497035773,n/a,0.406764177207672,0.0,0.0,0.0,0.0,0.0
1789986104,518160527,n/a,0.406764177207672,0.0,0.0,0.0,0.0,0.0
1789986104,543052233,n/a,0.406764177207672,0.0,0.0,0.0,0.0,0.0
1789986104,559854358,n/a,0.406764177207672,0.0,0.0,0.0,0.0,0.0
1789986104,576744534,n/a,0.406764177207672,0.0,0.0,0.0,0.0,0.0
1789986104,598717891,n/a,0.406764177207672,0.0,0.0,0.0,0.0,0.0
1789986104,619890668,n/a,0.406764177207672,0.0,0.0,0.0,0.0,0.0
1789986104,636136259,n/a,0.406764177207672,0.0,0.0,0.0,0.0,0.0
1789986104,655907881,n/a,0.406764177207672,0.0,0.0,0.0,0.0,0.0
1789986104,678169016,n/a,0.406764177207672,0.0,0.0,0.0,0.0,0.0
1789986104,699993348,n/a,0.406764177207672,0.0,0.0,0.0,0.0,0.0
1789986104,716431359,n/a,0.406764177207672,0.0,0.0,0.0,0.0,0.0
1789986104,738526534,n/a,0.406764177207672,0.0,0.0,0.0,0.0,0.0
1789986104,758343732,n/a,0.406764177207672,0.0,0.0,0.0,0.0,0.0
1789986104,776443194,n/a,0.406764177207672,0.0,0.0,0.0,0.0,0.0
1789986104,801471778,n/a,0.406764177207672,0.0,0.0,0.0,0.0,0.0
1789986104,820393195,n/a,0.406764177207672,0.0,0.0,0.0,0.0,0.0
1789986104,838413609,n/a,0.18636746076011512,0.0,0.0,0.0,0.0,0.0
1789986104,855263329,n/a,0.18636746076011512,0.0,0.0,0.0,0.0,0.0
1789986104,877304907,n/a,0.18636746076011512,0.0,0.0,0.0,0.0,0.0
1789986104,899487156,n/a,0.18636746076011512,0.0,0.0,0.0,0.0,0.0
1789986104,915380604,n/a,0.18636746076011512,0.0,0.0,0.0,0.0,0.0
1789986104,937645122,n/a,0.18636746076011512,0.0,0.0,0.0,0.0,0.0
1789986104,958740136,n/a,0.18636746076011512,0.0,0.0,0.0,0.0,0.0
1789986104,979067934,n/a,0.18636746076011512,0.0,0.0,0.0,0.0,0.0
1789986104,995652980,n/a,0.18636746076011512,0.0,0.0,0.0,0.0,0.0
1789986105,16899382,n/a,0.18636746076011512,0.0,0.0,0.0,0.0,0.0
1789986105,39764123,n/a,0.18636746076011512,0.0,0.0,0.0,0.0,0.0
1789986105,56345283,n/a,0.18636746076011512,0.0,0.0,0.0,0.0,0.0
1789986105,81993229,n/a,0.18636746076011512,0.0,0.0,0.0,0.0,0.0
1789986105,100235785,n/a,0.18636746076011512,0.0,0.0,0.0,0.0,0.0
1789986105,117628635,n/a,0.18636746076011512,0.0,0.0,0.0,0.0,0.0
1789986105,135150361,n/a,0.18636746076011512,0.0,0.0,0.0,0.0,0.0
1789986105,158869025,n/a,0.18636746076011512,0.0,0.0,0.0,0.0,0.0
1789986105,176039675,n/a,0.18636746076011512,0.0,0.0,0.0,0.0,0.0
1789986105,199434298,n/a,0.18636746076011512,0.0,0.0,0.0,0.0,0.0
1789986105,218309293,n/a,0.18636746076011512,0.0,0.0,0.0,0.0,0.0
1789986105,236555234,n/a,0.18636746076011512,0.0,0.0,0.0,0.0,0.0
1789986105,259925391,n/a,0.18636746076011512,0.0,0.0,0.0,0.0,0.0
1789986105,277261740,n/a,0.18636746076011512,0.0,0.0,0.0,0.0,0.0
1789986105,295705407,n/a,0.18636746076011512,0.0,0.0,0.0,0.0,0.0
1789986105,318164416,n/a,0.18636746076011512,0.0,0.0,0.0,0.0,0.0
1789986105,335067175,n/a,0.18636746076011512,0.0,0.0,0.0,0.0,0.0
1789986105,357466536,n/a,0.18636746076011512,0.0,0.0,0.0,0.0,0.0
1789986105,380026623,n/a,0.18636746076011512,0.0,0.0,0.0,0.0,0.0
1789986105,398220384,n/a,0.18636746076011512,0.0,0.0,0.0,0.0,0.0
1789986105,423098478,n/a,0.18636746076011512,0.0,0.0,0.0,0.0,0.0
1789986105,435212324,n/a,0.18636746076011512,0.0,0.0,0.0,0.0,0.0
1789986105,455959176,n/a,0.18636746076011512,0.0,0.0,0.0,0.0,0.0
1789986105,475695295,n/a,0.18636746076011512,0.0,0.0,0.0,0.0,0.0
1789986105,501493625,n/a,0.18636746076011512,0.0,0.0,0.0,0.0,0.0
1789986105,521358001,n/a,0.18636746076011512,0.0,0.0,0.0,0.0,0.0
1789986105,545107871,n/a,0.18636746076011512,0.0,0.0,0.0,0.0,0.0
1789986105,557474739,n/a,0.18636746076011512,0.0,0.0,0.0,0.0,0.0
1789986105,576235099,n/a,0.18636746076011512,0.0,0.0,0.0,0.0,0.0
1789986105,596048757,n/a,0.18636746076011512,0.0,0.0,0.0,0.0,0.0
1789986105,618741367,n/a,0.18636746076011512,0.0,0.0,0.0,0.0,0.0
1789986105,635966128,n/a,0.18636746076011512,0.0,0.0,0.0,0.0,0.0
1789986105,655872663,n/a,0.18636746076011512,0.0,0.0,0.0,0.0,0.0
1789986105,680109382,n/a,0.18636746076011512,0.0,0.0,0.0,0.0,0.0
1789986105,696619691,n/a,0.18636746076011512,0.0,0.0,0.0,0.0,0.0
1789986105,718087786,n/a,0.18636746076011512,0.0,0.0,0.0,0.0,0.0
1789986105,739993493,n/a,0.18636746076011512,0.0,0.0,0.0,0.0,0.0
1789986105,756229050,n/a,0.18636746076011512,0.0,0.0,0.0,0.0,0.0
1789986105,777773720,n/a,-0.6593016062886374,0.0,0.0,0.0,0.0,0.0
1789986105,799240695,n/a,-0.6593016062886374,0.0,0.0,0.0,0.0,0.0
1789986105,814823893,n/a,-0.6593016062886374,0.0,0.0,0.0,0.0,0.0
1789986105,837055482,n/a,-0.6593016062886374,0.0,0.0,0.0,0.0,0.0
1789986105,858080994,n/a,-0.6593016062886374,0.0,0.0,0.0,0.0,0.0
1789986105,874984804,n/a,-0.6593016062886374,0.0,0.0,0.0,0.0,0.0
1789986105,900367301,n/a,-0.6593016062886374,0.0,0.0,0.0,0.0,0.0
1789986105,920689321,n/a,-0.6593016062886374,0.0,0.0,0.0,0.0,0.0
1789986105,939496381,n/a,-0.6593016062886374,0.0,0.0,0.0,0.0,0.0
1789986105,955860326,n/a,-0.6593016062886374,0.0,0.0,0.0,0.0,0.0
1789986105,977943721,n/a,-0.6593016062886374,0.0,0.0,0.0,0.0,0.0
1789986105,999850133,n/a,-0.6593016062886374,0.0,0.0,0.0,0.0,0.0
1789986106,16397446,n/a,-0.6593016062886374,0.0,0.0,0.0,0.0,0.0
1789986106,39676366,n/a,-0.6593016062886374,0.0,0.0,0.0,0.0,0.0
1789986106,55775074,n/a,-0.6593016062886374,0.0,0.0,0.0,0.0,0.0
1789986106,77496368,n/a,-0.6593016062886374,0.0,0.0,0.0,0.0,0.0
1789986106,98971619,n/a,-0.6593016062886374,0.0,0.0,0.0,0.0,0.0
1789986106,115235160,n/a,-0.6593016062886374,0.0,0.0,0.0,0.0,0.0
1789986106,139766712,n/a,-0.6593016062886374,0.0,0.0,0.0,0.0,0.0
1789986106,157325865,n/a,-0.6593016062886374,0.0,0.0,0.0,0.0,0.0
1789986106,179815647,n/a,-0.6593016062886374,0.0,0.0,0.0,0.0,0.0
1789986106,197693811,n/a,-0.6593016062886374,0.0,0.0,0.0,0.0,0.0
1789986106,217528801,n/a,-0.6593016062886374,0.0,0.0,0.0,0.0,0.0
1789986106,239542442,n/a,-0.6593016062886374,0.0,0.0,0.0,0.0,0.0
1789986106,255682144,n/a,-0.6593016062886374,0.0,0.0,0.0,0.0,0.0
1789986106,277191829,n/a,-0.6593016062886374,0.0,0.0,0.0,0.0,0.0
1789986106,298089501,n/a,-0.6593016062886374,0.0,0.0,0.0,0.0,0.0
1789986106,320178525,n/a,-0.6593016062886374,0.0,0.0,0.0,0.0,0.0
1789986106,336587875,n/a,-0.6593016062886374,0.0,0.0,0.0,0.0,0.0
1789986106,358269980,n/a,-0.6593016062886374,0.0,0.0,0.0,0.0,0.0
1789986106,375578753,n/a,-0.6593016062886374,0.0,0.0,0.0,0.0,0.0
1789986106,397165642,n/a,-0.6593016062886374,0.0,0.0,0.0,0.0,0.0
1789986106,417887054,n/a,-0.6593016062886374,0.0,0.0,0.0,0.0,0.0
1789986106,439578173,n/a,-0.6593016062886374,0.0,0.0,0.0,0.0,0.0
1789986106,455866817,n/a,-0.6593016062886374,0.0,0.0,0.0,0.0,0.0
1789986106,477947384,n/a,-0.6593016062886374,0.0,0.0,0.0,0.0,0.0
1789986106,499744478,n/a,-0.6593016062886374,0.0,0.0,0.0,0.0,0.0
1789986106,520888201,n/a,-0.6593016062886374,0.0,0.0,0.0,0.0,0.0
1789986106,537902649,n/a,-0.6593016062886374,0.0,0.0,0.0,0.0,0.0
1789986106,559643492,n/a,-0.6593016062886374,0.0,0.0,0.0,0.0,0.0
1789986106,576299977,n/a,-0.6593016062886374,0.0,0.0,0.0,0.0,0.0
1789986106,598276914,n/a,-0.6593016062886374,0.0,0.0,0.0,0.0,0.0
1789986106,625156440,n/a,-0.6593016062886374,0.0,0.0,0.0,0.0,0.0
1789986106,637443204,n/a,-0.6593016062886374,0.0,0.0,0.0,0.0,0.0
1789986106,659391378,n/a,-0.6593016062886374,0.0,0.0,0.0,0.0,0.0
1789986106,676141071,n/a,-0.6593016062886374,0.0,0.0,0.0,0.0,0.0
1789986106,697699814,n/a,-0.6593016062886374,0.0,0.0,0.0,0.0,0.0
1789986106,720271755,n/a,-0.6593016062886374,0.0,0.0,0.0,0.0,0.0
1789986106,736263197,n/a,-0.6593016062886374,0.0,0.0,0.0,0.0,0.0
1789986106,758427840,n/a,-0.6593016062886374,0.0,0.0,0.0,0.0,0.0
1789986106,775140776,n/a,-0.6593016062886374,0.0,0.0,0.0,0.0,0.0
1789986106,797017918,n/a,-0.6593016062886374,0.0,0.0,0.0,0.0,0.0
1789986106,818603585,n/a,-0.6593016062886374,0.0,0.0,0.0,0.0,0.0
1789986106,840318990,n/a,-0.6593016062886374,0.0,0.0,0.0,0.0,0.0
1789986106,857750522,n/a,-0.6593016062886374,0.0,0.0,0.0,0.0,0.0
1789986106,880104113,n/a,-0.6593016062886374,0.0,0.0,0.0,0.0,0.0
1789986106,896134042,n/a,0.9641532750770685,0.0,0.0,0.0,0.0,0.0
1789986106,918206634,n/a,0.9641532750770685,0.0,0.0,0.0,0.0,0.0
1789986106,941401909,n/a,0.9641532750770685,0.0,0.0,0.0,0.0,0.0
1789986106,955312967,n/a,0.9641532750770685,0.0,0.0,0.0,0.0,0.0
1789986106,977474608,n/a,0.9641532750770685,0.0,0.0,0.0,0.0,0.0
1789986106,999288775,n/a,0.9641532750770685,0.0,0.0,0.0,0.0,0.0
1789986107,15415283,n/a,0.9641532750770685,0.0,0.0,0.0,0.0,0.0
1789986107,37991407,n/a,0.9641532750770685,0.0,0.0,0.0,0.0,0.0
1789986107,58921644,n/a,0.9641532750770685,0.0,0.0,0.0,0.0,0.0
1789986107,76170712,n/a,0.9641532750770685,0.0,0.0,0.0,0.0,0.0
1789986107,98835137,n/a,0.9641532750770685,0.0,0.0,0.0,0.0,0.0
1789986107,115181768,n/a,0.9641532750770685,0.0,0.0,0.0,0.0,0.0
1789986107,137913711,n/a,0.9641532750770685,0.0,0.0,0.0,0.0,0.0
1789986107,157648444,n/a,0.9641532750770685,0.0,0.0,0.0,0.0,0.0
1789986107,178635641,n/a,0.9641532750770685,0.0,0.0,0.0,0.0,0.0
1789986107,195650191,n/a,0.9641532750770685,0.0,0.0,0.0,0.0,0.0
1789986107,218815462,n/a,0.9641532750770685,0.0,0.0,0.0,0.0,0.0
1789986107,235822196,n/a,0.9641532750770685,0.0,0.0,0.0,0.0,0.0
1789986107,257721270,n/a,0.9641532750770685,0.0,0.0,0.0,0.0,0.0
1789986107,280144127,n/a,0.9641532750770685,0.0,0.0,0.0,0.0,0.0
1789986107,296710892,n/a,0.9641532750770685,0.0,0.0,0.0,0.0,0.0
1789986107,319357993,n/a,0.9641532750770685,0.0,0.0,0.0,0.0,0.0
1789986107,336267294,n/a,0.9641532750770685,0.0,0.0,0.0,0.0,0.0
1789986107,358174584,n/a,0.9641532750770685,0.0,0.0,0.0,0.0,0.0
1789986107,378609328,n/a,0.9641532750770685,0.0,0.0,0.0,0.0,0.0
1789986107,396920944,n/a,0.9641532750770685,0.0,0.0,0.0,0.0,0.0
1789986107,419970335,n/a,0.9641532750770685,0.0,0.0,0.0,0.0,0.0
1789986107,437497566,n/a,0.9641532750770685,0.0,0.0,0.0,0.0,0.0
1789986107,459833393,n/a,0.9641532750770685,0.0,0.0,0.0,0.0,0.0
1789986107,477260420,n/a,0.9641532750770685,0.0,0.0,0.0,0.0,0.0
1789986107,495952853,n/a,0.9641532750770685,0.0,0.0,0.0,0.0,0.0
1789986107,518423261,n/a,0.9641532750770685,0.0,0.0,0.0,0.0,0.0
1789986107,538755731,n/a,0.9641532750770685,0.0,0.0,0.0,0.0,0.0
1789986107,557515234,n/a,0.9641532750770685,0.0,0.0,0.0,0.0,0.0
1789986107,580267030,n/a,0.9641532750770685,0.0,0.0,0.0,0.0,0.0
1789986107,597232763,n/a,0.9641532750770685,0.0,0.0,0.0,0.0,0.0
1789986107,620013931,n/a,0.9641532750770685,0.0,0.0,0.0,0.0,0.0
1789986107,636834061,n/a,0.9641532750770685,0.0,0.0,0.0,0.0,0.0
1789986107,659108153,n/a,0.9641532750770685,0.0,0.0,0.0,0.0,0.0
1789986107,677222707,n/a,0.9641532750770685,0.0,0.0,0.0,0.0,0.0
1789986107,699819276,n/a,0.9641532750770685,0.0,0.0,0.0,0.0,0.0
1789986107,723428437,n/a,0.9641532750770685,0.0,0.0,0.0,0.0,0.0
1789986107,740288671,n/a,0.9641532750770685,0.0,0.0,0.0,0.0,0.0
1789986107,757304783,n/a,0.9641532750770685,0.0,0.0,0.0,0.0,0.0
1789986107,780498702,n/a,0.9641532750770685,0.0,0.0,0.0,0.0,0.0
1789986107,797840687,n/a,0.9641532750770685,0.0,0.0,0.0,0.0,0.0
1789986107,820966827,n/a,0.9641532750770685,0.0,0.0,0.0,0.0,0.0
1789986107,836938137,n/a,0.9641532750770685,0.0,0.0,0.0,0.0,0.0
1789986107,858977212,n/a,0.9641532750770685,0.0,0.0,0.0,0.0,0.0
1789986107,876453496,n/a,0.9641532750770685,0.0,0.0,0.0,0.0,0.0
1789986107,898275117,n/a,0.9641532750770685,0.0,0.0,0.0,0.0,0.0
1789986107,915018358,n/a,0.9641532750770685,0.0,0.0,0.0,0.0,0.0
1789986107,935824085,n/a,0.9641532750770685,0.0,0.0,0.0,0.0,0.0
1789986107,960117411,n/a,0.9641532750770685,0.0,0.0,0.0,0.0,0.0
1789986107,977542713,n/a,0.9641532750770685,0.0,0.0,0.0,0.0,0.0
1789986107,999594553,n/a,0.9641532750770685,0.0,0.0,0.0,0.0,0.0
1789986108,15948827,n/a,0.9641532750770685,0.0,0.0,0.0,0.0,0.0
1789986108,40613853,n/a,0.9641532750770685,0.0,0.0,0.0,0.0,0.0
1789986108,56177822,n/a,0.9641532750770685,0.0,0.0,0.0,0.0,0.0
1789986108,78305778,n/a,0.9641532750770685,0.0,0.0,0.0,0.0,0.0
1789986108,95232319,n/a,0.9641532750770685,0.0,0.0,0.0,0.0,0.0
1789986108,116758289,n/a,0.9641532750770685,0.0,0.0,0.0,0.0,0.0
1789986108,139638021,n/a,0.9641532750770685,0.0,0.0,0.0,0.0,0.0
1789986108,161904337,n/a,0.9641532750770685,0.0,0.0,0.0,0.0,0.0
1789986108,178665454,n/a,0.9641532750770685,0.0,0.0,0.0,0.0,0.0
1789986108,195611427,n/a,0.9641532750770685,0.0,0.0,0.0,0.0,0.0
1789986108,217586882,n/a,0.9641532750770685,0.0,0.0,0.0,0.0,0.0
1789986108,239965304,n/a,0.9641532750770685,0.0,0.0,0.0,0.0,0.0
1789986108,257661863,n/a,0.9641532750770685,0.0,0.0,0.0,0.0,0.0
1789986108,278711491,n/a,0.9641532750770685,0.0,0.0,0.0,0.0,0.0
1789986108,295625443,n/a,0.9641532750770685,0.0,0.0,0.0,0.0,0.0
1789986108,318289437,n/a,0.9641532750770685,0.0,0.0,0.0,0.0,0.0
1789986108,340164036,n/a,0.9641532750770685,0.0,0.0,0.0,0.0,0.0
1789986108,356282366,n/a,0.9641532750770685,0.0,0.0,0.0,0.0,0.0
1789986108,379038535,n/a,0.9641532750770685,0.0,0.0,0.0,0.0,0.0
1789986108,395390857,n/a,0.9641532750770685,0.0,0.0,0.0,0.0,0.0
1789986108,417377231,n/a,0.9641532750770685,0.0,0.0,0.0,0.0,0.0
1789986108,440031916,n/a,0.9641532750770685,0.0,0.0,0.0,0.0,0.0
1789986108,456184163,n/a,0.9641532750770685,0.0,0.0,0.0,0.0,0.0
1789986108,475178911,n/a,0.9641532750770685,0.0,0.0,0.0,0.0,0.0
1789986108,500338023,n/a,0.07923489689955754,0.0,0.0,0.0,0.0,0.0
1789986108,517527645,n/a,0.07923489689955754,0.0,0.0,0.0,0.0,0.0
1789986108,540241959,n/a,0.07923489689955754,0.0,0.0,0.0,0.0,0.0
1789986108,556630927,n/a,0.07923489689955754,0.0,0.0,0.0,0.0,0.0
1789986108,579030871,n/a,0.07923489689955754,0.0,0.0,0.0,0.0,0.0
1789986108,595052424,n/a,0.07923489689955754,0.0,0.0,0.0,0.0,0.0
1789986108,617098729,n/a,0.07923489689955754,0.0,0.0,0.0,0.0,0.0
1789986108,640695605,n/a,0.07923489689955754,0.0,0.0,0.0,0.0,0.0
1789986108,656870610,n/a,0.07923489689955754,0.0,0.0,0.0,0.0,0.0
1789986108,678590641,n/a,0.07923489689955754,0.0,0.0,0.0,0.0,0.0
1789986108,699595726,n/a,0.07923489689955754,0.0,0.0,0.0,0.0,0.0
1789986108,715673590,n/a,0.07923489689955754,0.0,0.0,0.0,0.0,0.0
1789986108,737958303,n/a,0.07923489689955754,0.0,0.0,0.0,0.0,0.0
1789986108,760742133,n/a,0.07923489689955754,0.0,0.0,0.0,0.0,0.0
1789986108,777269022,n/a,0.07923489689955754,0.0,0.0,0.0,0.0,0.0
1789986108,803827389,n/a,0.07923489689955754,0.0,0.0,0.0,0.0,0.0
1789986108,814886763,n/a,0.07923489689955754,0.0,0.0,0.0,0.0,0.0
1789986108,836684029,n/a,0.07923489689955754,0.0,0.0,0.0,0.0,0.0
1789986108,858615143,n/a,0.07923489689955754,0.0,0.0,0.0,0.0,0.0
1789986108,875098662,n/a,0.07923489689955754,0.0,0.0,0.0,0.0,0.0
1789986108,896689519,n/a,0.07923489689955754,0.0,0.0,0.0,0.0,0.0
1789986108,918354625,n/a,0.07923489689955754,0.0,0.0,0.0,0.0,0.0
1789986108,935065981,n/a,0.07923489689955754,0.0,0.0,0.0,0.0,0.0
1789986108,956552590,n/a,0.07923489689955754,0.0,0.0,0.0,0.0,0.0
1789986108,977487122,n/a,0.07923489689955754,0.0,0.0,0.0,0.0,0.0
1789986108,999388176,n/a,0.07923489689955754,0.0,0.0,0.0,0.0,0.0
1789986109,20422591,n/a,0.07923489689955754,0.0,0.0,0.0,0.0,0.0
1789986109,37687293,n/a,0.07923489689955754,0.0,0.0,0.0,0.0,0.0
1789986109,59719186,n/a,0.07923489689955754,0.0,0.0,0.0,0.0,0.0
1789986109,76049253,n/a,0.07923489689955754,0.0,0.0,0.0,0.0,0.0
1789986109,97087811,n/a,0.07923489689955754,0.0,0.0,0.0,0.0,0.0
1789986109,116840953,n/a,0.07923489689955754,0.0,0.0,0.0,0.0,0.0
1789986109,135040959,n/a,0.07923489689955754,0.0,0.0,0.0,0.0,0.0
1789986109,156920303,n/a,0.07923489689955754,0.0,0.0,0.0,0.0,0.0
1789986109,178161990,n/a,0.07923489689955754,0.0,0.0,0.0,0.0,0.0
1789986109,194913118,n/a,0.07923489689955754,0.0,0.0,0.0,0.0,0.0
1789986109,217875269,n/a,0.07923489689955754,0.0,0.0,0.0,0.0,0.0
1789986109,238145972,n/a,0.07923489689955754,0.0,0.0,0.0,0.0,0.0
1789986109,259793300,n/a,0.07923489689955754,0.0,0.0,0.0,0.0,0.0
1789986109,276246888,n/a,0.07923489689955754,0.0,0.0,0.0,0.0,0.0
1789986109,298563936,n/a,0.07923489689955754,0.0,0.0,0.0,0.0,0.0
1789986109,319565495,n/a,0.07923489689955754,0.0,0.0,0.0,0.0,0.0
1789986109,334950287,n/a,0.07923489689955754,0.0,0.0,0.0,0.0,0.0
1789986109,357244481,n/a,0.07923489689955754,0.0,0.0,0.0,0.0,0.0
1789986109,379366152,n/a,0.07923489689955754,0.0,0.0,0.0,0.0,0.0
1789986109,396301454,n/a,0.07923489689955754,0.0,0.0,0.0,0.0,0.0
1789986109,418081208,n/a,0.07923489689955754,0.0,0.0,0.0,0.0,0.0
1789986109,440031972,n/a,0.07923489689955754,0.0,0.0,0.0,0.0,0.0
1789986109,456453625,n/a,0.07923489689955754,0.0,0.0,0.0,0.0,0.0
1789986109,478523955,n/a,0.07923489689955754,0.0,0.0,0.0,0.0,0.0
1789986109,495195223,n/a,0.07923489689955754,0.0,0.0,0.0,0.0,0.0
1789986109,516541685,n/a,0.07923489689955754,0.0,0.0,0.0,0.0,0.0
1789986109,542749923,n/a,0.07923489689955754,0.0,0.0,0.0,0.0,0.0
1789986109,559066184,n/a,0.07923489689955754,0.0,0.0,0.0,0.0,0.0
1789986109,575918716,n/a,0.07923489689955754,0.0,0.0,0.0,0.0,0.0
1789986109,597368093,n/a,0.07923489689955754,0.0,0.0,0.0,0.0,0.0
1789986109,619498716,n/a,0.07923489689955754,0.0,0.0,0.0,0.0,0.0
1789986109,635772600,n/a,0.07923489689955754,0.0,0.0,0.0,0.0,0.0
1789986109,656568647,n/a,0.07923489689955754,0.0,0.0,0.0,0.0,0.0
1789986109,678262972,n/a,0.07923489689955754,0.0,0.0,0.0,0.0,0.0
1789986109,695167866,n/a,0.07923489689955754,0.0,0.0,0.0,0.0,0.0
1789986109,716441438,n/a,0.07923489689955754,0.0,0.0,0.0,0.0,0.0
1789986109,738455497,n/a,0.07923489689955754,0.0,0.0,0.0,0.0,0.0
1789986109,759413620,n/a,0.07923489689955754,0.0,0.0,0.0,0.0,0.0
1789986109,780561998,n/a,0.07923489689955754,0.0,0.0,0.0,0.0,0.0
1789986109,799664510,n/a,0.07923489689955754,0.0,0.0,0.0,0.0,0.0
1789986109,816863737,n/a,0.07923489689955754,0.0,0.0,0.0,0.0,0.0
1789986109,839300610,n/a,0.07923489689955754,0.0,0.0,0.0,0.0,0.0
1789986109,855447258,n/a,0.07923489689955754,0.0,0.0,0.0,0.0,0.0
1789986109,878131050,n/a,0.07923489689955754,0.0,0.0,0.0,0.0,0.0
1789986109,897140307,n/a,0.07923489689955754,0.0,0.0,0.0,0.0,0.0
1789986109,921279289,n/a,0.07923489689955754,0.0,0.0,0.0,0.0,0.0
1789986109,938791751,n/a,0.07923489689955754,0.0,0.0,0.0,0.0,0.0
1789986109,955303037,n/a,0.07923489689955754,0.0,0.0,0.0,0.0,0.0
1789986109,981857218,n/a,0.07923489689955754,0.0,0.0,0.0,0.0,0.0
1789986110,225924,n/a,0.07923489689955754,0.0,0.0,0.0,0.0,0.0
1789986110,18323528,n/a,0.07923489689955754,0.0,0.0,0.0,0.0,0.0
1789986110,36765601,n/a,0.07923489689955754,0.0,0.0,0.0,0.0,0.0
1789986110,59977867,n/a,0.07923489689955754,0.0,0.0,0.0,0.0,0.0
1789986110,77054450,n/a,0.07923489689955754,0.0,0.0,0.0,0.0,0.0
1789986110,98043084,n/a,0.07923489689955754,0.0,0.0,0.0,0.0,0.0
1789986110,115599209,n/a,0.07923489689955754,0.0,0.0,0.0,0.0,0.0
1789986110,139316837,n/a,0.07923489689955754,0.0,0.0,0.0,0.0,0.0
1789986110,156794317,n/a,0.07923489689955754,0.0,0.0,0.0,0.0,0.0
1789986110,180091006,n/a,0.07923489689955754,0.0,0.0,0.0,0.0,0.0
1789986110,199393592,n/a,0.07923489689955754,0.0,0.0,0.0,0.0,0.0
1789986110,220622495,n/a,0.07923489689955754,0.0,0.0,0.0,0.0,0.0
1789986110,235484430,n/a,0.07923489689955754,0.0,0.0,0.0,0.0,0.0
1789986110,258593122,n/a,-0.5356477438739708,0.0,0.0,0.0,0.0,0.0
1789986110,279715670,n/a,-0.5356477438739708,0.0,0.0,0.0,0.0,0.0
1789986110,295311491,n/a,-0.5356477438739708,0.0,0.0,0.0,0.0,0.0
1789986110,314978297,n/a,-0.5356477438739708,0.0,0.0,0.0,0.0,0.0
1789986110,338286112,n/a,-0.5356477438739708,0.0,0.0,0.0,0.0,0.0
1789986110,359298516,n/a,-0.5356477438739708,0.0,0.0,0.0,0.0,0.0
1789986110,375606997,n/a,-0.5356477438739708,0.0,0.0,0.0,0.0,0.0
1789986110,396923571,n/a,-0.5356477438739708,0.0,0.0,0.0,0.0,0.0
1789986110,415462904,n/a,-0.5356477438739708,0.0,0.0,0.0,0.0,0.0
1789986110,438742463,n/a,-0.5356477438739708,0.0,0.0,0.0,0.0,0.0
1789986110,455627084,n/a,-0.5356477438739708,0.0,0.0,0.0,0.0,0.0
1789986110,477223288,n/a,-0.5356477438739708,0.0,0.0,0.0,0.0,0.0
1789986110,498511079,n/a,-0.5356477438739708,0.0,0.0,0.0,0.0,0.0
1789986110,514953076,n/a,-0.5356477438739708,0.0,0.0,0.0,0.0,0.0
1789986110,540327755,n/a,-0.5356477438739708,0.0,0.0,0.0,0.0,0.0
1789986110,556935313,n/a,-0.5356477438739708,0.0,0.0,0.0,0.0,0.0
1789986110,578323867,n/a,-0.5356477438739708,0.0,0.0,0.0,0.0,0.0
1789986110,599505942,n/a,-0.5356477438739708,0.0,0.0,0.0,0.0,0.0
1789986110,615062068,n/a,-0.5356477438739708,0.0,0.0,0.0,0.0,0.0
1789986110,635692222,n/a,-0.5356477438739708,0.0,0.0,0.0,0.0,0.0
1789986110,657485776,n/a,-0.5356477438739708,0.0,0.0,0.0,0.0,0.0
1789986110,679921855,n/a,-0.5356477438739708,0.0,0.0,0.0,0.0,0.0
1789986110,696143111,n/a,-0.5356477438739708,0.0,0.0,0.0,0.0,0.0
1789986110,717674278,n/a,-0.5356477438739708,0.0,0.0,0.0,0.0,0.0
1789986110,738897357,n/a,-0.5356477438739708,0.0,0.0,0.0,0.0,0.0
1789986110,755360216,n/a,-0.5356477438739708,0.0,0.0,0.0,0.0,0.0
1789986110,777665223,n/a,-0.5356477438739708,0.0,0.0,0.0,0.0,0.0
1789986110,800584002,n/a,-0.5356477438739708,0.0,0.0,0.0,0.0,0.0
1789986110,817147518,n/a,-0.5356477438739708,0.0,0.0,0.0,0.0,0.0
1789986110,838651013,n/a,-0.5356477438739708,0.0,0.0,0.0,0.0,0.0
1789986110,855690855,n/a,-0.5356477438739708,0.0,0.0,0.0,0.0,0.0
1789986110,877625016,n/a,-0.5356477438739708,0.0,0.0,0.0,0.0,0.0
1789986110,899823835,n/a,-0.5356477438739708,0.0,0.0,0.0,0.0,0.0
1789986110,917079659,n/a,-0.5356477438739708,0.0,0.0,0.0,0.0,0.0
1789986110,943504820,n/a,-0.5356477438739708,0.0,0.0,0.0,0.0,0.0
1789986110,956475626,n/a,-0.5356477438739708,0.0,0.0,0.0,0.0,0.0
1789986110,978624310,n/a,-0.5356477438739708,0.0,0.0,0.0,0.0,0.0
1789986110,995127395,n/a,-0.5356477438739708,0.0,0.0,0.0,0.0,0.0
1789986111,17200279,n/a,-0.5356477438739708,0.0,0.0,0.0,0.0,0.0
1789986111,40674165,n/a,-0.5356477438739708,0.0,0.0,0.0,0.0,0.0
1789986111,57443649,n/a,-0.5356477438739708,0.0,0.0,0.0,0.0,0.0
1789986111,75417475,n/a,-0.5356477438739708,0.0,0.0,0.0,0.0,0.0
1789986111,97083104,n/a,-0.5356477438739708,0.0,0.0,0.0,0.0,0.0
1789986111,119039790,n/a,-0.5356477438739708,0.0,0.0,0.0,0.0,0.0
1789986111,135858315,n/a,-0.5356477438739708,0.0,0.0,0.0,0.0,0.0
1789986111,163385620,n/a,-0.5356477438739708,0.0,0.0,0.0,0.0,0.0
1789986111,175524254,n/a,-0.5356477438739708,0.0,0.0,0.0,0.0,0.0
1789986111,197321644,n/a,-0.5356477438739708,0.0,0.0,0.0,0.0,0.0
1789986111,219158986,n/a,-0.5356477438739708,0.0,0.0,0.0,0.0,0.0
1789986111,235822434,n/a,-0.5356477438739708,0.0,0.0,0.0,0.0,0.0
1789986111,257400766,n/a,-0.5356477438739708,0.0,0.0,0.0,0.0,0.0
1789986111,279805269,n/a,-0.5356477438739708,0.0,0.0,0.0,0.0,0.0
1789986111,296400330,n/a,-0.5356477438739708,0.0,0.0,0.0,0.0,0.0
1789986111,319376903,n/a,-0.5356477438739708,0.0,0.0,0.0,0.0,0.0
1789986111,335781204,n/a,-0.5356477438739708,0.0,0.0,0.0,0.0,0.0
1789986111,357750550,n/a,-0.5356477438739708,0.0,0.0,0.0,0.0,0.0
1789986111,378880126,n/a,-0.5356477438739708,0.0,0.0,0.0,0.0,0.0
1789986111,396270585,n/a,-0.5356477438739708,0.0,0.0,0.0,0.0,0.0
1789986111,418747395,n/a,0.904934776536539,0.0,0.0,0.0,0.0,0.0
1789986111,435314528,n/a,0.904934776536539,0.0,0.0,0.0,0.0,0.0
1789986111,457057767,n/a,0.904934776536539,0.0,0.0,0.0,0.0,0.0
1789986111,481106052,n/a,0.904934776536539,0.0,0.0,0.0,0.0,0.0
1789986111,495119459,n/a,0.904934776536539,0.0,0.0,0.0,0.0,0.0
1789986111,517475733,n/a,0.904934776536539,0.0,0.0,0.0,0.0,0.0
1789986111,540286686,n/a,0.904934776536539,0.0,0.0,0.0,0.0,0.0
1789986111,556661318,n/a,0.904934776536539,0.0,0.0,0.0,0.0,0.0
1789986111,578281821,n/a,0.904934776536539,0.0,0.0,0.0,0.0,0.0
1789986111,599900990,n/a,0.904934776536539,0.0,0.0,0.0,0.0,0.0
1789986111,616780041,n/a,0.904934776536539,0.0,0.0,0.0,0.0,0.0
1789986111,640512234,n/a,0.904934776536539,0.0,0.0,0.0,0.0,0.0
1789986111,660457801,n/a,0.904934776536539,0.0,0.0,0.0,0.0,0.0
1789986111,678085756,n/a,0.904934776536539,0.0,0.0,0.0,0.0,0.0
1789986111,703773497,n/a,0.904934776536539,0.0,0.0,0.0,0.0,0.0
1789986111,717122781,n/a,0.904934776536539,0.0,0.0,0.0,0.0,0.0
1789986111,739929152,n/a,0.904934776536539,0.0,0.0,0.0,0.0,0.0
1789986111,757672979,n/a,0.904934776536539,0.0,0.0,0.0,0.0,0.0
1789986111,775083291,n/a,0.904934776536539,0.0,0.0,0.0,0.0,0.0
1789986111,797189942,n/a,0.904934776536539,0.0,0.0,0.0,0.0,0.0
1789986111,818911054,n/a,0.904934776536539,0.0,0.0,0.0,0.0,0.0
1789986111,836345481,n/a,0.904934776536539,0.0,0.0,0.0,0.0,0.0
1789986111,858475520,n/a,0.904934776536539,0.0,0.0,0.0,0.0,0.0
1789986111,877710734,n/a,0.904934776536539,0.0,0.0,0.0,0.0,0.0
1789986111,895526358,n/a,0.904934776536539,0.0,0.0,0.0,0.0,0.0
1789986111,917794276,n/a,0.904934776536539,0.0,0.0,0.0,0.0,0.0
1789986111,934934922,n/a,0.904934776536539,0.0,0.0,0.0,0.0,0.0
1789986111,957032591,n/a,0.904934776536539,0.0,0.0,0.0,0.0,0.0
1789986111,975085674,n/a,0.904934776536539,0.0,0.0,0.0,0.0,0.0
1789986111,997199284,n/a,0.904934776536539,0.0,0.0,0.0,0.0,0.0
1789986112,19175454,n/a,0.904934776536539,0.0,0.0,0.0,0.0,0.0
1789986112,42594155,n/a,0.904934776536539,0.0,0.0,0.0,0.0,0.0
1789986112,59091888,n/a,0.904934776536539,0.0,0.0,0.0,0.0,0.0
1789986112,76452316,n/a,0.904934776536539,0.0,0.0,0.0,0.0,0.0
1789986112,98517273,n/a,0.904934776536539,0.0,0.0,0.0,0.0,0.0
1789986112,115260393,n/a,0.904934776536539,0.0,0.0,0.0,0.0,0.0
1789986112,137923462,n/a,0.904934776536539,0.0,0.0,0.0,0.0,0.0
1789986112,159669844,n/a,0.904934776536539,0.0,0.0,0.0,0.0,0.0
1789986112,177118721,n/a,0.904934776536539,0.0,0.0,0.0,0.0,0.0
1789986112,198952836,n/a,0.904934776536539,0.0,0.0,0.0,0.0,0.0
1789986112,215446068,n/a,0.904934776536539,0.0,0.0,0.0,0.0,0.0
1789986112,238297087,n/a,0.904934776536539,0.0,0.0,0.0,0.0,0.0
1789986112,260598522,n/a,0.904934776536539,0.0,0.0,0.0,0.0,0.0
1789986112,279082040,n/a,0.904934776536539,0.0,0.0,0.0,0.0,0.0
1789986112,297441338,n/a,0.904934776536539,0.0,0.0,0.0,0.0,0.0
1789986112,316532622,n/a,0.904934776536539,0.0,0.0,0.0,0.0,0.0
1789986112,335343541,n/a,0.904934776536539,0.0,0.0,0.0,0.0,0.0
1789986112,360904200,n/a,0.904934776536539,0.0,0.0,0.0,0.0,0.0
1789986112,379154851,n/a,0.904934776536539,0.0,0.0,0.0,0.0,0.0
1789986112,398027001,n/a,0.904934776536539,0.0,0.0,0.0,0.0,0.0
1789986112,416901929,n/a,0.904934776536539,0.0,0.0,0.0,0.0,0.0
1789986112,435967925,n/a,0.904934776536539,0.0,0.0,0.0,0.0,0.0
1789986112,454920687,n/a,0.904934776536539,0.0,0.0,0.0,0.0,0.0
1789986112,481133034,n/a,0.904934776536539,0.0,0.0,0.0,0.0,0.0
1789986112,497429861,n/a,0.904934776536539,0.0,0.0,0.0,0.0,0.0
1789986112,518241694,n/a,0.904934776536539,0.0,0.0,0.0,0.0,0.0
1789986112,537399834,n/a,0.904934776536539,0.0,0.0,0.0,0.0,0.0
1789986112,556181463,n/a,0.904934776536539,0.0,0.0,0.0,0.0,0.0
1789986112,576107301,n/a,0.904934776536539,0.0,0.0,0.0,0.0,0.0
1789986112,595044092,n/a,0.904934776536539,0.0,0.0,0.0,0.0,0.0
1789986112,625919245,n/a,0.904934776536539,0.0,0.0,0.0,0.0,0.0
1789986112,638755266,n/a,0.904934776536539,0.0,0.0,0.0,0.0,0.0
1789986112,657251350,n/a,0.904934776536539,0.0,0.0,0.0,0.0,0.0
1789986112,676921608,n/a,-0.08173653617866328,0.0,0.0,0.0,0.0,0.0
1789986112,695851270,n/a,-0.08173653617866328,0.0,0.0,0.0,0.0,0.0
1789986112,720898457,n/a,-0.08173653617866328,0.0,0.0,0.0,0.0,0.0
1789986112,744217644,n/a,-0.08173653617866328,0.0,0.0,0.0,0.0,0.0
1789986112,757580582,n/a,-0.08173653617866328,0.0,0.0,0.0,0.0,0.0
1789986112,777580853,n/a,-0.08173653617866328,0.0,0.0,0.0,0.0,0.0
1789986112,796398279,n/a,-0.08173653617866328,0.0,0.0,0.0,0.0,0.0
1789986112,822014258,n/a,-0.08173653617866328,0.0,0.0,0.0,0.0,0.0
1789986112,841577951,n/a,-0.08173653617866328,0.0,0.0,0.0,0.0,0.0
1789986112,861724230,n/a,-0.08173653617866328,0.0,0.0,0.0,0.0,0.0
1789986112,879690892,n/a,-0.08173653617866328,0.0,0.0,0.0,0.0,0.0
1789986112,898488880,n/a,-0.08173653617866328,0.0,0.0,0.0,0.0,0.0
1789986112,917460152,n/a,-0.08173653617866328,0.0,0.0,0.0,0.0,0.0
1789986112,936148697,n/a,-0.08173653617866328,0.0,0.0,0.0,0.0,0.0
1789986112,955142615,n/a,-0.08173653617866328,0.0,0.0,0.0,0.0,0.0
1789986112,980854956,n/a,-0.08173653617866328,0.0,0.0,0.0,0.0,0.0
1789986112,998478850,n/a,-0.08173653617866328,0.0,0.0,0.0,0.0,0.0
1789986113,17269047,n/a,-0.08173653617866328,0.0,0.0,0.0,0.0,0.0
1789986113,42365875,n/a,-0.08173653617866328,0.0,0.0,0.0,0.0,0.0
1789986113,55341345,n/a,-0.08173653617866328,0.0,0.0,0.0,0.0,0.0
1789986113,76734574,n/a,-0.08173653617866328,0.0,0.0,0.0,0.0,0.0
1789986113,96887552,n/a,-0.08173653617866328,0.0,0.0,0.0,0.0,0.0
1789986113,118246201,n/a,-0.08173653617866328,0.0,0.0,0.0,0.0,0.0
1789986113,140407052,n/a,-0.08173653617866328,0.0,0.0,0.0,0.0,0.0
1789986113,158504182,n/a,-0.08173653617866328,0.0,0.0,0.0,0.0,0.0
1789986113,177522413,n/a,-0.08173653617866328,0.0,0.0,0.0,0.0,0.0
1789986113,196714424,n/a,-0.08173653617866328,0.0,0.0,0.0,0.0,0.0
1789986113,215349205,n/a,-0.08173653617866328,0.0,0.0,0.0,0.0,0.0
1789986113,245554029,n/a,-0.08173653617866328,0.0,0.0,0.0,0.0,0.0
1789986113,258005960,n/a,-0.08173653617866328,0.0,0.0,0.0,0.0,0.0
1789986113,276514231,n/a,-0.08173653617866328,0.0,0.0,0.0,0.0,0.0
1789986113,295503509,n/a,-0.08173653617866328,0.0,0.0,0.0,0.0,0.0
1789986113,321116076,n/a,-0.08173653617866328,0.0,0.0,0.0,0.0,0.0
1789986113,339453999,n/a,-0.08173653617866328,0.0,0.0,0.0,0.0,0.0
1789986113,359518178,n/a,-0.08173653617866328,0.0,0.0,0.0,0.0,0.0
1789986113,380847376,n/a,-0.08173653617866328,0.0,0.0,0.0,0.0,0.0
1789986113,400064633,n/a,0.09599261893249778,0.0,0.0,0.0,0.0,0.0
1789986113,418818666,n/a,0.09599261893249778,0.0,0.0,0.0,0.0,0.0
1789986113,437747493,n/a,0.09599261893249778,0.0,0.0,0.0,0.0,0.0
1789986113,455802131,n/a,0.09599261893249778,0.0,0.0,0.0,0.0,0.0
1789986113,484341244,n/a,0.09599261893249778,0.0,0.0,0.0,0.0,0.0
1789986113,497238577,n/a,0.09599261893249778,0.0,0.0,0.0,0.0,0.0
1789986113,516058032,n/a,0.09599261893249778,0.0,0.0,0.0,0.0,0.0
1789986113,540835489,n/a,0.09599261893249778,0.0,0.0,0.0,0.0,0.0
1789986113,559110239,n/a,0.09599261893249778,0.0,0.0,0.0,0.0,0.0
1789986113,577555294,n/a,0.09599261893249778,0.0,0.0,0.0,0.0,0.0
1789986113,599046595,n/a,0.09599261893249778,0.0,0.0,0.0,0.0,0.0
1789986113,620123488,n/a,0.09599261893249778,0.0,0.0,0.0,0.0,0.0
1789986113,638485932,n/a,0.09599261893249778,0.0,0.0,0.0,0.0,0.0
1789986113,656867382,n/a,0.09599261893249778,0.0,0.0,0.0,0.0,0.0
1789986113,675646288,n/a,0.09599261893249778,0.0,0.0,0.0,0.0,0.0
1789986113,700709334,n/a,0.09599261893249778,0.0,0.0,0.0,0.0,0.0
1789986113,723883129,n/a,0.09599261893249778,0.0,0.0,0.0,0.0,0.0
1789986113,736383260,n/a,0.09599261893249778,0.0,0.0,0.0,0.0,0.0
1789986113,760173338,n/a,0.09599261893249778,0.0,0.0,0.0,0.0,0.0
1789986113,778588366,n/a,0.09599261893249778,0.0,0.0,0.0,0.0,0.0
1789986113,797390525,n/a,0.09599261893249778,0.0,0.0,0.0,0.0,0.0
1789986113,816214703,n/a,0.09599261893249778,0.0,0.0,0.0,0.0,0.0
1789986113,837984371,n/a,0.09599261893249778,0.0,0.0,0.0,0.0,0.0
1789986113,857600354,n/a,0.09599261893249778,0.0,0.0,0.0,0.0,0.0
1789986113,876479774,n/a,0.09599261893249778,0.0,0.0,0.0,0.0,0.0
1789986113,895271528,n/a,0.09599261893249778,0.0,0.0,0.0,0.0,0.0
1789986113,921121183,n/a,0.09599261893249778,0.0,0.0,0.0,0.0,0.0
1789986113,939265700,n/a,0.09599261893249778,0.0,0.0,0.0,0.0,0.0
1789986113,961477865,n/a,0.09599261893249778,0.0,0.0,0.0,0.0,0.0
1789986113,980110066,n/a,0.09599261893249778,0.0,0.0,0.0,0.0,0.0
1789986113,999247781,n/a,0.09599261893249778,0.0,0.0,0.0,0.0,0.0
1789986114,17725039,n/a,0.09599261893249778,0.0,0.0,0.0,0.0,0.0
1789986114,36991054,n/a,0.09599261893249778,0.0,0.0,0.0,0.0,0.0
1789986114,55458541,n/a,0.09599261893249778,0.0,0.0,0.0,0.0,0.0
1789986114,76888616,n/a,0.09599261893249778,0.0,0.0,0.0,0.0,0.0
1789986114,95846071,n/a,0.09599261893249778,0.0,0.0,0.0,0.0,0.0
1789986114,121233201,n/a,0.09599261893249778,0.0,0.0,0.0,0.0,0.0
1789986114,135041446,n/a,0.09599261893249778,0.0,0.0,0.0,0.0,0.0
1789986114,155450130,n/a,0.09599261893249778,0.0,0.0,0.0,0.0,0.0
1789986114,175796650,n/a,0.09599261893249778,0.0,0.0,0.0,0.0,0.0
1789986114,198251150,n/a,0.09599261893249778,0.0,0.0,0.0,0.0,0.0
1789986114,219977053,n/a,0.09599261893249778,0.0,0.0,0.0,0.0,0.0
1789986114,238881869,n/a,0.09599261893249778,0.0,0.0,0.0,0.0,0.0
1789986114,257215001,n/a,0.09599261893249778,0.0,0.0,0.0,0.0,0.0
1789986114,275599384,n/a,0.09599261893249778,0.0,0.0,0.0,0.0,0.0
1789986114,294897751,n/a,0.09599261893249778,0.0,0.0,0.0,0.0,0.0
1789986114,323650315,n/a,0.09599261893249778,0.0,0.0,0.0,0.0,0.0
1789986114,336270786,n/a,0.09599261893249778,0.0,0.0,0.0,0.0,0.0
1789986114,361061517,n/a,0.09599261893249778,0.0,0.0,0.0,0.0,0.0
1789986114,380266571,n/a,0.09599261893249778,0.0,0.0,0.0,0.0,0.0
1789986114,398492216,n/a,0.09599261893249778,0.0,0.0,0.0,0.0,0.0
1789986114,417676567,n/a,0.09599261893249778,0.0,0.0,0.0,0.0,0.0
1789986114,438541016,n/a,0.09599261893249778,0.0,0.0,0.0,0.0,0.0
1789986114,461585758,n/a,0.09599261893249778,0.0,0.0,0.0,0.0,0.0
1789986114,481069663,n/a,0.09599261893249778,0.0,0.0,0.0,0.0,0.0
1789986114,500168754,n/a,0.09599261893249778,0.0,0.0,0.0,0.0,0.0
1789986114,518770870,n/a,0.09599261893249778,0.0,0.0,0.0,0.0,0.0
1789986114,537199271,n/a,0.09599261893249778,0.0,0.0,0.0,0.0,0.0
1789986114,564724786,n/a,0.09599261893249778,0.0,0.0,0.0,0.0,0.0
1789986114,578174819,n/a,0.09599261893249778,0.0,0.0,0.0,0.0,0.0
1789986114,596795884,n/a,0.09599261893249778,0.0,0.0,0.0,0.0,0.0
1789986114,614916325,n/a,0.09599261893249778,0.0,0.0,0.0,0.0,0.0
1789986114,640153663,n/a,0.09599261893249778,0.0,0.0,0.0,0.0,0.0
1789986114,658337938,n/a,0.09599261893249778,0.0,0.0,0.0,0.0,0.0
1789986114,679280860,n/a,0.09599261893249778,0.0,0.0,0.0,0.0,0.0
1789986114,700077876,n/a,0.09599261893249778,0.0,0.0,0.0,0.0,0.0
1789986114,719308607,n/a,0.09599261893249778,0.0,0.0,0.0,0.0,0.0
1789986114,738267515,n/a,0.09599261893249778,0.0,0.0,0.0,0.0,0.0
1789986114,756997661,n/a,0.09599261893249778,0.0,0.0,0.0,0.0,0.0
1789986114,778610039,n/a,0.09599261893249778,0.0,0.0,0.0,0.0,0.0
1789986114,798210883,n/a,0.09599261893249778,0.0,0.0,0.0,0.0,0.0
1789986114,820778755,n/a,0.09599261893249778,0.0,0.0,0.0,0.0,0.0
1789986114,840007400,n/a,0.09599261893249778,0.0,0.0,0.0,0.0,0.0
1789986114,858435368,n/a,0.09599261893249778,0.0,0.0,0.0,0.0,0.0
1789986114,877690258,n/a,0.09599261893249778,0.0,0.0,0.0,0.0,0.0
1789986114,896195419,n/a,0.09599261893249778,0.0,0.0,0.0,0.0,0.0
1789986114,915773059,n/a,0.09599261893249778,0.0,0.0,0.0,0.0,0.0
1789986114,938864261,n/a,0.09599261893249778,0.0,0.0,0.0,0.0,0.0
1789986114,958503210,n/a,0.09599261893249778,0.0,0.0,0.0,0.0,0.0
1789986114,977635937,n/a,0.09599261893249778,0.0,0.0,0.0,0.0,0.0
1789986114,996081177,n/a,0.09599261893249778,0.0,0.0,0.0,0.0,0.0
1789986115,21091208,n/a,0.09599261893249778,0.0,0.0,0.0,0.0,0.0
1789986115,40638825,n/a,0.09599261893249778,0.0,0.0,0.0,0.0,0.0
1789986115,56310228,n/a,0.09599261893249778,0.0,0.0,0.0,0.0,0.0
1789986115,75351665,n/a,0.09599261893249778,0.0,0.0,0.0,0.0,0.0
1789986115,94966126,n/a,0.09599261893249778,0.0,0.0,0.0,0.0,0.0
1789986115,119624043,n/a,0.09599261893249778,0.0,0.0,0.0,0.0,0.0
1789986115,138291632,n/a,0.09599261893249778,0.0,0.0,0.0,0.0,0.0
1789986115,156420606,n/a,0.09599261893249778,0.0,0.0,0.0,0.0,0.0
1789986115,178825866,n/a,0.09599261893249778,0.0,0.0,0.0,0.0,0.0
1789986115,198243741,n/a,0.09599261893249778,0.0,0.0,0.0,0.0,0.0
1789986115,216918068,n/a,0.09599261893249778,0.0,0.0,0.0,0.0,0.0
1789986115,235139483,n/a,0.09599261893249778,0.0,0.0,0.0,0.0,0.0
1789986115,259551360,n/a,0.09599261893249778,0.0,0.0,0.0,0.0,0.0
1789986115,278524050,n/a,0.09599261893249778,0.0,0.0,0.0,0.0,0.0
1789986115,299462392,n/a,0.09599261893249778,0.0,0.0,0.0,0.0,0.0
1789986115,318752001,n/a,-0.9885817410992142,0.0,0.0,0.0,0.0,0.0
1789986115,337386563,n/a,-0.9885817410992142,0.0,0.0,0.0,0.0,0.0
1789986115,355262968,n/a,-0.9885817410992142,0.0,0.0,0.0,0.0,0.0
1789986115,380457835,n/a,-0.9885817410992142,0.0,0.0,0.0,0.0,0.0
1789986115,402474880,n/a,-0.9885817410992142,0.0,0.0,0.0,0.0,0.0
1789986115,415802000,n/a,-0.9885817410992142,0.0,0.0,0.0,0.0,0.0
1789986115,435233428,n/a,-0.9885817410992142,0.0,0.0,0.0,0.0,0.0
1789986115,455122035,n/a,-0.9885817410992142,0.0,0.0,0.0,0.0,0.0
1789986115,480175297,n/a,-0.9885817410992142,0.0,0.0,0.0,0.0,0.0
1789986115,500061869,n/a,-0.9885817410992142,0.0,0.0,0.0,0.0,0.0
1789986115,521288712,n/a,-0.9885817410992142,0.0,0.0,0.0,0.0,0.0
1789986115,536434831,n/a,-0.9885817410992142,0.0,0.0,0.0,0.0,0.0
1789986115,555166502,n/a,-0.9885817410992142,0.0,0.0,0.0,0.0,0.0
1789986115,581516027,n/a,-0.9885817410992142,0.0,0.0,0.0,0.0,0.0
1789986115,600840302,n/a,-0.9885817410992142,0.0,0.0,0.0,0.0,0.0
1789986115,620663253,n/a,-0.9885817410992142,0.0,0.0,0.0,0.0,0.0
1789986115,639513824,n/a,-0.9885817410992142,0.0,0.0,0.0,0.0,0.0
1789986115,655801614,n/a,-0.9885817410992142,0.0,0.0,0.0,0.0,0.0
1789986115,674982680,n/a,-0.9885817410992142,0.0,0.0,0.0,0.0,0.0
1789986115,699497342,n/a,-0.9885817410992142,0.0,0.0,0.0,0.0,0.0
1789986115,718113639,n/a,-0.9885817410992142,0.0,0.0,0.0,0.0,0.0
1789986115,738329416,n/a,-0.9885817410992142,0.0,0.0,0.0,0.0,0.0
1789986115,756728825,n/a,-0.9885817410992142,0.0,0.0,0.0,0.0,0.0
1789986115,780819007,n/a,-0.9885817410992142,0.0,0.0,0.0,0.0,0.0
1789986115,800399844,n/a,-0.9885817410992142,0.0,0.0,0.0,0.0,0.0
1789986115,819056772,n/a,-0.9885817410992142,0.0,0.0,0.0,0.0,0.0
1789986115,838218627,n/a,-0.9885817410992142,0.0,0.0,0.0,0.0,0.0
1789986115,858064727,n/a,-0.9885817410992142,0.0,0.0,0.0,0.0,0.0
1789986115,876738434,n/a,-0.9885817410992142,0.0,0.0,0.0,0.0,0.0
1789986115,900570181,n/a,-0.9885817410992142,0.0,0.0,0.0,0.0,0.0
1789986115,920438399,n/a,-0.9885817410992142,0.0,0.0,0.0,0.0,0.0
1789986115,938666750,n/a,-0.9885817410992142,0.0,0.0,0.0,0.0,0.0
1789986115,955844615,n/a,-0.9885817410992142,0.0,0.0,0.0,0.0,0.0
1789986115,979316712,n/a,-0.9885817410992142,0.0,0.0,0.0,0.0,0.0
1789986115,995456916,n/a,-0.9885817410992142,0.0,0.0,0.0,0.0,0.0
1789986116,17223797,n/a,-0.9885817410992142,0.0,0.0,0.0,0.0,0.0
1789986116,35165469,n/a,-0.9885817410992142,0.0,0.0,0.0,0.0,0.0
1789986116,57871700,n/a,-0.9885817410992142,0.0,0.0,0.0,0.0,0.0
1789986116,75426577,n/a,-0.9885817410992142,0.0,0.0,0.0,0.0,0.0
1789986116,99181022,n/a,-0.9885817410992142,0.0,0.0,0.0,0.0,0.0
1789986116,120375970,n/a,-0.9885817410992142,0.0,0.0,0.0,0.0,0.0
1789986116,138052911,n/a,-0.9885817410992142,0.0,0.0,0.0,0.0,0.0
1789986116,155224419,n/a,-0.9885817410992142,0.0,0.0,0.0,0.0,0.0
1789986116,179651881,n/a,-0.9885817410992142,0.0,0.0,0.0,0.0,0.0
1789986116,197503509,n/a,-0.9885817410992142,0.0,0.0,0.0,0.0,0.0
1789986116,215065100,n/a,-0.9885817410992142,0.0,0.0,0.0,0.0,0.0
1789986116,237199493,n/a,-0.9885817410992142,0.0,0.0,0.0,0.0,0.0
1789986116,259859862,n/a,-0.9885817410992142,0.0,0.0,0.0,0.0,0.0
1789986116,276513543,n/a,-0.9885817410992142,0.0,0.0,0.0,0.0,0.0
1789986116,298214430,n/a,-0.9885817410992142,0.0,0.0,0.0,0.0,0.0
1789986116,320593928,n/a,-0.9885817410992142,0.0,0.0,0.0,0.0,0.0
1789986116,342389333,n/a,-0.9885817410992142,0.0,0.0,0.0,0.0,0.0
1789986116,358637946,n/a,-0.9885817410992142,0.0,0.0,0.0,0.0,0.0
1789986116,375750838,n/a,-0.9885817410992142,0.0,0.0,0.0,0.0,0.0
1789986116,398002122,n/a,-0.9885817410992142,0.0,0.0,0.0,0.0,0.0
1789986116,419793019,n/a,-0.9885817410992142,0.0,0.0,0.0,0.0,0.0
1789986116,437131720,n/a,-0.9885817410992142,0.0,0.0,0.0,0.0,0.0
1789986116,458727493,n/a,-0.9885817410992142,0.0,0.0,0.0,0.0,0.0
1789986116,475001408,n/a,-0.9885817410992142,0.0,0.0,0.0,0.0,0.0
1789986116,497063345,n/a,-0.9885817410992142,0.0,0.0,0.0,0.0,0.0
1789986116,518556582,n/a,-0.9885817410992142,0.0,0.0,0.0,0.0,0.0
1789986116,540112036,n/a,-0.9885817410992142,0.0,0.0,0.0,0.0,0.0
1789986116,555850895,n/a,-0.9885817410992142,0.0,0.0,0.0,0.0,0.0
1789986116,578101542,n/a,-0.9885817410992142,0.0,0.0,0.0,0.0,0.0
1789986116,599561100,n/a,-0.9885817410992142,0.0,0.0,0.0,0.0,0.0
1789986116,615864396,n/a,-0.9885817410992142,0.0,0.0,0.0,0.0,0.0
1789986116,637206292,n/a,-0.9885817410992142,0.0,0.0,0.0,0.0,0.0
1789986116,657467738,n/a,-0.9885817410992142,0.0,0.0,0.0,0.0,0.0
1789986116,680897756,n/a,-0.9885817410992142,0.0,0.0,0.0,0.0,0.0
1789986116,697316050,n/a,-0.9885817410992142,0.0,0.0,0.0,0.0,0.0
1789986116,719042491,n/a,-0.9885817410992142,0.0,0.0,0.0,0.0,0.0
1789986116,736053262,n/a,-0.9885817410992142,0.0,0.0,0.0,0.0,0.0
1789986116,761709929,n/a,-0.9885817410992142,0.0,0.0,0.0,0.0,0.0
1789986116,779693430,n/a,-0.9885817410992142,0.0,0.0,0.0,0.0,0.0
1789986116,796690344,n/a,-0.9885817410992142,0.0,0.0,0.0,0.0,0.0
1789986116,819182198,n/a,-0.9885817410992142,0.0,0.0,0.0,0.0,0.0
1789986116,836047043,n/a,-0.9885817410992142,0.0,0.0,0.0,0.0,0.0
1789986116,857915124,n/a,-0.9885817410992142,0.0,0.0,0.0,0.0,0.0
1789986116,879631587,n/a,-0.9885817410992142,0.0,0.0,0.0,0.0,0.0
1789986116,895915169,n/a,-0.9885817410992142,0.0,0.0,0.0,0.0,0.0
1789986116,919420002,n/a,-0.9885817410992142,0.0,0.0,0.0,0.0,0.0
1789986116,936387868,n/a,0.6409718238509639,0.0,0.0,0.0,0.0,0.0
1789986116,958479665,n/a,0.6409718238509639,0.0,0.0,0.0,0.0,0.0
1789986116,978902837,n/a,0.6409718238509639,0.0,0.0,0.0,0.0,0.0
1789986116,995861858,n/a,0.6409718238509639,0.0,0.0,0.0,0.0,0.0
1789986117,17162996,n/a,0.6409718238509639,0.0,0.0,0.0,0.0,0.0
1789986117,40025356,n/a,0.6409718238509639,0.0,0.0,0.0,0.0,0.0
1789986117,56055645,n/a,0.6409718238509639,0.0,0.0,0.0,0.0,0.0
1789986117,76872265,n/a,0.6409718238509639,0.0,0.0,0.0,0.0,0.0
1789986117,99253021,n/a,0.6409718238509639,0.0,0.0,0.0,0.0,0.0
1789986117,116743820,n/a,0.6409718238509639,0.0,0.0,0.0,0.0,0.0
1789986117,139391115,n/a,0.6409718238509639,0.0,0.0,0.0,0.0,0.0
1789986117,158294441,n/a,0.6409718238509639,0.0,0.0,0.0,0.0,0.0
1789986117,177063460,n/a,0.6409718238509639,0.0,0.0,0.0,0.0,0.0
1789986117,195137673,n/a,0.6409718238509639,0.0,0.0,0.0,0.0,0.0
1789986117,219703990,n/a,0.6409718238509639,0.0,0.0,0.0,0.0,0.0
1789986117,237532514,n/a,0.6409718238509639,0.0,0.0,0.0,0.0,0.0
1789986117,259030510,n/a,0.6409718238509639,0.0,0.0,0.0,0.0,0.0
1789986117,276950938,n/a,0.6409718238509639,0.0,0.0,0.0,0.0,0.0
1789986117,295167376,n/a,0.6409718238509639,0.0,0.0,0.0,0.0,0.0
1789986117,321281783,n/a,0.6409718238509639,0.0,0.0,0.0,0.0,0.0
1789986117,337283959,n/a,0.6409718238509639,0.0,0.0,0.0,0.0,0.0
1789986117,354967625,n/a,0.6409718238509639,0.0,0.0,0.0,0.0,0.0
1789986117,376888426,n/a,0.6409718238509639,0.0,0.0,0.0,0.0,0.0
1789986117,399666890,n/a,0.6409718238509639,0.0,0.0,0.0,0.0,0.0
1789986117,417250535,n/a,0.6409718238509639,0.0,0.0,0.0,0.0,0.0
1789986117,440678828,n/a,0.6409718238509639,0.0,0.0,0.0,0.0,0.0
1789986117,459237418,n/a,0.6409718238509639,0.0,0.0,0.0,0.0,0.0
1789986117,476892504,n/a,0.6409718238509639,0.0,0.0,0.0,0.0,0.0
1789986117,500283172,n/a,0.6409718238509639,0.0,0.0,0.0,0.0,0.0
1789986117,517149054,n/a,0.6409718238509639,0.0,0.0,0.0,0.0,0.0
1789986117,539469334,n/a,0.6409718238509639,0.0,0.0,0.0,0.0,0.0
1789986117,555415659,n/a,0.6409718238509639,0.0,0.0,0.0,0.0,0.0
1789986117,576834963,n/a,0.6409718238509639,0.0,0.0,0.0,0.0,0.0
1789986117,598200030,n/a,0.6409718238509639,0.0,0.0,0.0,0.0,0.0
1789986117,619198725,n/a,0.6409718238509639,0.0,0.0,0.0,0.0,0.0
1789986117,635633665,n/a,0.6409718238509639,0.0,0.0,0.0,0.0,0.0
1789986117,657079642,n/a,0.6409718238509639,0.0,0.0,0.0,0.0,0.0
1789986117,678737124,n/a,0.6409718238509639,0.0,0.0,0.0,0.0,0.0
1789986117,700086941,n/a,0.6409718238509639,0.0,0.0,0.0,0.0,0.0
1789986117,716016620,n/a,0.6409718238509639,0.0,0.0,0.0,0.0,0.0
1789986117,737456318,n/a,0.6409718238509639,0.0,0.0,0.0,0.0,0.0
1789986117,757036032,n/a,0.6409718238509639,0.0,0.0,0.0,0.0,0.0
1789986117,780149740,n/a,0.6409718238509639,0.0,0.0,0.0,0.0,0.0
1789986117,796373034,n/a,0.6409718238509639,0.0,0.0,0.0,0.0,0.0
1789986117,817556608,n/a,0.6409718238509639,0.0,0.0,0.0,0.0,0.0
1789986117,838822577,n/a,0.6409718238509639,0.0,0.0,0.0,0.0,0.0
1789986117,855871462,n/a,0.6409718238509639,0.0,0.0,0.0,0.0,0.0
1789986117,875985686,n/a,0.6409718238509639,0.0,0.0,0.0,0.0,0.0
1789986117,898409765,n/a,0.6409718238509639,0.0,0.0,0.0,0.0,0.0
1789986117,919958776,n/a,0.6409718238509639,0.0,0.0,0.0,0.0,0.0
1789986117,936180738,n/a,0.6409718238509639,0.0,0.0,0.0,0.0,0.0
1789986117,957419037,n/a,0.6409718238509639,0.0,0.0,0.0,0.0,0.0
1789986117,978164845,n/a,0.6409718238509639,0.0,0.0,0.0,0.0,0.0
1789986118,146373,n/a,0.6409718238509639,0.0,0.0,0.0,0.0,0.0
1789986118,16283065,n/a,0.6409718238509639,0.0,0.0,0.0,0.0,0.0
1789986118,38265809,n/a,0.6409718238509639,0.0,0.0,0.0,0.0,0.0
1789986118,59350089,n/a,0.6409718238509639,0.0,0.0,0.0,0.0,0.0
1789986118,79661845,n/a,0.6409718238509639,0.0,0.0,0.0,0.0,0.0
1789986118,96837590,n/a,0.6409718238509639,0.0,0.0,0.0,0.0,0.0
1789986118,118717783,n/a,0.6409718238509639,0.0,0.0,0.0,0.0,0.0
1789986118,135270136,n/a,0.6409718238509639,0.0,0.0,0.0,0.0,0.0
1789986118,156458718,n/a,0.6409718238509639,0.0,0.0,0.0,0.0,0.0
1789986118,176350384,n/a,0.6409718238509639,0.0,0.0,0.0,0.0,0.0
1789986118,198428688,n/a,0.6409718238509639,0.0,0.0,0.0,0.0,0.0
1789986118,219764787,n/a,0.6409718238509639,0.0,0.0,0.0,0.0,0.0
1789986118,236172517,n/a,0.6409718238509639,0.0,0.0,0.0,0.0,0.0
1789986118,258218882,n/a,0.6409718238509639,0.0,0.0,0.0,0.0,0.0
1789986118,276749474,n/a,0.6409718238509639,0.0,0.0,0.0,0.0,0.0
1789986118,295847426,n/a,0.6409718238509639,0.0,0.0,0.0,0.0,0.0
1789986118,317555313,n/a,0.6409718238509639,0.0,0.0,0.0,0.0,0.0
1789986118,338974928,n/a,0.6409718238509639,0.0,0.0,0.0,0.0,0.0
1789986118,355381605,n/a,0.6409718238509639,0.0,0.0,0.0,0.0,0.0
1789986118,378105632,n/a,0.6409718238509639,0.0,0.0,0.0,0.0,0.0
1789986118,399959081,n/a,0.6409718238509639,0.0,0.0,0.0,0.0,0.0
1789986118,416345654,n/a,0.6409718238509639,0.0,0.0,0.0,0.0,0.0
1789986118,439162680,n/a,0.6409718238509639,0.0,0.0,0.0,0.0,0.0
1789986118,455601989,n/a,0.6409718238509639,0.0,0.0,0.0,0.0,0.0
1789986118,477260047,n/a,0.6409718238509639,0.0,0.0,0.0,0.0,0.0
1789986118,498927580,n/a,0.6409718238509639,0.0,0.0,0.0,0.0,0.0
1789986118,515273514,n/a,0.6409718238509639,0.0,0.0,0.0,0.0,0.0
1789986118,536867058,n/a,0.6409718238509639,0.0,0.0,0.0,0.0,0.0
1789986118,558539856,n/a,0.6409718238509639,0.0,0.0,0.0,0.0,0.0
1789986118,574846175,n/a,0.6409718238509639,0.0,0.0,0.0,0.0,0.0
1789986118,603407486,n/a,0.6409718238509639,0.0,0.0,0.0,0.0,0.0
1789986118,615258628,n/a,0.6409718238509639,0.0,0.0,0.0,0.0,0.0
1789986118,639728764,n/a,0.6409718238509639,0.0,0.0,0.0,0.0,0.0
1789986118,658147753,n/a,0.6409718238509639,0.0,0.0,0.0,0.0,0.0
1789986118,676703807,n/a,0.6409718238509639,0.0,0.0,0.0,0.0,0.0
1789986118,695179528,n/a,0.6409718238509639,0.0,0.0,0.0,0.0,0.0
1789986118,718632768,n/a,0.6409718238509639,0.0,0.0,0.0,0.0,0.0
1789986118,738471742,n/a,0.4810068236663927,0.0,0.0,0.0,0.0,0.0
1789986118,759320607,n/a,0.4810068236663927,0.0,0.0,0.0,0.0,0.0
1789986118,778454731,n/a,0.4810068236663927,0.0,0.0,0.0,0.0,0.0
1789986118,797614566,n/a,0.4810068236663927,0.0,0.0,0.0,0.0,0.0
1789986118,816300556,n/a,0.4810068236663927,0.0,0.0,0.0,0.0,0.0
1789986118,837714809,n/a,0.4810068236663927,0.0,0.0,0.0,0.0,0.0
1789986118,859913833,n/a,0.4810068236663927,0.0,0.0,0.0,0.0,0.0
1789986118,878648238,n/a,0.4810068236663927,0.0,0.0,0.0,0.0,0.0
1789986118,897673007,n/a,0.4810068236663927,0.0,0.0,0.0,0.0,0.0
1789986118,916411754,n/a,0.4810068236663927,0.0,0.0,0.0,0.0,0.0
1789986118,935357466,n/a,0.4810068236663927,0.0,0.0,0.0,0.0,0.0
1789986118,966169301,n/a,0.4810068236663927,0.0,0.0,0.0,0.0,0.0
1789986118,978826115,n/a,0.4810068236663927,0.0,0.0,0.0,0.0,0.0
1789986118,997236343,n/a,0.4810068236663927,0.0,0.0,0.0,0.0,0.0
1789986119,15823348,n/a,0.4810068236663927,0.0,0.0,0.0,0.0,0.0
1789986119,35814984,n/a,0.4810068236663927,0.0,0.0,0.0,0.0,0.0
1789986119,56415184,n/a,0.4810068236663927,0.0,0.0,0.0,0.0,0.0
1789986119,75218525,n/a,0.4810068236663927,0.0,0.0,0.0,0.0,0.0
1789986119,100763821,n/a,0.4810068236663927,0.0,0.0,0.0,0.0,0.0
1789986119,119727185,n/a,0.4810068236663927,0.0,0.0,0.0,0.0,0.0
1789986119,138564498,n/a,0.4810068236663927,0.0,0.0,0.0,0.0,0.0
1789986119,158488136,n/a,0.4810068236663927,0.0,0.0,0.0,0.0,0.0
1789986119,177666590,n/a,0.4810068236663927,0.0,0.0,0.0,0.0,0.0
1789986119,196253920,n/a,0.4810068236663927,0.0,0.0,0.0,0.0,0.0
1789986119,219643515,n/a,0.4810068236663927,0.0,0.0,0.0,0.0,0.0
1789986119,237997192,n/a,0.4810068236663927,0.0,0.0,0.0,0.0,0.0
1789986119,257394692,n/a,0.4810068236663927,0.0,0.0,0.0,0.0,0.0
1789986119,276588576,n/a,0.4810068236663927,0.0,0.0,0.0,0.0,0.0
1789986119,295530733,n/a,0.4810068236663927,0.0,0.0,0.0,0.0,0.0
1789986119,321557397,n/a,0.4810068236663927,0.0,0.0,0.0,0.0,0.0
1789986119,339280325,n/a,0.4810068236663927,0.0,0.0,0.0,0.0,0.0
1789986119,358437307,n/a,0.4810068236663927,0.0,0.0,0.0,0.0,0.0
1789986119,377938962,n/a,0.4810068236663927,0.0,0.0,0.0,0.0,0.0
1789986119,397044469,n/a,0.4810068236663927,0.0,0.0,0.0,0.0,0.0
1789986119,416395671,n/a,0.4810068236663927,0.0,0.0,0.0,0.0,0.0
1789986119,435932530,n/a,0.4810068236663927,0.0,0.0,0.0,0.0,0.0
1789986119,460793542,n/a,0.4810068236663927,0.0,0.0,0.0,0.0,0.0
1789986119,480222923,n/a,0.4810068236663927,0.0,0.0,0.0,0.0,0.0
1789986119,498945719,n/a,0.4810068236663927,0.0,0.0,0.0,0.0,0.0
1789986119,518109262,n/a,0.4810068236663927,0.0,0.0,0.0,0.0,0.0
1789986119,537472067,n/a,0.4810068236663927,0.0,0.0,0.0,0.0,0.0
1789986119,556971714,n/a,0.4810068236663927,0.0,0.0,0.0,0.0,0.0
1789986119,580617097,n/a,0.4810068236663927,0.0,0.0,0.0,0.0,0.0
1789986119,600156522,n/a,0.4810068236663927,0.0,0.0,0.0,0.0,0.0
1789986119,619522076,n/a,0.4810068236663927,0.0,0.0,0.0,0.0,0.0
1789986119,638960203,n/a,0.4810068236663927,0.0,0.0,0.0,0.0,0.0
1789986119,658642817,n/a,0.4810068236663927,0.0,0.0,0.0,0.0,0.0
1789986119,678323989,n/a,0.4810068236663927,0.0,0.0,0.0,0.0,0.0
1789986119,701076128,n/a,0.4810068236663927,0.0,0.0,0.0,0.0,0.0
1789986119,716551728,n/a,0.4810068236663927,0.0,0.0,0.0,0.0,0.0
1789986119,736317958,n/a,0.4810068236663927,0.0,0.0,0.0,0.0,0.0
1789986119,756117202,n/a,0.4810068236663927,0.0,0.0,0.0,0.0,0.0
1789986119,775643750,n/a,0.4810068236663927,0.0,0.0,0.0,0.0,0.0
1789986119,801198983,n/a,0.4810068236663927,0.0,0.0,0.0,0.0,0.0
1789986119,821678933,n/a,0.4810068236663927,0.0,0.0,0.0,0.0,0.0
1789986119,839969295,n/a,0.4810068236663927,0.0,0.0,0.0,0.0,0.0
1789986119,859198040,n/a,0.4810068236663927,0.0,0.0,0.0,0.0,0.0
1789986119,878566158,n/a,0.4810068236663927,0.0,0.0,0.0,0.0,0.0
1789986119,897711150,n/a,0.4810068236663927,0.0,0.0,0.0,0.0,0.0
1789986119,917278089,n/a,0.4810068236663927,0.0,0.0,0.0,0.0,0.0
1789986119,936937828,n/a,0.4810068236663927,0.0,0.0,0.0,0.0,0.0
1789986119,961778598,n/a,0.4810068236663927,0.0,0.0,0.0,0.0,0.0
1789986119,981083820,n/a,0.4810068236663927,0.0,0.0,0.0,0.0,0.0
1789986119,999713833,n/a,0.4810068236663927,0.0,0.0,0.0,0.0,0.0
1789986120,19068789,n/a,0.4810068236663927,0.0,0.0,0.0,0.0,0.0
1789986120,38825902,n/a,0.4810068236663927,0.0,0.0,0.0,0.0,0.0
1789986120,58416944,n/a,0.4810068236663927,0.0,0.0,0.0,0.0,0.0
1789986120,81772229,n/a,0.4810068236663927,0.0,0.0,0.0,0.0,0.0
1789986120,100253156,n/a,0.4810068236663927,0.0,0.0,0.0,0.0,0.0
1789986120,118993953,n/a,0.4810068236663927,0.0,0.0,0.0,0.0,0.0
1789986120,138013931,n/a,0.4810068236663927,0.0,0.0,0.0,0.0,0.0
1789986120,157470061,n/a,0.4810068236663927,0.0,0.0,0.0,0.0,0.0
1789986120,176561554,n/a,0.4810068236663927,0.0,0.0,0.0,0.0,0.0
1789986120,199510878,n/a,0.4810068236663927,0.0,0.0,0.0,0.0,0.0
1789986120,219378198,n/a,0.4810068236663927,0.0,0.0,0.0,0.0,0.0
1789986120,238119720,n/a,0.4810068236663927,0.0,0.0,0.0,0.0,0.0
1789986120,258929691,n/a,0.4810068236663927,0.0,0.0,0.0,0.0,0.0
1789986120,277513293,n/a,0.4810068236663927,0.0,0.0,0.0,0.0,0.0
1789986120,296524374,n/a,0.4810068236663927,0.0,0.0,0.0,0.0,0.0
1789986120,316717437,n/a,0.4810068236663927,0.0,0.0,0.0,0.0,0.0
1789986120,339374599,n/a,0.4810068236663927,0.0,0.0,0.0,0.0,0.0
1789986120,358542647,n/a,0.4810068236663927,0.0,0.0,0.0,0.0,0.0
1789986120,377246179,n/a,0.4810068236663927,0.0,0.0,0.0,0.0,0.0
1789986120,395739970,n/a,0.0,0.0,0.0,0.0,0.0,0.0
1789986120,420758868,n/a,0.0,0.0,0.0,0.0,0.0,0.0
1789986120,443824669,n/a,0.0,0.0,0.0,0.0,0.0,0.0
1789986120,457354082,n/a,0.0,0.0,0.0,0.0,0.0,0.0
1789986120,476049433,n/a,0.0,0.0,0.0,0.0,0.0,0.0
1789986120,501216012,n/a,0.0,0.0,0.0,0.0,0.0,0.0
1789986120,520211797,n/a,0.0,0.0,0.0,0.0,0.0,0.0
1789986120,538804612,n/a,0.0,0.0,0.0,0.0,0.0,0.0
1789986120,559979768,n/a,0.0,0.0,0.0,0.0,0.0,0.0
1789986120,575387851,n/a,0.0,0.0,0.0,0.0,0.0,0.0
1789986120,600017193,n/a,0.0,0.0,0.0,0.0,0.0,0.0
1789986120,618249894,n/a,0.0,0.0,0.0,0.0,0.0,0.0
1789986120,637094432,n/a,0.0,0.0,0.0,0.0,0.0,0.0
1789986120,656260499,n/a,0.0,0.0,0.0,0.0,0.0,0.0
1789986120,685068305,n/a,0.0,0.0,0.0,0.0,0.0,0.0
1789986120,697649505,n/a,0.0,0.0,0.0,0.0,0.0,0.0
1789986120,716014291,n/a,0.0,0.0,0.0,0.0,0.0,0.0
1789986120,740151708,n/a,0.0,0.0,0.0,0.0,0.0,0.0
1789986120,759704309,n/a,0.0,0.0,0.0,0.0,0.0,0.0
1789986120,778599378,n/a,0.0,0.0,0.0,0.0,0.0,0.0
1789986120,799422683,n/a,0.0,0.0,0.0,0.0,0.0,0.0
1789986120,819972246,n/a,0.0,0.0,0.0,0.0,0.0,0.0
1789986120,838118320,n/a,0.0,0.0,0.0,0.0,0.0,0.0
1789986120,857201203,n/a,0.0,0.0,0.0,0.0,0.0,0.0
1789986120,875706867,n/a,0.0,0.0,0.0,0.0,0.0,0.0
1789986120,900973983,n/a,0.0,0.0,0.0,0.0,0.0,0.0
1789986120,923958143,n/a,0.0,0.0,0.0,0.0,0.0,0.0
1789986120,936509955,n/a,0.0,0.0,0.0,0.0,0.0,0.0
1789986120,955512841,n/a,0.0,0.0,0.0,0.0,0.0,0.0
1789986120,980030230,n/a,0.0,0.0,0.0,0.0,0.0,0.0
1789986120,998927824,n/a,0.0,0.0,0.0,0.0,0.0,0.0
1789986121,17432882,n/a,0.0,0.0,0.0,0.0,0.0,0.0
1789986121,39112242,n/a,0.0,0.0,0.0,0.0,0.0,0.0
1789986121,60395529,n/a,0.0,0.0,0.0,0.0,0.0,0.0
1789986121,78889997,n/a,0.0,0.0,0.0,0.0,0.0,0.0
1789986121,97114522,n/a,0.0,0.0,0.0,0.0,0.0,0.0
1789986121,115859223,n/a,0.0,0.0,0.0,0.0,0.0,0.0
1789986121,135347306,n/a,0.0,0.0,0.0,0.0,0.0,0.0
1789986121,165072744,n/a,0.0,0.0,0.0,0.0,0.0,0.0
1789986121,177391661,n/a,0.0,0.0,0.0,0.0,0.0,0.0
1789986121,196117076,n/a,0.0,0.0,0.0,0.0,0.0,0.0
1789986121,220619232,n/a,0.0,0.0,0.0,0.0,0.0,0.0
1789986121,239528572,n/a,0.0,0.0,0.0,0.0,0.0,0.0
1789986121,258530629,n/a,0.0,0.0,0.0,0.0,0.0,0.0
1789986121,280709717,n/a,0.0,0.0,0.0,0.0,0.0,0.0
1789986121,300364555,n/a,0.0,0.0,0.0,0.0,0.0,0.0
1789986121,319186139,n/a,0.0,0.0,0.0,0.0,0.0,0.0
1789986121,337984405,n/a,0.0,0.0,0.0,0.0,0.0,0.0
1789986121,357245008,n/a,0.0,0.0,0.0,0.0,0.0,0.0
1789986121,375742981,n/a,0.0,0.0,0.0,0.0,0.0,0.0
1789986121,395247090,n/a,0.0,0.0,0.0,0.0,0.0,0.0
1789986121,417131244,n/a,0.0,0.0,0.0,0.0,0.0,0.0
1789986121,436042615,n/a,0.0,0.0,0.0,0.0,0.0,0.0
1789986121,456048766,n/a,0.0,0.0,0.0,0.0,0.0,0.0
1789986121,476822474,n/a,0.0,0.0,0.0,0.0,0.0,0.0
1789986121,496064524,n/a,0.0,0.0,0.0,0.0,0.0,0.0
1789986121,524189386,n/a,0.0,0.0,0.0,0.0,0.0,0.0
1789986121,536951990,n/a,0.0,0.0,0.0,0.0,0.0,0.0
1789986121,557545997,n/a,0.0,0.0,0.0,0.0,0.0,0.0
1789986121,575911137,n/a,0.0,0.0,0.0,0.0,0.0,0.0
1789986121,601134920,n/a,0.0,0.0,0.0,0.0,0.0,0.0
1789986121,620067711,n/a,0.0,0.0,0.0,0.0,0.0,0.0
1789986121,640019963,n/a,0.0,0.0,0.0,0.0,0.0,0.0
1789986121,655107802,n/a,0.0,0.0,0.0,0.0,0.0,0.0
1789986121,679477636,n/a,0.0,0.0,0.0,0.0,0.0,0.0
1789986121,697678039,n/a,0.0,0.0,0.0,0.0,0.0,0.0
1789986121,716343047,n/a,0.0,0.0,0.0,0.0,0.0,0.0
1789986121,736344860,n/a,0.0,0.0,0.0,0.0,0.0,0.0
1789986121,765148852,n/a,0.0,0.0,0.0,0.0,0.0,0.0
1789986121,777726163,n/a,0.0,0.0,0.0,0.0,0.0,0.0
1789986121,796369818,n/a,0.0,0.0,0.0,0.0,0.0,0.0
1789986121,820676808,n/a,0.0,0.0,0.0,0.0,0.0,0.0
1789986121,840046101,n/a,0.0,0.0,0.0,0.0,0.0,0.0
1789986121,858634496,n/a,0.0,0.0,0.0,0.0,0.0,0.0
1789986121,878980050,n/a,0.0,0.0,0.0,0.0,0.0,0.0
1789986121,899772257,n/a,0.0,0.0,0.0,0.0,0.0,0.0
1789986121,918234964,n/a,0.0,0.0,0.0,0.0,0.0,0.0
1789986121,937962184,n/a,0.0,0.0,0.0,0.0,0.0,0.0
1789986121,956609048,n/a,0.0,0.0,0.0,0.0,0.0,0.0
1789986121,975209270,n/a,0.0,0.0,0.0,0.0,0.0,0.0
1789986122,3755468,n/a,0.0,0.0,0.0,0.0,0.0,0.0
1789986122,16194122,n/a,0.0,0.0,0.0,0.0,0.0,0.0
1789986122,35877999,n/a,0.0,0.0,0.0,0.0,0.0,0.0
1789986122,60120099,n/a,0.0,0.0,0.0,0.0,0.0,0.0
1789986122,79113063,n/a,0.0,0.0,0.0,0.0,0.0,0.0
1789986122,97466879,n/a,0.0,0.0,0.0,0.0,0.0,0.0
1789986122,119143696,n/a,0.0,0.0,0.0,0.0,0.0,0.0
1789986122,138798374,n/a,0.0,0.0,0.0,0.0,0.0,0.0
1789986122,157158106,n/a,0.0,0.0,0.0,0.0,0.0,0.0
1789986122,175548706,n/a,0.0,0.0,0.0,0.0,0.0,0.0
1789986122,200038372,n/a,0.0,0.0,0.0,0.0,0.0,0.0
1789986122,217975315,n/a,0.0,0.0,0.0,0.0,0.0,0.0
1789986122,242172407,n/a,0.0,0.0,0.0,0.0,0.0,0.0
1789986122,255221045,n/a,0.0,0.0,0.0,0.0,0.0,0.0
1789986122,279353202,n/a,0.0,0.0,0.0,0.0,0.0,0.0
1789986122,297372723,n/a,0.0,0.0,0.0,0.0,0.0,0.0
1789986122,315759219,n/a,0.0,0.0,0.0,0.0,0.0,0.0
1789986122,340897997,n/a,0.0,0.0,0.0,0.0,0.0,0.0
1789986122,356941920,n/a,0.0,0.0,0.0,0.0,0.0,0.0
1789986122,375952739,n/a,0.0,0.0,0.0,0.0,0.0,0.0
1789986122,399862479,n/a,0.591854421375509,0.0,0.0,0.0,0.0,0.0
1789986122,417980962,n/a,0.41396767238766785,0.0,0.0,0.0,0.0,0.0
1789986122,437396382,n/a,0.13527115290768638,0.0,0.0,0.0,0.0,0.0
1789986122,455616246,n/a,0.5075490626271018,0.0,0.0,0.0,0.0,0.0
1789986122,478010573,n/a,-0.060926930775057564,0.0,0.0,0.0,0.0,0.0
1789986122,495749725,n/a,0.5750669302428091,0.0,0.0,0.0,0.0,0.0
1789986122,515057027,n/a,0.5547562575615216,0.0,0.0,0.0,0.0,0.0
1789986122,540377878,n/a,0.6428234250640954,0.0,0.0,0.0,0.0,0.0
1789986122,558714513,n/a,0.6344098497770563,0.0,0.0,0.0,0.0,0.0
1789986122,577349023,n/a,0.5024143563064957,0.0,0.0,0.0,0.0,0.0
1789986122,599878870,n/a,0.6073268181037775,0.0,0.0,0.0,0.0,0.0
1789986122,618303738,n/a,0.32543010592855415,0.0,0.0,0.0,0.0,0.0
1789986122,637445315,n/a,0.32239412494242103,0.0,0.0,0.0,0.0,0.0
1789986122,655551649,n/a,0.30502152960072115,0.0,0.0,0.0,0.0,0.0
1789986122,680869256,n/a,0.7890521598517797,0.0,0.0,0.0,0.0,0.0
1789986122,699194142,n/a,0.4378908077810968,0.0,0.0,0.0,0.0,0.0
1789986122,715968712,n/a,0.5658960115125804,0.0,0.0,0.0,0.0,0.0
1789986122,735874484,n/a,0.38750170999044314,0.0,0.0,0.0,0.0,0.0
1789986122,760792867,n/a,0.32013210501392186,0.0,0.0,0.0,0.0,0.0
1789986122,779311252,n/a,0.4334058819158012,0.0,0.0,0.0,0.0,0.0
1789986122,797830111,n/a,0.8405973570241442,0.0,0.0,0.0,0.0,0.0
1789986122,816450701,n/a,0.4854865447663796,0.0,0.0,0.0,0.0,0.0
1789986122,840783321,n/a,0.4065166243392937,0.0,0.0,0.0,0.0,0.0
1789986122,859446740,n/a,0.857241806976548,0.0,0.0,0.0,0.0,0.0
1789986122,877781987,n/a,0.3204844889492823,0.0,0.0,0.0,0.0,0.0
1789986122,896578530,n/a,0.21922994675366994,0.0,0.0,0.0,0.0,0.0
1789986122,916153066,n/a,0.4550956567213573,0.0,0.0,0.0,0.0,0.0
1789986122,936077641,n/a,0.4542823367894832,0.0,0.0,0.0,0.0,0.0
1789986122,961871736,n/a,0.3952905659255727,0.0,0.0,0.0,0.0,0.0
1789986122,975174781,n/a,0.5366586503425228,0.0,0.0,0.0,0.0,0.0
1789986123,565646,n/a,0.3466928402692812,0.0,0.0,0.0,0.0,0.0
1789986123,19337837,n/a,0.6292279787422368,0.0,0.0,0.0,0.0,0.0
1789986123,38952353,n/a,0.6923943807171865,0.0,0.0,0.0,0.0,0.0
1789986123,58159413,n/a,0.39119268167066884,0.0,0.0,0.0,0.0,0.0
1789986123,83013982,n/a,-0.02643644555360719,0.0,0.0,0.0,0.0,0.0
1789986123,95385677,n/a,0.4112698403584597,0.0,0.0,0.0,0.0,0.0
1789986123,120463454,n/a,0.5209439671970004,0.0,0.0,0.0,0.0,0.0
1789986123,139319510,n/a,0.2927253846514342,0.0,0.0,0.0,0.0,0.0
1789986123,158417667,n/a,0.6536919360120692,0.0,0.0,0.0,0.0,0.0
1789986123,177657944,n/a,0.6789408089229869,0.0,0.0,0.0,0.0,0.0
1789986123,200606994,n/a,0.26753452137809475,0.0,0.0,0.0,0.0,0.0
1789986123,219858361,n/a,0.5672709274562509,0.0,0.0,0.0,0.0,0.0
1789986123,238392828,n/a,0.19502575781857845,0.0,0.0,0.0,0.0,0.0
1789986123,257094486,n/a,0.5910246469037904,0.0,0.0,0.0,0.0,0.0
1789986123,276681436,n/a,0.6755229890206642,0.0,0.0,0.0,0.0,0.0
1789986123,295365438,n/a,0.510112356915306,0.0,0.0,0.0,0.0,0.0
1789986123,315322167,n/a,0.4579569490577369,0.0,0.0,0.0,0.0,0.0
1789986123,336547278,n/a,0.7351630845515869,0.0,0.0,0.0,0.0,0.0
1789986123,359638396,n/a,0.43114056427126185,0.0,0.0,0.0,0.0,0.0
1789986123,377693309,n/a,0.4546023612150044,0.0,0.0,0.0,0.0,0.0
1789986123,400229920,n/a,0.2361821445171755,0.0,0.0,0.0,0.0,0.0
1789986123,416606402,n/a,0.4735095955955771,0.0,0.0,0.0,0.0,0.0
1789986123,437885467,n/a,0.7941432321105554,0.0,0.0,0.0,0.0,0.0
1789986123,459470621,n/a,0.7315541051982413,0.0,0.0,0.0,0.0,0.0
1789986123,476558791,n/a,0.5900363957544239,0.0,0.0,0.0,0.0,0.0
1789986123,498126309,n/a,0.5674671805853979,0.0,0.0,0.0,0.0,0.0
1789986123,519708299,n/a,0.22211910225745662,0.0,0.0,0.0,0.0,0.0
1789986123,540972384,n/a,0.524289066427948,0.0,0.0,0.0,0.0,0.0
1789986123,557347335,n/a,0.4780819016394863,0.0,0.0,0.0,0.0,0.0
1789986123,579630950,n/a,0.7935085139018426,0.0,0.0,0.0,0.0,0.0
1789986123,595948321,n/a,0.6630282943504827,0.0,0.0,0.0,0.0,0.0
1789986123,617891968,n/a,0.6063507579880439,0.0,0.0,0.0,0.0,0.0
1789986123,645242258,n/a,0.7014711927772626,0.0,0.0,0.0,0.0,0.0
1789986123,656688803,n/a,0.6061994134250488,0.0,0.0,0.0,0.0,0.0
1789986123,679032656,n/a,0.2787754496170862,0.0,0.0,0.0,0.0,0.0
1789986123,695317629,n/a,0.443108153926726,0.0,0.0,0.0,0.0,0.0
1789986123,716921711,n/a,0.46214510590710917,0.0,0.0,0.0,0.0,0.0
1789986123,738601398,n/a,0.31415342012047565,0.0,0.0,0.0,0.0,0.0
1789986123,760455971,n/a,0.6406338847086244,0.0,0.0,0.0,0.0,0.0
1789986123,777814565,n/a,0.4684483302968072,0.0,0.0,0.0,0.0,0.0
1789986123,799557817,n/a,0.47324518030734747,0.0,0.0,0.0,0.0,0.0
1789986123,815840001,n/a,0.19851417675097288,0.0,0.0,0.0,0.0,0.0
1789986123,837412769,n/a,0.3178295064993687,0.0,0.0,0.0,0.0,0.0
1789986123,858058384,n/a,0.510339122363089,0.0,0.0,0.0,0.0,0.0
1789986123,875525770,n/a,0.5251366833334564,0.0,0.0,0.0,0.0,0.0
1789986123,897599965,n/a,0.4053020545683245,0.0,0.0,0.0,0.0,0.0
1789986123,919284068,n/a,0.7742841315890193,0.0,0.0,0.0,0.0,0.0
1789986123,935411119,n/a,0.7934915468809458,0.0,0.0,0.0,0.0,0.0
1789986123,961117802,n/a,0.7022808146919834,0.0,0.0,0.0,0.0,0.0
1789986123,978499599,n/a,0.009880860416155268,0.0,0.0,0.0,0.0,0.0
1789986124,789844,n/a,0.37106962870806554,0.0,0.0,0.0,0.0,0.0
1789986124,17182729,n/a,0.5181036651906306,0.0,0.0,0.0,0.0,0.0
1789986124,39311234,n/a,0.6408029511218751,0.0,0.0,0.0,0.0,0.0
1789986124,55343491,n/a,0.37830499715364185,0.0,0.0,0.0,0.0,0.0
1789986124,76686879,n/a,0.5427941374401438,0.0,0.0,0.0,0.0,0.0
1789986124,98024429,n/a,0.7977980270634323,0.0,0.0,0.0,0.0,0.0
1789986124,120492423,n/a,0.5455393463507201,0.0,0.0,0.0,0.0,0.0
1789986124,137006440,n/a,0.39141500326131395,0.0,0.0,0.0,0.0,0.0
1789986124,158257660,n/a,0.14027657596763216,0.0,0.0,0.0,0.0,0.0
1789986124,179841152,n/a,0.488007340728171,0.0,0.0,0.0,0.0,0.0
1789986124,196101126,n/a,0.4923608103399025,0.0,0.0,0.0,0.0,0.0
1789986124,217436689,n/a,0.22629003055634186,0.0,0.0,0.0,0.0,0.0
1789986124,238526703,n/a,0.3615046865389537,0.0,0.0,0.0,0.0,0.0
1789986124,255624367,n/a,0.43318938764710757,0.0,0.0,0.0,0.0,0.0
1789986124,275865731,n/a,0.20493764960167088,0.0,0.0,0.0,0.0,0.0
1789986124,299489674,n/a,0.522146627276754,0.0,0.0,0.0,0.0,0.0
1789986124,315490713,n/a,0.0962014103749953,0.0,0.0,0.0,0.0,0.0
1789986124,336619348,n/a,0.7199368305394706,0.0,0.0,0.0,0.0,0.0
1789986124,358271067,n/a,0.6038582350203162,0.0,0.0,0.0,0.0,0.0
1789986124,375310299,n/a,0.4628690804794177,0.0,0.0,0.0,0.0,0.0
1789986124,395999547,n/a,0.7132616459647989,0.0,0.0,0.0,0.0,0.0
1789986124,417852299,n/a,0.47873382283070876,0.0,0.0,0.0,0.0,0.0
1789986124,440121404,n/a,0.3999946758152165,0.0,0.0,0.0,0.0,0.0
1789986124,456114952,n/a,0.3785493606540454,0.0,0.0,0.0,0.0,0.0
1789986124,478597625,n/a,0.6239981539484366,0.0,0.0,0.0,0.0,0.0
1789986124,495426904,n/a,0.4527226699225798,0.0,0.0,0.0,0.0,0.0
1789986124,517234247,n/a,0.4922506434318278,0.0,0.0,0.0,0.0,0.0
1789986124,539110403,n/a,0.23414495462766327,0.0,0.0,0.0,0.0,0.0
1789986124,555280836,n/a,0.4176351478080872,0.0,0.0,0.0,0.0,0.0
1789986124,577289624,n/a,0.7451386084892588,0.0,0.0,0.0,0.0,0.0
1789986124,603507238,n/a,0.48159422959014914,0.0,0.0,0.0,0.0,0.0
1789986124,620108759,n/a,0.7261305758729258,0.0,0.0,0.0,0.0,0.0
1789986124,636801890,n/a,0.5541895553966176,0.0,0.0,0.0,0.0,0.0
1789986124,658395372,n/a,0.6348954792943023,0.0,0.0,0.0,0.0,0.0
1789986124,680289832,n/a,0.572704336765956,0.0,0.0,0.0,0.0,0.0
1789986124,697131929,n/a,0.29473670641555755,0.0,0.0,0.0,0.0,0.0
1789986124,718542511,n/a,0.033560548068273466,0.0,0.0,0.0,0.0,0.0
1789986124,735445336,n/a,0.08029560326132273,0.0,0.0,0.0,0.0,0.0
1789986124,757419447,n/a,0.5145314356546217,0.0,0.0,0.0,0.0,0.0
1789986124,779573952,n/a,0.6140350912617643,0.0,0.0,0.0,0.0,0.0
1789986124,796258436,n/a,0.4624370498350622,0.0,0.0,0.0,0.0,0.0
1789986124,817174596,n/a,0.3965918377261852,0.0,0.0,0.0,0.0,0.0
1789986124,839830868,n/a,0.5374251512180579,0.0,0.0,0.0,0.0,0.0
1789986124,856920028,n/a,0.46633240183203734,0.0,0.0,0.0,0.0,0.0
1789986124,879452527,n/a,0.2725678505635385,0.0,0.0,0.0,0.0,0.0
1789986124,896251850,n/a,0.4733559492095625,0.0,0.0,0.0,0.0,0.0
1789986124,924166915,n/a,0.7199982718263729,0.0,0.0,0.0,0.0,0.0
1789986124,935440187,n/a,0.6064260534567736,0.0,0.0,0.0,0.0,0.0
1789986124,957588477,n/a,0.3614730521823177,0.0,0.0,0.0,0.0,0.0
1789986124,980282002,n/a,0.7851713298748106,0.0,0.0,0.0,0.0,0.0
1789986124,997477960,n/a,0.5483558867450414,0.0,0.0,0.0,0.0,0.0
1789986125,19182404,n/a,0.5508751478664654,0.0,0.0,0.0,0.0,0.0
1789986125,36094791,n/a,0.4875277320117015,0.0,0.0,0.0,0.0,0.0
1789986125,58298059,n/a,0.5867958930753451,0.0,0.0,0.0,0.0,0.0
1789986125,75301164,n/a,0.6718172380551543,0.0,0.0,0.0,0.0,0.0
1789986125,97724815,n/a,0.5009226601804576,0.0,0.0,0.0,0.0,0.0
1789986125,119458957,n/a,0.24461442733011246,0.0,0.0,0.0,0.0,0.0
1789986125,140910123,n/a,0.32440151944143814,0.0,0.0,0.0,0.0,0.0
1789986125,157317505,n/a,0.7081925813018515,0.0,0.0,0.0,0.0,0.0
1789986125,179294207,n/a,0.5616739982186075,0.0,0.0,0.0,0.0,0.0
1789986125,195348397,n/a,0.45462929175116673,0.0,0.0,0.0,0.0,0.0
1789986125,217390088,n/a,0.5842511791833506,0.0,0.0,0.0,0.0,0.0
1789986125,243378468,n/a,0.4122002135967448,0.0,0.0,0.0,0.0,0.0
1789986125,260223757,n/a,0.714477468097876,0.0,0.0,0.0,0.0,0.0
1789986125,277182140,n/a,0.33083044590900573,0.0,0.0,0.0,0.0,0.0
1789986125,299469626,n/a,0.661293920443101,0.0,0.0,0.0,0.0,0.0
1789986125,316132312,n/a,0.6724422023149397,0.0,0.0,0.0,0.0,0.0
1789986125,338441857,n/a,0.3696342384501436,0.0,0.0,0.0,0.0,0.0
1789986125,359953397,n/a,0.3595838030573842,0.0,0.0,0.0,0.0,0.0
1789986125,377059068,n/a,0.4760257236996082,0.0,0.0,0.0,0.0,0.0
1789986125,398938550,n/a,0.5860402695410518,0.0,0.0,0.0,0.0,0.0
1789986125,415590616,n/a,0.2733661641781693,0.0,0.0,0.0,0.0,0.0
1789986125,437610832,n/a,0.5385241308637763,0.0,0.0,0.0,0.0,0.0
1789986125,459310809,n/a,0.2503030401331441,0.0,0.0,0.0,0.0,0.0
1789986125,476557766,n/a,0.277581013280089,0.0,0.0,0.0,0.0,0.0
1789986125,498298860,n/a,0.3140623166276806,0.0,0.0,0.0,0.0,0.0
1789986125,515631093,n/a,0.5274921755077269,0.0,0.0,0.0,0.0,0.0
1789986125,538045834,n/a,0.37593622326108683,0.0,0.0,0.0,0.0,0.0
1789986125,562370934,n/a,0.33861637376430365,0.0,0.0,0.0,0.0,0.0
1789986125,576119256,n/a,0.5131029307089423,0.0,0.0,0.0,0.0,0.0
1789986125,597686070,n/a,0.48243288662012385,0.0,0.0,0.0,0.0,0.0
1789986125,620145858,n/a,0.9335602943253951,0.0,0.0,0.0,0.0,0.0
1789986125,636738843,n/a,0.5053669865363792,0.0,0.0,0.0,0.0,0.0
1789986125,657917804,n/a,0.5300529869837393,0.0,0.0,0.0,0.0,0.0
1789986125,678664255,n/a,0.3166565263076283,0.0,0.0,0.0,0.0,0.0
1789986125,700059429,n/a,0.2813565932371974,0.0,0.0,0.0,0.0,0.0
1789986125,717450183,n/a,0.5782452806313532,0.0,0.0,0.0,0.0,0.0
1789986125,739047511,n/a,0.5670095457143391,0.0,0.0,0.0,0.0,0.0
1789986125,755044095,n/a,0.644262796956323,0.0,0.0,0.0,0.0,0.0
1789986125,775419957,n/a,0.740551911232807,0.0,0.0,0.0,0.0,0.0
1789986125,798338011,n/a,0.17624403721631288,0.0,0.0,0.0,0.0,0.0
1789986125,815290022,n/a,0.2408704920806079,0.0,0.0,0.0,0.0,0.0
1789986125,836801724,n/a,0.06500582954644363,0.0,0.0,0.0,0.0,0.0
1789986125,858148377,n/a,0.42621802332267117,0.0,0.0,0.0,0.0,0.0
1789986125,875027888,n/a,0.37004978376841813,0.0,0.0,0.0,0.0,0.0
1789986125,899661954,n/a,0.3582242098876249,0.0,0.0,0.0,0.0,0.0
1789986125,917295394,n/a,0.7088525762270699,0.0,0.0,0.0,0.0,0.0
1789986125,939263171,n/a,0.5095410426352638,0.0,0.0,0.0,0.0,0.0
1789986125,955395462,n/a,0.41685613047996006,0.0,0.0,0.0,0.0,0.0
1789986125,976658101,n/a,0.7268794028090235,0.0,0.0,0.0,0.0,0.0
1789986126,134959080,n/a,0.40941343891809684,0.0,0.0,0.0,0.0,0.0
1789986126,156305938,n/a,0.4659150136331481,0.0,0.0,0.0,0.0,0.0
1789986126,177818942,n/a,0.8986484141008493,0.0,0.0,0.0,0.0,0.0
1789986126,198014337,n/a,0.3788279889754419,0.0,0.0,0.0,0.0,0.0
1789986126,214982978,n/a,0.6083238184413521,0.0,0.0,0.0,0.0,0.0
1789986126,236437992,n/a,0.32462213594571415,0.0,0.0,0.0,0.0,0.0
1789986126,257797059,n/a,0.27840545495310476,0.0,0.0,0.0,0.0,0.0
1789986126,279594960,n/a,0.27443290474748233,0.0,0.0,0.0,0.0,0.0
1789986126,298606248,n/a,0.5872148906691662,0.0,0.0,0.0,0.0,0.0
1789986126,317633930,n/a,0.38883617705675944,0.0,0.0,0.0,0.0,0.0
1789986126,339859516,n/a,0.4528706415693671,0.0,0.0,0.0,0.0,0.0
1789986126,355862466,n/a,0.18988745277557317,0.0,0.0,0.0,0.0,0.0
1789986126,377130365,n/a,0.5540827459258939,0.0,0.0,0.0,0.0,0.0
1789986126,398600563,n/a,0.32646356056714376,0.0,0.0,0.0,0.0,0.0
1789986126,415488306,n/a,0.887523520784115,0.0,0.0,0.0,0.0,0.0
1789986126,437237472,n/a,0.4615315265855745,0.0,0.0,0.0,0.0,0.0
1789986126,458650232,n/a,0.5646497221171147,0.0,0.0,0.0,0.0,0.0
1789986126,479820299,n/a,0.8137354200357805,0.0,0.0,0.0,0.0,0.0
1789986126,495434193,n/a,0.6547394002984874,0.0,0.0,0.0,0.0,0.0
1789986126,517890201,n/a,0.6159469653752959,0.0,0.0,0.0,0.0,0.0
1789986126,539796736,n/a,0.569501666404526,0.0,0.0,0.0,0.0,0.0
1789986126,555706596,n/a,0.21386146359028899,0.0,0.0,0.0,0.0,0.0
1789986126,576903856,n/a,0.8399091952488025,0.0,0.0,0.0,0.0,0.0
1789986126,597825906,n/a,0.3330191893645066,0.0,0.0,0.0,0.0,0.0
1789986126,619333412,n/a,0.4283245202492273,0.0,0.0,0.0,0.0,0.0
1789986126,635504428,n/a,0.5442304686728598,0.0,0.0,0.0,0.0,0.0
1789986126,657411712,n/a,0.8421112413560126,0.0,0.0,0.0,0.0,0.0
1789986126,678570265,n/a,0.31209119222046333,0.0,0.0,0.0,0.0,0.0
1789986126,699470724,n/a,0.7268285939587718,0.0,0.0,0.0,0.0,0.0
1789986126,720141222,n/a,0.6478888410911086,0.0,0.0,0.0,0.0,0.0
1789986126,736769710,n/a,0.1601021107271371,0.0,0.0,0.0,0.0,0.0
1789986126,758379031,n/a,0.2748125240301705,0.0,0.0,0.0,0.0,0.0
1789986126,779849468,n/a,0.5078631152252646,0.0,0.0,0.0,0.0,0.0
1789986126,795685738,n/a,0.18037984449496597,0.0,0.0,0.0,0.0,0.0
1789986126,818527899,n/a,0.41212992891686934,0.0,0.0,0.0,0.0,0.0
1789986126,837504500,n/a,0.4165664934189521,0.0,0.0,0.0,0.0,0.0
1789986126,858854193,n/a,0.2753559915558026,0.0,0.0,0.0,0.0,0.0
1789986126,880832419,n/a,0.5613139794654823,0.0,0.0,0.0,0.0,0.0
1789986126,896719879,n/a,0.4918641664342364,0.0,0.0,0.0,0.0,0.0
1789986126,917958972,n/a,0.6043799705831236,0.0,0.0,0.0,0.0,0.0
1789986126,938469925,n/a,0.2027310454687034,0.0,0.0,0.0,0.0,0.0
1789986126,959498129,n/a,0.4637300528938449,0.0,0.0,0.0,0.0,0.0
1789986126,975204955,n/a,0.7445235059031076,0.0,0.0,0.0,0.0,0.0
1789986126,996353776,n/a,0.49526922770786985,0.0,0.0,0.0,0.0,0.0
1789986127,17443305,n/a,0.5116181344741323,0.0,0.0,0.0,0.0,0.0
1789986127,38503024,n/a,0.42194460122846905,0.0,0.0,0.0,0.0,0.0
1789986127,59901641,n/a,0.4882372953727192,0.0,0.0,0.0,0.0,0.0
1789986127,77056955,n/a,0.44668596330844484,0.0,0.0,0.0,0.0,0.0
1789986127,98701856,n/a,0.7411903113670895,0.0,0.0,0.0,0.0,0.0
1789986127,119852955,n/a,0.29176726925859914,0.0,0.0,0.0,0.0,0.0
1789986127,140210677,n/a,0.43418561510942233,0.0,0.0,0.0,0.0,0.0
1789986127,156048654,n/a,0.7917685758684953,0.0,0.0,0.0,0.0,0.0
1789986127,177766594,n/a,0.547138534803374,0.0,0.0,0.0,0.0,0.0
1789986127,199118403,n/a,0.7245708232145517,0.0,0.0,0.0,0.0,0.0
1789986127,214866326,n/a,0.11315447644605431,0.0,0.0,0.0,0.0,0.0
1789986127,241181685,n/a,0.21026101292564686,0.0,0.0,0.0,0.0,0.0
1789986127,257377889,n/a,0.36597023181624655,0.0,0.0,0.0,0.0,0.0
1789986127,279218286,n/a,0.6508118474031985,0.0,0.0,0.0,0.0,0.0
1789986127,295220182,n/a,0.7463134865654503,0.0,0.0,0.0,0.0,0.0
1789986127,316124639,n/a,0.19589946038489786,0.0,0.0,0.0,0.0,0.0
1789986127,342111034,n/a,0.4550795197593594,0.0,0.0,0.0,0.0,0.0
1789986127,358307779,n/a,0.31009848113525207,0.0,0.0,0.0,0.0,0.0
1789986127,374997927,n/a,0.502873023018576,0.0,0.0,0.0,0.0,0.0
1789986127,397043660,n/a,0.6691979497323836,0.0,0.0,0.0,0.0,0.0
1789986127,418128642,n/a,0.4398665299366406,0.0,0.0,0.0,0.0,0.0
1789986127,442692433,n/a,0.45899397084625754,0.0,0.0,0.0,0.0,0.0
1789986127,459155236,n/a,0.14499917137046697,0.0,0.0,0.0,0.0,0.0
1789986127,475115821,n/a,0.5760985612774168,0.0,0.0,0.0,0.0,0.0
1789986127,498085596,n/a,0.4486867992595546,0.0,0.0,0.0,0.0,0.0
1789986127,519530952,n/a,0.32555509921152354,0.0,0.0,0.0,0.0,0.0
1789986127,535420066,n/a,0.38924687907623545,0.0,0.0,0.0,0.0,0.0
1789986127,555744152,n/a,-0.1701956420317045,0.0,0.0,0.0,0.0,0.0
1789986127,577204085,n/a,0.5068822490924338,0.0,0.0,0.0,0.0,0.0
1789986127,599761490,n/a,0.3792130630731353,0.0,0.0,0.0,0.0,0.0
1789986127,615668526,n/a,0.14155640129030217,0.0,0.0,0.0,0.0,0.0
1789986127,636503040,n/a,0.37683741558332534,0.0,0.0,0.0,0.0,0.0
1789986127,656818426,n/a,0.7045635881747843,0.0,0.0,0.0,0.0,0.0
1789986127,679008139,n/a,0.5562738212176548,0.0,0.0,0.0,0.0,0.0
1789986127,695422164,n/a,0.4324424014463809,0.0,0.0,0.0,0.0,0.0
1789986127,717378306,n/a,0.4150101207911459,0.0,0.0,0.0,0.0,0.0
1789986127,738716385,n/a,0.5967545977206135,0.0,0.0,0.0,0.0,0.0
1789986127,759711738,n/a,0.41739019773674557,0.0,0.0,0.0,0.0,0.0
1789986127,776178952,n/a,0.6304212774644837,0.0,0.0,0.0,0.0,0.0
1789986127,798244745,n/a,0.3005530060272918,0.0,0.0,0.0,0.0,0.0
1789986127,819356234,n/a,0.8426449924042431,0.0,0.0,0.0,0.0,0.0
1789986127,835225842,n/a,0.639744052075086,0.0,0.0,0.0,0.0,0.0
1789986127,860437652,n/a,0.4649519263663631,0.0,0.0,0.0,0.0,0.0
1789986127,877730361,n/a,0.34924105227181124,0.0,0.0,0.0,0.0,0.0
1789986127,899399871,n/a,0.47499162970696696,0.0,0.0,0.0,0.0,0.0
1789986127,915563584,n/a,0.6012544301299159,0.0,0.0,0.0,0.0,0.0
1789986127,936850442,n/a,0.5373280169561385,0.0,0.0,0.0,0.0,0.0
1789986127,960934464,n/a,0.27713410975983827,0.0,0.0,0.0,0.0,0.0
1789986127,980286789,n/a,0.3993818027693918,0.0,0.0,0.0,0.0,0.0
1789986127,996427434,n/a,0.410198146776486,0.0,0.0,0.0,0.0,0.0
1789986128,17863051,n/a,0.13749955595301488,0.0,0.0,0.0,0.0,0.0
1789986128,34981233,n/a,0.2664921897901414,0.0,0.0,0.0,0.0,0.0
1789986128,55790321,n/a,0.025117889995557086,0.0,0.0,0.0,0.0,0.0
1789986128,76328062,n/a,0.24734158921140756,0.0,0.0,0.0,0.0,0.0
1789986128,98748026,n/a,0.43002094126809565,0.0,0.0,0.0,0.0,0.0
1789986128,120166846,n/a,0.4009093098726196,0.0,0.0,0.0,0.0,0.0
1789986128,136149049,n/a,0.5494879880793924,0.0,0.0,0.0,0.0,0.0
1789986128,156826258,n/a,0.7086152296570253,0.0,0.0,0.0,0.0,0.0
1789986128,177370526,n/a,0.46355808599504184,0.0,0.0,0.0,0.0,0.0
1789986128,200292600,n/a,0.4055301645909149,0.0,0.0,0.0,0.0,0.0
1789986128,216387284,n/a,0.5916061172628352,0.0,0.0,0.0,0.0,0.0
1789986128,237465474,n/a,0.5377672489117936,0.0,0.0,0.0,0.0,0.0
1789986128,258198709,n/a,0.05656130147360422,0.0,0.0,0.0,0.0,0.0
1789986128,278446087,n/a,0.5078299547680587,0.0,0.0,0.0,0.0,0.0
1789986128,295074405,n/a,0.5797641129452155,0.0,0.0,0.0,0.0,0.0
1789986128,317059720,n/a,0.38841688530874047,0.0,0.0,0.0,0.0,0.0
1789986128,339476035,n/a,0.7627940324861546,0.0,0.0,0.0,0.0,0.0
1789986128,355781432,n/a,0.389420736005125,0.0,0.0,0.0,0.0,0.0
1789986128,383446038,n/a,0.6407070592815728,0.0,0.0,0.0,0.0,0.0
1789986128,395333941,n/a,0.6775381974474558,0.0,0.0,0.0,0.0,0.0
1789986128,417699540,n/a,0.21926752496478003,0.0,0.0,0.0,0.0,0.0
1789986128,440365743,n/a,0.5281310318995687,0.0,0.0,0.0,0.0,0.0
1789986128,456899142,n/a,0.39661971776291366,0.0,0.0,0.0,0.0,0.0
1789986128,475054367,n/a,0.11071898823889198,0.0,0.0,0.0,0.0,0.0
1789986128,496902272,n/a,0.5859489268235312,0.0,0.0,0.0,0.0,0.0
1789986128,518872000,n/a,0.4264145240213029,0.0,0.0,0.0,0.0,0.0
1789986128,535272197,n/a,0.6612041214104998,0.0,0.0,0.0,0.0,0.0
1789986128,557204958,n/a,0.4244068580396259,0.0,0.0,0.0,0.0,0.0
1789986128,579602493,n/a,0.610590475123651,0.0,0.0,0.0,0.0,0.0
1789986128,600548589,n/a,0.44980901363602216,0.0,0.0,0.0,0.0,0.0
1789986128,617796514,n/a,0.5768516783837807,0.0,0.0,0.0,0.0,0.0
1789986128,639843551,n/a,0.2414239038946034,0.0,0.0,0.0,0.0,0.0
1789986128,655935601,n/a,0.4411254214008303,0.0,0.0,0.0,0.0,0.0
1789986128,678542303,n/a,0.1745515620536699,0.0,0.0,0.0,0.0,0.0
1789986128,694937757,n/a,0.18896049177670882,0.0,0.0,0.0,0.0,0.0
1789986128,716630516,n/a,0.4097473204507568,0.0,0.0,0.0,0.0,0.0
1789986128,738498928,n/a,0.7485884733755968,0.0,0.0,0.0,0.0,0.0
1789986128,760121261,n/a,0.6057527339337175,0.0,0.0,0.0,0.0,0.0
1789986128,776964440,n/a,0.7325421968176973,0.0,0.0,0.0,0.0,0.0
1789986128,798407034,n/a,0.3773313942081313,0.0,0.0,0.0,0.0,0.0
1789986128,820339050,n/a,0.7039214868845425,0.0,0.0,0.0,0.0,0.0
1789986128,836338743,n/a,0.5435777253364581,0.0,0.0,0.0,0.0,0.0
1789986128,857873955,n/a,0.5122246406418957,0.0,0.0,0.0,0.0,0.0
1789986128,875049416,n/a,0.3989374852816584,0.0,0.0,0.0,0.0,0.0
1789986128,896580301,n/a,0.7362249011978161,0.0,0.0,0.0,0.0,0.0
1789986128,917652228,n/a,0.8209575807279754,0.0,0.0,0.0,0.0,0.0
1789986128,935338844,n/a,0.47866707784806867,0.0,0.0,0.0,0.0,0.0
1789986128,957010842,n/a,0.2812337225245708,0.0,0.0,0.0,0.0,0.0
1789986128,979600775,n/a,0.717763066355205,0.0,0.0,0.0,0.0,0.0
1789986128,995256607,n/a,0.27123543001653894,0.0,0.0,0.0,0.0,0.0
1789986129,17847899,n/a,0.06480586623950912,0.0,0.0,0.0,0.0,0.0
1789986129,43827936,n/a,0.3963921907316681,0.0,0.0,0.0,0.0,0.0
1789986129,55573033,n/a,0.3526305152009844,0.0,0.0,0.0,0.0,0.0
1789986129,78493643,n/a,0.23351848001778505,0.0,0.0,0.0,0.0,0.0
1789986129,100031584,n/a,0.5626870658707301,0.0,0.0,0.0,0.0,0.0
1789986129,118018123,n/a,0.6975720200404736,0.0,0.0,0.0,0.0,0.0
1789986129,140075577,n/a,1.0,0.0,0.0,0.0,0.0,0.0
1789986129,157920055,n/a,0.4736148343775021,0.0,0.0,0.0,0.0,0.0
1789986129,175041497,n/a,0.01577865855910615,0.0,0.0,0.0,0.0,0.0
1789986129,196721560,n/a,0.18006198535434736,0.0,0.0,0.0,0.0,0.0
1789986129,218305820,n/a,0.24902543748352562,0.0,0.0,0.0,0.0,0.0
1789986129,234993542,n/a,0.5919677941871481,0.0,0.0,0.0,0.0,0.0
1789986129,256135962,n/a,0.008635331656576983,0.0,0.0,0.0,0.0,0.0
1789986129,278556752,n/a,0.30195540405513677,0.0,0.0,0.0,0.0,0.0
1789986129,295350131,n/a,0.4681153132489483,0.0,0.0,0.0,0.0,0.0
1789986129,317072420,n/a,0.45275397129715356,0.0,0.0,0.0,0.0,0.0
1789986129,338572475,n/a,0.5252479333360552,0.0,0.0,0.0,0.0,0.0
1789986129,359796931,n/a,0.7369441110253199,0.0,0.0,0.0,0.0,0.0
1789986129,377245355,n/a,0.5796444159214527,0.0,0.0,0.0,0.0,0.0
1789986129,399086416,n/a,0.3980261657486216,0.0,0.0,0.0,0.0,0.0
1789986129,415633694,n/a,0.6505929535148903,0.0,0.0,0.0,0.0,0.0
1789986129,437811945,n/a,0.4097186994883079,0.0,0.0,0.0,0.0,0.0
1789986129,457241779,n/a,0.5038122333966586,0.0,0.0,0.0,0.0,0.0
1789986129,475947606,n/a,0.5267496447148621,0.0,0.0,0.0,0.0,0.0
1789986129,497703969,n/a,0.603202720532369,0.0,0.0,0.0,0.0,0.0
1789986129,519553764,n/a,0.7967112452366625,0.0,0.0,0.0,0.0,0.0
1789986129,535847991,n/a,0.73237069672904,0.0,0.0,0.0,0.0,0.0
1789986129,557921909,n/a,0.3977516662891857,0.0,0.0,0.0,0.0,0.0
1789986129,579634097,n/a,0.24462104250525188,0.0,0.0,0.0,0.0,0.0
1789986129,595738058,n/a,0.4339572295006021,0.0,0.0,0.0,0.0,0.0
1789986129,617463334,n/a,0.5338523823505614,0.0,0.0,0.0,0.0,0.0
1789986129,639394452,n/a,0.4444154298563213,0.0,0.0,0.0,0.0,0.0
1789986129,656577269,n/a,0.4983471587629797,0.0,0.0,0.0,0.0,0.0
1789986129,680136290,n/a,0.45966313265490966,0.0,0.0,0.0,0.0,0.0
1789986129,697509256,n/a,0.15540180281391702,0.0,0.0,0.0,0.0,0.0
1789986129,715588044,n/a,0.31258069021518675,0.0,0.0,0.0,0.0,0.0
1789986129,740242782,n/a,0.029183090276305557,0.0,0.0,0.0,0.0,0.0
1789986129,756922867,n/a,0.6501038412269597,0.0,0.0,0.0,0.0,0.0
1789986129,786096071,n/a,0.2793053992158624,0.0,0.0,0.0,0.0,0.0
1789986129,798561419,n/a,0.7378423027062071,0.0,0.0,0.0,0.0,0.0
1789986129,818622749,n/a,0.5140158432042505,0.0,0.0,0.0,0.0,0.0
1789986129,835477670,n/a,0.5190114743987823,0.0,0.0,0.0,0.0,0.0
1789986129,856951152,n/a,0.24145446128174308,0.0,0.0,0.0,0.0,0.0
1789986129,880754274,n/a,0.1111434440438791,0.0,0.0,0.0,0.0,0.0
1789986129,898264730,n/a,0.09041166272809603,0.0,0.0,0.0,0.0,0.0
1789986129,921718994,n/a,0.29385523613946346,0.0,0.0,0.0,0.0,0.0
1789986129,939743020,n/a,0.2887301270824394,0.0,0.0,0.0,0.0,0.0
1789986129,957673417,n/a,0.43002035235239916,0.0,0.0,0.0,0.0,0.0
1789986129,975249190,n/a,0.350233687861895,0.0,0.0,0.0,0.0,0.0
1789986129,998098536,n/a,0.217507537983371,0.0,0.0,0.0,0.0,0.0
1789986130,15294438,n/a,0.4749289160164864,0.0,0.0,0.0,0.0,0.0
1789986130,39921184,n/a,0.5846547518398689,0.0,0.0,0.0,0.0,0.0
1789986130,57872349,n/a,0.8399364921732979,0.0,0.0,0.0,0.0,0.0
1789986130,75277924,n/a,-0.037286714584268243,0.0,0.0,0.0,0.0,0.0
1789986130,98388296,n/a,0.3340109888778458,0.0,0.0,0.0,0.0,0.0
1789986130,115454420,n/a,0.17905477586195445,0.0,0.0,0.0,0.0,0.0
1789986130,144975851,n/a,0.5184837655539324,0.0,0.0,0.0,0.0,0.0
1789986130,157328263,n/a,0.7218423609430421,0.0,0.0,0.0,0.0,0.0
1789986130,175514194,n/a,0.6552314480761534,0.0,0.0,0.0,0.0,0.0
1789986130,199241092,n/a,0.4850068224121466,0.0,0.0,0.0,0.0,0.0
1789986130,216712553,n/a,0.5485541857776085,0.0,0.0,0.0,0.0,0.0
1789986130,235027811,n/a,0.245506044376733,0.0,0.0,0.0,0.0,0.0
1789986130,257056999,n/a,0.38711124880220404,0.0,0.0,0.0,0.0,0.0
1789986130,278479763,n/a,0.549053230607236,0.0,0.0,0.0,0.0,0.0
1789986130,295902054,n/a,0.5610770498196985,0.0,0.0,0.0,0.0,0.0
1789986130,318891407,n/a,0.37232725552315415,0.0,0.0,0.0,0.0,0.0
1789986130,337067814,n/a,0.47633091041508846,0.0,0.0,0.0,0.0,0.0
1789986130,360613531,n/a,0.2953438518919144,0.0,0.0,0.0,0.0,0.0
1789986130,376916105,n/a,0.3382386828912447,0.0,0.0,0.0,0.0,0.0
1789986130,400080247,n/a,0.34652084553394574,0.0,0.0,0.0,0.0,0.0
1789986130,416773903,n/a,0.3860758573629363,0.0,0.0,0.0,0.0,0.0
1789986130,439605313,n/a,0.37650782562692464,0.0,0.0,0.0,0.0,0.0
1789986130,455930707,n/a,0.7294469155648164,0.0,0.0,0.0,0.0,0.0
1789986130,481869033,n/a,0.2707733510627862,0.0,0.0,0.0,0.0,0.0
1789986130,495534325,n/a,0.40672912763212943,0.0,0.0,0.0,0.0,0.0
1789986130,517649100,n/a,0.27494203717736376,0.0,0.0,0.0,0.0,0.0
1789986130,540775467,n/a,0.6172947633829089,0.0,0.0,0.0,0.0,0.0
1789986130,556994043,n/a,0.6165720378585933,0.0,0.0,0.0,0.0,0.0
1789986130,578535320,n/a,0.35981901316513826,0.0,0.0,0.0,0.0,0.0
1789986130,599915037,n/a,0.6519180096217596,0.0,0.0,0.0,0.0,0.0
1789986130,616476529,n/a,0.07339394537317945,0.0,0.0,0.0,0.0,0.0
1789986130,640070082,n/a,0.46096267897796883,0.0,0.0,0.0,0.0,0.0
1789986130,656904721,n/a,0.6137792915535368,0.0,0.0,0.0,0.0,0.0
1789986130,679001469,n/a,0.5488775004291262,0.0,0.0,0.0,0.0,0.0
1789986130,699765764,n/a,0.3529274221937224,0.0,0.0,0.0,0.0,0.0
1789986130,717196752,n/a,0.30056614590660125,0.0,0.0,0.0,0.0,0.0
1789986130,735020303,n/a,0.6351995335954738,0.0,0.0,0.0,0.0,0.0
1789986130,757250874,n/a,0.5845286720024622,0.0,0.0,0.0,0.0,0.0
1789986130,779388156,n/a,0.5893016647292921,0.0,0.0,0.0,0.0,0.0
1789986130,795464887,n/a,0.4607942590382469,0.0,0.0,0.0,0.0,0.0
1789986130,816618820,n/a,0.6220758324471425,0.0,0.0,0.0,0.0,0.0
1789986130,839412751,n/a,0.2984408978334615,0.0,0.0,0.0,0.0,0.0
1789986130,856292194,n/a,0.58418662506151,0.0,0.0,0.0,0.0,0.0
1789986130,877963096,n/a,0.38148262146082984,0.0,0.0,0.0,0.0,0.0
1789986130,899864488,n/a,0.5807127305930574,0.0,0.0,0.0,0.0,0.0
1789986130,916100759,n/a,0.3335277501450482,0.0,0.0,0.0,0.0,0.0
1789986130,939716915,n/a,0.8650175783061655,0.0,0.0,0.0,0.0,0.0
1789986130,957563319,n/a,0.3569941711900874,0.0,0.0,0.0,0.0,0.0
1789986130,976149591,n/a,0.37602911901710384,0.0,0.0,0.0,0.0,0.0
1789986130,999884219,n/a,0.46953882219490467,0.0,0.0,0.0,0.0,0.0
1789986131,17142781,n/a,0.45882090166190326,0.0,0.0,0.0,0.0,0.0
1789986131,36339532,n/a,0.19633751776457137,0.0,0.0,0.0,0.0,0.0
1789986131,61483065,n/a,0.31476796237684945,0.0,0.0,0.0,0.0,0.0
1789986131,78916191,n/a,0.7179111384973705,0.0,0.0,0.0,0.0,0.0
1789986131,97082077,n/a,0.5563894293666247,0.0,0.0,0.0,0.0,0.0
1789986131,114975272,n/a,0.3219478663149361,0.0,0.0,0.0,0.0,0.0
1789986131,138574749,n/a,0.6847231813656693,0.0,0.0,0.0,0.0,0.0
1789986131,155985027,n/a,0.7886077798183186,0.0,0.0,0.0,0.0,0.0
1789986131,178608609,n/a,0.287507017469423,0.0,0.0,0.0,0.0,0.0
1789986131,197256384,n/a,0.20815776035639594,0.0,0.0,0.0,0.0,0.0
1789986131,216410087,n/a,0.29405679737939744,0.0,0.0,0.0,0.0,0.0
1789986131,239891376,n/a,0.5019764360409945,0.0,0.0,0.0,0.0,0.0
1789986131,261644566,n/a,0.3806888780182876,0.0,0.0,0.0,0.0,0.0
1789986131,275483469,n/a,0.6637790813208694,0.0,0.0,0.0,0.0,0.0
1789986131,298668028,n/a,0.28092029853001305,0.0,0.0,0.0,0.0,0.0
1789986131,316523974,n/a,0.15216686400948842,0.0,0.0,0.0,0.0,0.0
1789986131,339898035,n/a,0.2856034278434418,0.0,0.0,0.0,0.0,0.0
1789986131,357131358,n/a,0.3004574454413101,0.0,0.0,0.0,0.0,0.0
1789986131,380961774,n/a,0.5635545938494025,0.0,0.0,0.0,0.0,0.0
1789986131,398564096,n/a,0.3154619087807077,0.0,0.0,0.0,0.0,0.0
1789986131,416515968,n/a,-0.11963325284993315,0.0,0.0,0.0,0.0,0.0
1789986131,438019202,n/a,0.41054795557058704,0.0,0.0,0.0,0.0,0.0
1789986131,455175333,n/a,0.5720103413581925,0.0,0.0,0.0,0.0,0.0
1789986131,478624222,n/a,0.6994047702852169,0.0,0.0,0.0,0.0,0.0
1789986131,495073066,n/a,0.05191029129861591,0.0,0.0,0.0,0.0,0.0
1789986131,518871820,n/a,0.2945697738689578,0.0,0.0,0.0,0.0,0.0
1789986131,536026902,n/a,0.1111972557711497,0.0,0.0,0.0,0.0,0.0
1789986131,557876258,n/a,0.3125961310866068,0.0,0.0,0.0,0.0,0.0
1789986131,575115122,n/a,0.8077946676068137,0.0,0.0,0.0,0.0,0.0
1789986131,599069412,n/a,0.5723437816866022,0.0,0.0,0.0,0.0,0.0
1789986131,615190561,n/a,0.5329195717223801,0.0,0.0,0.0,0.0,0.0
1789986131,637916525,n/a,0.254591911185429,0.0,0.0,0.0,0.0,0.0
1789986131,660556337,n/a,0.24715108248072273,0.0,0.0,0.0,0.0,0.0
1789986131,677894853,n/a,0.26979433792140756,0.0,0.0,0.0,0.0,0.0
1789986131,695263007,n/a,0.7044291892239098,0.0,0.0,0.0,0.0,0.0
1789986131,717157618,n/a,0.3447824026287058,0.0,0.0,0.0,0.0,0.0
1789986131,735403921,n/a,0.5203634186055603,0.0,0.0,0.0,0.0,0.0
1789986131,757893507,n/a,0.7643988034379949,0.0,0.0,0.0,0.0,0.0
1789986131,780054381,n/a,0.5654911852053699,0.0,0.0,0.0,0.0,0.0
1789986131,796610313,n/a,0.6850698481247808,0.0,0.0,0.0,0.0,0.0
1789986131,821337326,n/a,0.7259822086473258,0.0,0.0,0.0,0.0,0.0
1789986131,835502500,n/a,0.4803795912273098,0.0,0.0,0.0,0.0,0.0
1789986131,858475294,n/a,0.3985792574249415,0.0,0.0,0.0,0.0,0.0
1789986131,880134728,n/a,0.5141578422420932,0.0,0.0,0.0,0.0,0.0
1789986131,897006104,n/a,0.5045048462386788,0.0,0.0,0.0,0.0,0.0
1789986131,918987664,n/a,0.47721787243964847,0.0,0.0,0.0,0.0,0.0
1789986131,941210304,n/a,0.47791700665519077,0.0,0.0,0.0,0.0,0.0
1789986131,957851694,n/a,0.5591781857620812,0.0,0.0,0.0,0.0,0.0
1789986131,980460327,n/a,0.5489076633973311,0.0,0.0,0.0,0.0,0.0
1789986131,996983915,n/a,0.35417335006466205,0.0,0.0,0.0,0.0,0.0
1789986132,19488683,n/a,0.6662802445211995,0.0,0.0,0.0,0.0,0.0
1789986132,38892448,n/a,0.5771446705786172,0.0,0.0,0.0,0.0,0.0
1789986132,59100871,n/a,0.6780331944153695,0.0,0.0,0.0,0.0,0.0
1789986132,76273242,n/a,0.7409031088471236,0.0,0.0,0.0,0.0,0.0
1789986132,98526316,n/a,0.28431726796053947,0.0,0.0,0.0,0.0,0.0
1789986132,115433480,n/a,0.3757148514694757,0.0,0.0,0.0,0.0,0.0
1789986132,139852240,n/a,0.37506890726243763,0.0,0.0,0.0,0.0,0.0
1789986132,156292832,n/a,0.2926533573271235,0.0,0.0,0.0,0.0,0.0
1789986132,179279746,n/a,0.3403496695283648,0.0,0.0,0.0,0.0,0.0
1789986132,197269965,n/a,0.5525929722604394,0.0,0.0,0.0,0.0,0.0
1789986132,220263681,n/a,0.492586547593777,0.0,0.0,0.0,0.0,0.0
1789986132,237563112,n/a,0.11880749774868693,0.0,0.0,0.0,0.0,0.0
1789986132,255314904,n/a,0.23352462361643886,0.0,0.0,0.0,0.0,0.0
1789986132,279511662,n/a,0.3211098664861246,0.0,0.0,0.0,0.0,0.0
1789986132,297796788,n/a,0.46432702356577993,0.0,0.0,0.0,0.0,0.0
1789986132,315903812,n/a,0.42319130851019804,0.0,0.0,0.0,0.0,0.0
1789986132,339036810,n/a,0.33072782344383633,0.0,0.0,0.0,0.0,0.0
1789986132,355496856,n/a,0.20372722259113965,0.0,0.0,0.0,0.0,0.0
1789986132,382731171,n/a,0.632596423237228,0.0,0.0,0.0,0.0,0.0
1789986132,399289137,n/a,0.17630669597431886,0.0,0.0,0.0,0.0,0.0
1789986132,416539884,n/a,0.5947750940863753,0.0,0.0,0.0,0.0,0.0
1789986132,438840601,n/a,0.868064427752099,0.0,0.0,0.0,0.0,0.0
1789986132,455077648,n/a,0.041928467115464496,0.0,0.0,0.0,0.0,0.0
1789986132,476574833,n/a,0.4983940370891062,0.0,0.0,0.0,0.0,0.0
1789986132,498197250,n/a,0.26551153434103336,0.0,0.0,0.0,0.0,0.0
1789986132,515647307,n/a,0.2725344845354568,0.0,0.0,0.0,0.0,0.0
1789986132,539359426,n/a,0.18438598382736798,0.0,0.0,0.0,0.0,0.0
1789986132,557308563,n/a,0.5075106985942301,0.0,0.0,0.0,0.0,0.0
1789986132,580038149,n/a,0.32841858558925974,0.0,0.0,0.0,0.0,0.0
1789986132,603243069,n/a,0.6381245354600376,0.0,0.0,0.0,0.0,0.0
1789986132,620301169,n/a,0.3386837530256261,0.0,0.0,0.0,0.0,0.0
1789986132,637363999,n/a,0.5858115168716979,0.0,0.0,0.0,0.0,0.0
1789986132,655271485,n/a,0.2994912921021304,0.0,0.0,0.0,0.0,0.0
1789986132,678228099,n/a,0.3058777901871258,0.0,0.0,0.0,0.0,0.0
1789986132,695120342,n/a,0.25516714446191535,0.0,0.0,0.0,0.0,0.0
1789986132,719539138,n/a,0.6008417613768663,0.0,0.0,0.0,0.0,0.0
1789986132,736871690,n/a,0.6444943283027821,0.0,0.0,0.0,0.0,0.0
1789986132,754979894,n/a,0.6038483248957136,0.0,0.0,0.0,0.0,0.0
1789986132,778926701,n/a,0.3571251090859653,0.0,0.0,0.0,0.0,0.0
1789986132,795181485,n/a,0.4688862535315495,0.0,0.0,0.0,0.0,0.0
1789986132,819037200,n/a,0.44303626345061636,0.0,0.0,0.0,0.0,0.0
1789986132,838063155,n/a,0.4527781192929293,0.0,0.0,0.0,0.0,0.0
1789986132,855032575,n/a,-0.08439825383336558,0.0,0.0,0.0,0.0,0.0
1789986132,876553786,n/a,-0.03514942783573949,0.0,0.0,0.0,0.0,0.0
1789986132,899416165,n/a,0.10162504477681195,0.0,0.0,0.0,0.0,0.0
1789986132,915647869,n/a,0.7104530079695162,0.0,0.0,0.0,0.0,0.0
1789986132,936994793,n/a,0.5310004640272141,0.0,0.0,0.0,0.0,0.0
1789986132,958995859,n/a,0.6113984081802097,0.0,0.0,0.0,0.0,0.0
1789986132,975028176,n/a,0.7670654070260794,0.0,0.0,0.0,0.0,0.0
1789986132,996701951,n/a,0.06029467654031079,0.0,0.0,0.0,0.0,0.0
1789986133,19393814,n/a,0.16626241413795811,0.0,0.0,0.0,0.0,0.0
1789986133,41459967,n/a,0.7026766069274062,0.0,0.0,0.0,0.0,0.0
1789986133,57809700,n/a,0.06576191470434195,0.0,0.0,0.0,0.0,0.0
1789986133,80673647,n/a,0.15816423139295688,0.0,0.0,0.0,0.0,0.0
1789986133,96787490,n/a,0.4915445138549007,0.0,0.0,0.0,0.0,0.0
1789986133,119467707,n/a,0.6382904096238854,0.0,0.0,0.0,0.0,0.0
1789986133,137370251,n/a,0.4417238417312105,0.0,0.0,0.0,0.0,0.0
1789986133,157803505,n/a,0.5959334679940796,0.0,0.0,0.0,0.0,0.0
1789986133,178747460,n/a,0.54145332474165,0.0,0.0,0.0,0.0,0.0
1789986133,195616793,n/a,0.36112697343147887,0.0,0.0,0.0,0.0,0.0
1789986133,217101837,n/a,0.6436546935453319,0.0,0.0,0.0,0.0,0.0
1789986133,239063076,n/a,0.6348713934262451,0.0,0.0,0.0,0.0,0.0
1789986133,255311849,n/a,0.35913368697948195,0.0,0.0,0.0,0.0,0.0
1789986133,277897552,n/a,0.16288200359895855,0.0,0.0,0.0,0.0,0.0
1789986133,299412982,n/a,0.527747105163631,0.0,0.0,0.0,0.0,0.0
1789986133,316638240,n/a,0.4177670938388791,0.0,0.0,0.0,0.0,0.0
1789986133,338321092,n/a,0.38742902422144393,0.0,0.0,0.0,0.0,0.0
1789986133,358851384,n/a,0.5721677450975904,0.0,0.0,0.0,0.0,0.0
1789986133,376333179,n/a,0.8740873385084256,0.0,0.0,0.0,0.0,0.0
1789986133,397868114,n/a,0.4262168334324318,0.0,0.0,0.0,0.0,0.0
1789986133,418794995,n/a,0.5939459717644684,0.0,0.0,0.0,0.0,0.0
1789986133,440012618,n/a,0.41967467221974597,0.0,0.0,0.0,0.0,0.0
1789986133,459932128,n/a,0.6907763109653666,0.0,0.0,0.0,0.0,0.0
1789986133,476776374,n/a,0.5598585508437499,0.0,0.0,0.0,0.0,0.0
1789986133,499814901,n/a,0.03182023812016116,0.0,0.0,0.0,0.0,0.0
1789986133,515689098,n/a,0.5943205802900875,0.0,0.0,0.0,0.0,0.0
1789986133,537119777,n/a,0.22023105229225046,0.0,0.0,0.0,0.0,0.0
1789986133,560352853,n/a,0.42971557599807925,0.0,0.0,0.0,0.0,0.0
1789986133,578943611,n/a,0.6202566192650389,0.0,0.0,0.0,0.0,0.0
1789986133,595424482,n/a,0.6474630947070438,0.0,0.0,0.0,0.0,0.0
1789986133,618292772,n/a,-0.010463125586130217,0.0,0.0,0.0,0.0,0.0
1789986133,635705220,n/a,0.213889608213805,0.0,0.0,0.0,0.0,0.0
1789986133,657589860,n/a,0.6940495964013517,0.0,0.0,0.0,0.0,0.0
1789986133,675360298,n/a,0.22057282935393818,0.0,0.0,0.0,0.0,0.0
1789986133,698758047,n/a,0.494286977069246,0.0,0.0,0.0,0.0,0.0
1789986133,719921377,n/a,0.5361428051248162,0.0,0.0,0.0,0.0,0.0
1789986133,739125999,n/a,0.7238575501398171,0.0,0.0,0.0,0.0,0.0
1789986133,757049655,n/a,0.3099623357108545,0.0,0.0,0.0,0.0,0.0
1789986133,779473142,n/a,0.5540856508612124,0.0,0.0,0.0,0.0,0.0
1789986133,797444717,n/a,0.4845807639328392,0.0,0.0,0.0,0.0,0.0
1789986133,816215455,n/a,0.1388005066378422,0.0,0.0,0.0,0.0,0.0
1789986133,835405803,n/a,0.11005840824788676,0.0,0.0,0.0,0.0,0.0
1789986133,855067792,n/a,0.4110776167325829,0.0,0.0,0.0,0.0,0.0
1789986133,879076761,n/a,0.7385283315413333,0.0,0.0,0.0,0.0,0.0
1789986133,895847635,n/a,0.6115419493244116,0.0,0.0,0.0,0.0,0.0
1789986133,917334707,n/a,0.2953505357996459,0.0,0.0,0.0,0.0,0.0
1789986133,936120158,n/a,0.5112327836707048,0.0,0.0,0.0,0.0,0.0
1789986133,961312685,n/a,0.5688885683429908,0.0,0.0,0.0,0.0,0.0
1789986133,975304724,n/a,0.6938557089644894,0.0,0.0,0.0,0.0,0.0
1789986134,330409,n/a,0.35511963433076055,0.0,0.0,0.0,0.0,0.0
1789986134,18072240,n/a,0.4658276793703703,0.0,0.0,0.0,0.0,0.0
1789986134,40658309,n/a,0.12787348212243088,0.0,0.0,0.0,0.0,0.0
1789986134,60092032,n/a,0.3066037268609093,0.0,0.0,0.0,0.0,0.0
1789986134,79039264,n/a,0.5337548844730173,0.0,0.0,0.0,0.0,0.0
1789986134,97737440,n/a,0.3674865123814193,0.0,0.0,0.0,0.0,0.0
1789986134,116777338,n/a,0.31029277911780173,0.0,0.0,0.0,0.0,0.0
1789986134,136277051,n/a,0.7265496453314311,0.0,0.0,0.0,0.0,0.0
1789986134,155401410,n/a,0.3641090570566264,0.0,0.0,0.0,0.0,0.0
1789986134,175694195,n/a,0.4903582036629369,0.0,0.0,0.0,0.0,0.0
1789986134,198709518,n/a,0.9347294245884628,0.0,0.0,0.0,0.0,0.0
1789986134,216961703,n/a,0.5898382951911931,0.0,0.0,0.0,0.0,0.0
1789986134,234971470,n/a,0.6138704213008805,0.0,0.0,0.0,0.0,0.0
1789986134,258254656,n/a,0.2918555292077376,0.0,0.0,0.0,0.0,0.0
1789986134,275499141,n/a,0.16354049923815384,0.0,0.0,0.0,0.0,0.0
1789986134,298626421,n/a,0.7163492331328892,0.0,0.0,0.0,0.0,0.0
1789986134,315579354,n/a,0.5200025735813404,0.0,0.0,0.0,0.0,0.0
1789986134,338882825,n/a,0.5353074418057503,0.0,0.0,0.0,0.0,0.0
1789986134,356095935,n/a,0.44129022593555545,0.0,0.0,0.0,0.0,0.0
1789986134,375018789,n/a,0.3492636673247259,0.0,0.0,0.0,0.0,0.0
1789986134,396531330,n/a,-0.4935493300352181,0.0,0.0,0.0,0.0,0.0
1789986134,419312014,n/a,-0.49690379210548113,0.0,0.0,0.0,0.0,0.0
1789986134,436705985,n/a,-0.4688301461904877,0.0,0.0,0.0,0.0,0.0
1789986134,460056371,n/a,-0.342154337288124,0.0,0.0,0.0,0.0,0.0
1789986134,476599215,n/a,-0.23852233248299046,0.0,0.0,0.0,0.0,0.0
1789986134,499565844,n/a,-0.37044187274160706,0.0,0.0,0.0,0.0,0.0
1789986134,516022044,n/a,-0.7327074409220186,0.0,0.0,0.0,0.0,0.0
1789986134,540008443,n/a,-0.5940535991471244,0.0,0.0,0.0,0.0,0.0
1789986134,556323471,n/a,-0.41164050074416103,0.0,0.0,0.0,0.0,0.0
1789986134,579201788,n/a,-0.4189870143428745,0.0,0.0,0.0,0.0,0.0
1789986134,599909687,n/a,-0.3097565750585699,0.0,0.0,0.0,0.0,0.0
1789986134,617933600,n/a,-0.5806967038444584,0.0,0.0,0.0,0.0,0.0
1789986134,640379693,n/a,-0.4393816409544661,0.0,0.0,0.0,0.0,0.0
1789986134,656906251,n/a,-0.6500192894756407,0.0,0.0,0.0,0.0,0.0
1789986134,678422629,n/a,-0.7843614418226941,0.0,0.0,0.0,0.0,0.0
1789986134,695686338,n/a,-0.5086752034477118,0.0,0.0,0.0,0.0,0.0
1789986134,717306280,n/a,-0.6776106150184751,0.0,0.0,0.0,0.0,0.0
1789986134,740201169,n/a,-0.7004081287666989,0.0,0.0,0.0,0.0,0.0
1789986134,756689082,n/a,-0.33284861661387505,0.0,0.0,0.0,0.0,0.0
1789986134,778321429,n/a,-0.33128179524934737,0.0,0.0,0.0,0.0,0.0
1789986134,795502116,n/a,-0.6888983563216511,0.0,0.0,0.0,0.0,0.0
1789986134,817757092,n/a,-0.680931362890882,0.0,0.0,0.0,0.0,0.0
1789986134,836360879,n/a,-0.27814681027945026,0.0,0.0,0.0,0.0,0.0
1789986134,858575504,n/a,-0.6784921929733299,0.0,0.0,0.0,0.0,0.0
1789986134,875057148,n/a,-0.4459220805652322,0.0,0.0,0.0,0.0,0.0
1789986134,897303787,n/a,-0.45203063981485275,0.0,0.0,0.0,0.0,0.0
1789986134,920467032,n/a,-0.6742922756403014,0.0,0.0,0.0,0.0,0.0
1789986134,936500309,n/a,-0.29305466607863523,0.0,0.0,0.0,0.0,0.0
1789986134,958914530,n/a,-0.6050931485596593,0.0,0.0,0.0,0.0,0.0
1789986134,975444594,n/a,-0.21570947966932702,0.0,0.0,0.0,0.0,0.0
1789986134,998192683,n/a,-0.23380325683937003,0.0,0.0,0.0,0.0,0.0
1789986135,19595599,n/a,-0.17441180890774838,0.0,0.0,0.0,0.0,0.0
1789986135,35756506,n/a,0.0317403239917744,0.0,0.0,0.0,0.0,0.0
1789986135,58986201,n/a,-0.32668549651787543,0.0,0.0,0.0,0.0,0.0
1789986135,75154411,n/a,-0.47352429602226487,0.0,0.0,0.0,0.0,0.0
1789986135,97173355,n/a,-0.2270664334741201,0.0,0.0,0.0,0.0,0.0
1789986135,119205486,n/a,-0.08161561523582561,0.0,0.0,0.0,0.0,0.0
1789986135,138600610,n/a,-0.36790882201136454,0.0,0.0,0.0,0.0,0.0
1789986135,157543048,n/a,-0.3055293860315138,0.0,0.0,0.0,0.0,0.0
1789986135,180500029,n/a,-0.3649262835293213,0.0,0.0,0.0,0.0,0.0
1789986135,196704231,n/a,-0.1396588113299072,0.0,0.0,0.0,0.0,0.0
1789986135,219006280,n/a,-0.15988986180489972,0.0,0.0,0.0,0.0,0.0
1789986135,235966327,n/a,-0.5675052787430226,0.0,0.0,0.0,0.0,0.0
1789986135,257294048,n/a,-0.5105790216524672,0.0,0.0,0.0,0.0,0.0
1789986135,279316260,n/a,-0.01619930876632364,0.0,0.0,0.0,0.0,0.0
1789986135,296139647,n/a,-0.38442150100009165,0.0,0.0,0.0,0.0,0.0
1789986135,317863007,n/a,-0.5318839095563662,0.0,0.0,0.0,0.0,0.0
1789986135,339870489,n/a,-0.5250623238323435,0.0,0.0,0.0,0.0,0.0
1789986135,360904016,n/a,-0.7019425876925219,0.0,0.0,0.0,0.0,0.0
1789986135,377091151,n/a,-0.30821070249025456,0.0,0.0,0.0,0.0,0.0
1789986135,398454549,n/a,-0.4990974382266777,0.0,0.0,0.0,0.0,0.0
1789986135,415416708,n/a,-0.5636087332308027,0.0,0.0,0.0,0.0,0.0
1789986135,437110471,n/a,-0.6601210158265873,0.0,0.0,0.0,0.0,0.0
1789986135,462368031,n/a,-0.5460853689302569,0.0,0.0,0.0,0.0,0.0
1789986135,478743753,n/a,-0.4636843130025069,0.0,0.0,0.0,0.0,0.0
1789986135,500072639,n/a,-0.4188644389002988,0.0,0.0,0.0,0.0,0.0
1789986135,516140070,n/a,-0.2749292827587884,0.0,0.0,0.0,0.0,0.0
1789986135,539386596,n/a,-0.4441534757298468,0.0,0.0,0.0,0.0,0.0
1789986135,556234076,n/a,-0.39794387940382847,0.0,0.0,0.0,0.0,0.0
1789986135,578001144,n/a,-0.6127433489169303,0.0,0.0,0.0,0.0,0.0
1789986135,600077179,n/a,-0.4596406247046071,0.0,0.0,0.0,0.0,0.0
1789986135,616787885,n/a,-0.03824385502983302,0.0,0.0,0.0,0.0,0.0
1789986135,639219547,n/a,0.047350102899710034,0.0,0.0,0.0,0.0,0.0
1789986135,656302101,n/a,-0.15426598774256417,0.0,0.0,0.0,0.0,0.0
1789986135,679116648,n/a,-0.43705326838194064,0.0,0.0,0.0,0.0,0.0
1789986135,696303977,n/a,-0.38242044720122875,0.0,0.0,0.0,0.0,0.0
1789986135,718911472,n/a,-0.0378836450360201,0.0,0.0,0.0,0.0,0.0
1789986135,735772608,n/a,-0.045457522981698306,0.0,0.0,0.0,0.0,0.0
1789986135,756725452,n/a,-0.1951322284465521,0.0,0.0,0.0,0.0,0.0
1789986135,783347471,n/a,-0.5812666724658905,0.0,0.0,0.0,0.0,0.0
1789986135,799700157,n/a,-0.2678022478551871,0.0,0.0,0.0,0.0,0.0
1789986135,815718035,n/a,-0.5538067127925558,0.0,0.0,0.0,0.0,0.0
1789986135,837213833,n/a,-0.4228100050401657,0.0,0.0,0.0,0.0,0.0
1789986135,858700615,n/a,-0.07323719381715443,0.0,0.0,0.0,0.0,0.0
1789986135,875794094,n/a,-0.21531783172762559,0.0,0.0,0.0,0.0,0.0
1789986135,898106057,n/a,-0.4396423384413743,0.0,0.0,0.0,0.0,0.0
1789986135,919872575,n/a,-0.5180739511887631,0.0,0.0,0.0,0.0,0.0
1789986135,936215911,n/a,-0.3338098697805093,0.0,0.0,0.0,0.0,0.0
1789986135,957562377,n/a,-0.8470877772726133,0.0,0.0,0.0,0.0,0.0
1789986135,979871842,n/a,-0.39477946226342886,0.0,0.0,0.0,0.0,0.0
1789986136,1023942,n/a,-0.6246886016652445,0.0,0.0,0.0,0.0,0.0
1789986136,17495671,n/a,-0.7721739523927327,0.0,0.0,0.0,0.0,0.0
1789986136,39681935,n/a,-0.5442711206055798,0.0,0.0,0.0,0.0,0.0
1789986136,55697037,n/a,-0.7441268891212639,0.0,0.0,0.0,0.0,0.0
1789986136,77792443,n/a,-0.09724916047829729,0.0,0.0,0.0,0.0,0.0
1789986136,96656924,n/a,-0.501351952852073,0.0,0.0,0.0,0.0,0.0
1789986136,120966921,n/a,-0.769987684621634,0.0,0.0,0.0,0.0,0.0
1789986136,137708364,n/a,-0.34673582859135055,0.0,0.0,0.0,0.0,0.0
1789986136,159101052,n/a,-0.6494319320452651,0.0,0.0,0.0,0.0,0.0
1789986136,176120925,n/a,-0.5557146762306198,0.0,0.0,0.0,0.0,0.0
1789986136,197930323,n/a,-0.5247929479305797,0.0,0.0,0.0,0.0,0.0
1789986136,217847030,n/a,-0.5882984959057254,0.0,0.0,0.0,0.0,0.0
1789986136,239842302,n/a,-0.5074264755734659,0.0,0.0,0.0,0.0,0.0
1789986136,256463903,n/a,-0.6143182715437451,0.0,0.0,0.0,0.0,0.0
1789986136,278912851,n/a,-0.3773260260482403,0.0,0.0,0.0,0.0,0.0
1789986136,300112935,n/a,-0.5917657229934423,0.0,0.0,0.0,0.0,0.0
1789986136,315363902,n/a,-0.4771452854366432,0.0,0.0,0.0,0.0,0.0
1789986136,336451204,n/a,-0.563621134963878,0.0,0.0,0.0,0.0,0.0
1789986136,358206240,n/a,-0.2550119474647381,0.0,0.0,0.0,0.0,0.0
1789986136,375652536,n/a,-0.538195197178475,0.0,0.0,0.0,0.0,0.0
1789986136,397128883,n/a,-0.6122006355693124,0.0,0.0,0.0,0.0,0.0
1789986136,417045787,n/a,-0.5178618190180547,0.0,0.0,0.0,0.0,0.0
1789986136,438441748,n/a,-0.6876008259464281,0.0,0.0,0.0,0.0,0.0
1789986136,459464502,n/a,-0.4845258141476769,0.0,0.0,0.0,0.0,0.0
1789986136,476644232,n/a,-0.6517898698653071,0.0,0.0,0.0,0.0,0.0
1789986136,498050254,n/a,-0.2477130772939009,0.0,0.0,0.0,0.0,0.0
1789986136,517930687,n/a,-0.1672748786750714,0.0,0.0,0.0,0.0,0.0
1789986136,535040447,n/a,-0.3891610053433952,0.0,0.0,0.0,0.0,0.0
1789986136,556692387,n/a,-0.3640906866927138,0.0,0.0,0.0,0.0,0.0
1789986136,579025422,n/a,-1.0,0.0,0.0,0.0,0.0,0.0
1789986136,600872014,n/a,0.07808816242826083,0.0,0.0,0.0,0.0,0.0
1789986136,619047389,n/a,-0.3172676189148501,0.0,0.0,0.0,0.0,0.0
1789986136,637670089,n/a,-0.38104934484514824,0.0,0.0,0.0,0.0,0.0
1789986136,659114851,n/a,-0.35536354307799456,0.0,0.0,0.0,0.0,0.0
1789986136,676335136,n/a,-0.29682150208076846,0.0,0.0,0.0,0.0,0.0
1789986136,697595349,n/a,-0.380114246101402,0.0,0.0,0.0,0.0,0.0
1789986136,719933883,n/a,-0.6943441746059847,0.0,0.0,0.0,0.0,0.0
1789986136,735790724,n/a,-0.48566636993498624,0.0,0.0,0.0,0.0,0.0
1789986136,759221168,n/a,-0.6843791992133054,0.0,0.0,0.0,0.0,0.0
1789986136,775304801,n/a,-0.7671908452610298,0.0,0.0,0.0,0.0,0.0
1789986136,796141277,n/a,-0.49848440110053266,0.0,0.0,0.0,0.0,0.0
1789986136,816826405,n/a,-0.6091099786681212,0.0,0.0,0.0,0.0,0.0
1789986136,837934188,n/a,-0.4777877497302191,0.0,0.0,0.0,0.0,0.0
1789986136,855407456,n/a,-0.2413059737308844,0.0,0.0,0.0,0.0,0.0
1789986136,877084192,n/a,-0.6200727894068969,0.0,0.0,0.0,0.0,0.0
1789986136,897979115,n/a,-0.36735357020087533,0.0,0.0,0.0,0.0,0.0
1789986136,919201489,n/a,-0.435525737450884,0.0,0.0,0.0,0.0,0.0
1789986136,938843349,n/a,-0.3670347080564835,0.0,0.0,0.0,0.0,0.0
1789986136,955693782,n/a,-0.35768502598852087,0.0,0.0,0.0,0.0,0.0
1789986136,978274270,n/a,0.11940944624715616,0.0,0.0,0.0,0.0,0.0
1789986136,999055128,n/a,-0.3427278758585763,0.0,0.0,0.0,0.0,0.0
1789986137,19722323,n/a,-0.12083203222793548,0.0,0.0,0.0,0.0,0.0
1789986137,39469028,n/a,-0.8350279507700626,0.0,0.0,0.0,0.0,0.0
1789986137,57045921,n/a,-0.2643706753007011,0.0,0.0,0.0,0.0,0.0
1789986137,79160866,n/a,-0.9297267644630411,0.0,0.0,0.0,0.0,0.0
1789986137,95456007,n/a,-0.7346333490695891,0.0,0.0,0.0,0.0,0.0
1789986137,116301757,n/a,-0.29614430061684627,0.0,0.0,0.0,0.0,0.0
1789986137,138326310,n/a,-0.9095308150657165,0.0,0.0,0.0,0.0,0.0
1789986137,158090271,n/a,-0.40795754309268256,0.0,0.0,0.0,0.0,0.0
1789986137,180049385,n/a,-1.0,0.0,0.0,0.0,0.0,0.0
1789986137,195952833,n/a,-0.6525896880519697,0.0,0.0,0.0,0.0,0.0
1789986137,216710992,n/a,-0.4416870810521601,0.0,0.0,0.0,0.0,0.0
1789986137,237874930,n/a,-0.44363344374221086,0.0,0.0,0.0,0.0,0.0
1789986137,258928474,n/a,-0.620063207353214,0.0,0.0,0.0,0.0,0.0
1789986137,275779429,n/a,-0.4335456087763876,0.0,0.0,0.0,0.0,0.0
1789986137,297794507,n/a,-0.19018952450257098,0.0,0.0,0.0,0.0,0.0
1789986137,320139287,n/a,-0.23518884161261985,0.0,0.0,0.0,0.0,0.0
1789986137,336605282,n/a,-0.3530197031885158,0.0,0.0,0.0,0.0,0.0
1789986137,357605130,n/a,-0.3855298802396459,0.0,0.0,0.0,0.0,0.0
1789986137,380330908,n/a,-0.3572298504988862,0.0,0.0,0.0,0.0,0.0
1789986137,396404713,n/a,-0.7370852489775255,0.0,0.0,0.0,0.0,0.0
1789986137,417929308,n/a,-0.6049632513861305,0.0,0.0,0.0,0.0,0.0
1789986137,441008922,n/a,-0.45416579115364214,0.0,0.0,0.0,0.0,0.0
1789986137,463174735,n/a,-0.6453896465258562,0.0,0.0,0.0,0.0,0.0
1789986137,480353910,n/a,-0.3981375716920741,0.0,0.0,0.0,0.0,0.0
1789986137,496455156,n/a,-0.6000775991359657,0.0,0.0,0.0,0.0,0.0
1789986137,518561142,n/a,-0.47985198238737314,0.0,0.0,0.0,0.0,0.0
1789986137,540074798,n/a,-0.7915590437831027,0.0,0.0,0.0,0.0,0.0
1789986137,557005132,n/a,-0.49017834207182615,0.0,0.0,0.0,0.0,0.0
1789986137,579778942,n/a,-0.21106743099907316,0.0,0.0,0.0,0.0,0.0
1789986137,595942969,n/a,-0.4080502463813753,0.0,0.0,0.0,0.0,0.0
1789986137,617569657,n/a,-0.7296754567721245,0.0,0.0,0.0,0.0,0.0
1789986137,639111950,n/a,-0.5080399798471218,0.0,0.0,0.0,0.0,0.0
1789986137,656370525,n/a,-0.6075882019733363,0.0,0.0,0.0,0.0,0.0
1789986137,678120929,n/a,-0.6553025164917745,0.0,0.0,0.0,0.0,0.0
1789986137,695205328,n/a,-0.36792065516041644,0.0,0.0,0.0,0.0,0.0
1789986137,716412791,n/a,-0.36513021544354846,0.0,0.0,0.0,0.0,0.0
1789986137,737929246,n/a,-0.3738484992301835,0.0,0.0,0.0,0.0,0.0
1789986137,760320269,n/a,-0.48527356174633945,0.0,0.0,0.0,0.0,0.0
1789986137,780097452,n/a,-0.5765081639301565,0.0,0.0,0.0,0.0,0.0
1789986137,797759080,n/a,-0.5181174512378784,0.0,0.0,0.0,0.0,0.0
1789986137,815387397,n/a,-0.48286890825283857,0.0,0.0,0.0,0.0,0.0
1789986137,837055293,n/a,-0.5727210261770372,0.0,0.0,0.0,0.0,0.0
1789986137,859622668,n/a,-0.8714122848384744,0.0,0.0,0.0,0.0,0.0
1789986137,875912165,n/a,-0.2856615963794815,0.0,0.0,0.0,0.0,0.0
1789986137,896685745,n/a,-0.49247525996854247,0.0,0.0,0.0,0.0,0.0
1789986137,918128560,n/a,-0.3143406484165543,0.0,0.0,0.0,0.0,0.0
1789986137,939400873,n/a,-0.0479928494830818,0.0,0.0,0.0,0.0,0.0
1789986137,957806800,n/a,-0.2611640462759732,0.0,0.0,0.0,0.0,0.0
1789986137,979129470,n/a,-0.15799647786964127,0.0,0.0,0.0,0.0,0.0
1789986137,999875877,n/a,-0.629646882849095,0.0,0.0,0.0,0.0,0.0
1789986138,15954479,n/a,-0.227631910198579,0.0,0.0,0.0,0.0,0.0
1789986138,38621781,n/a,-0.4370849168783506,0.0,0.0,0.0,0.0,0.0
1789986138,56069508,n/a,-0.7738087974043844,0.0,0.0,0.0,0.0,0.0
1789986138,77846575,n/a,-0.4350571886827229,0.0,0.0,0.0,0.0,0.0
1789986138,95662243,n/a,-0.08921545367043238,0.0,0.0,0.0,0.0,0.0
1789986138,120047123,n/a,-0.4170765881065242,0.0,0.0,0.0,0.0,0.0
1789986138,136184786,n/a,-0.4470398788674962,0.0,0.0,0.0,0.0,0.0
1789986138,158477308,n/a,-0.62789501588145,0.0,0.0,0.0,0.0,0.0
1789986138,178058527,n/a,-0.29519112300846284,0.0,0.0,0.0,0.0,0.0
1789986138,199997912,n/a,-0.17660458203720042,0.0,0.0,0.0,0.0,0.0
1789986138,215487734,n/a,-0.2787379324683958,0.0,0.0,0.0,0.0,0.0
1789986138,236869728,n/a,-0.5123243595396252,0.0,0.0,0.0,0.0,0.0
1789986138,259162790,n/a,-0.2560770162144945,0.0,0.0,0.0,0.0,0.0
1789986138,275745036,n/a,-0.48922211420758743,0.0,0.0,0.0,0.0,0.0
1789986138,298057170,n/a,-0.5975766062157706,0.0,0.0,0.0,0.0,0.0
1789986138,318620424,n/a,-0.5819248250146759,0.0,0.0,0.0,0.0,0.0
1789986138,340095413,n/a,-0.22743964133625622,0.0,0.0,0.0,0.0,0.0
1789986138,357357753,n/a,-0.588536960964108,0.0,0.0,0.0,0.0,0.0
1789986138,379106181,n/a,-0.348645168791815,0.0,0.0,0.0,0.0,0.0
1789986138,395427871,n/a,-0.059966742431564246,0.0,0.0,0.0,0.0,0.0
1789986138,422298908,n/a,-0.4765625913722737,0.0,0.0,0.0,0.0,0.0
1789986138,438646797,n/a,-0.454455190873076,0.0,0.0,0.0,0.0,0.0
1789986138,455532486,n/a,-0.5605853545090306,0.0,0.0,0.0,0.0,0.0
1789986138,477114306,n/a,-0.8519958671047643,0.0,0.0,0.0,0.0,0.0
1789986138,498085160,n/a,-0.43655816781818346,0.0,0.0,0.0,0.0,0.0
1789986138,524144764,n/a,-0.4732628171018953,0.0,0.0,0.0,0.0,0.0
1789986138,536890419,n/a,-0.17441724103152467,0.0,0.0,0.0,0.0,0.0
1789986138,558659033,n/a,-0.5036746232540429,0.0,0.0,0.0,0.0,0.0
1789986138,576008285,n/a,-0.7568775662504095,0.0,0.0,0.0,0.0,0.0
1789986138,597471476,n/a,-0.7323927345913592,0.0,0.0,0.0,0.0,0.0
1789986138,618876865,n/a,-0.2743439658459672,0.0,0.0,0.0,0.0,0.0
1789986138,639606317,n/a,-0.5603466558905137,0.0,0.0,0.0,0.0,0.0
1789986138,656973142,n/a,-0.6935741934647259,0.0,0.0,0.0,0.0,0.0
1789986138,678809378,n/a,-0.6275004365362377,0.0,0.0,0.0,0.0,0.0
1789986138,700323684,n/a,-0.24112000011849885,0.0,0.0,0.0,0.0,0.0
1789986138,716040971,n/a,-0.5404998245334807,0.0,0.0,0.0,0.0,0.0
1789986138,735614781,n/a,-0.28799380424317345,0.0,0.0,0.0,0.0,0.0
1789986138,759136927,n/a,-0.4318761715055558,0.0,0.0,0.0,0.0,0.0
1789986138,776917541,n/a,-0.5470384870918181,0.0,0.0,0.0,0.0,0.0
1789986138,798496705,n/a,-0.3821002956373707,0.0,0.0,0.0,0.0,0.0
1789986138,819986295,n/a,-0.5495504758396862,0.0,0.0,0.0,0.0,0.0
1789986138,837511259,n/a,-0.5745446900605541,0.0,0.0,0.0,0.0,0.0
1789986138,857594695,n/a,-0.5882904685854328,0.0,0.0,0.0,0.0,0.0
1789986138,880344065,n/a,-0.2623669031779319,0.0,0.0,0.0,0.0,0.0
1789986138,896908652,n/a,-0.31487206334513274,0.0,0.0,0.0,0.0,0.0
1789986138,917904011,n/a,-0.36103013758494973,0.0,0.0,0.0,0.0,0.0
1789986138,938728024,n/a,-0.2881425354888522,0.0,0.0,0.0,0.0,0.0
1789986138,959981619,n/a,-0.06147960101343225,0.0,0.0,0.0,0.0,0.0
1789986138,976787851,n/a,-0.46674988488922414,0.0,0.0,0.0,0.0,0.0
1789986138,998553950,n/a,-0.38239184924026515,0.0,0.0,0.0,0.0,0.0
1789986139,15609530,n/a,-0.2789143706754277,0.0,0.0,0.0,0.0,0.0
1789986139,36965630,n/a,-0.37171055908795725,0.0,0.0,0.0,0.0,0.0
1789986139,58349445,n/a,0.10047635830125018,0.0,0.0,0.0,0.0,0.0
1789986139,80116922,n/a,-0.3223388059265949,0.0,0.0,0.0,0.0,0.0
1789986139,95989289,n/a,-0.3153421820399209,0.0,0.0,0.0,0.0,0.0
1789986139,117997528,n/a,-0.3335131776426392,0.0,0.0,0.0,0.0,0.0
1789986139,139853969,n/a,-0.2615554709995126,0.0,0.0,0.0,0.0,0.0
1789986139,159481273,n/a,-0.602853542511606,0.0,0.0,0.0,0.0,0.0
1789986139,177483597,n/a,-0.7270980499247919,0.0,0.0,0.0,0.0,0.0
1789986139,195578578,n/a,0.004793629378415876,0.0,0.0,0.0,0.0,0.0
1789986139,217148846,n/a,-0.47169425377541374,0.0,0.0,0.0,0.0,0.0
1789986139,239044799,n/a,-0.24816226587352536,0.0,0.0,0.0,0.0,0.0
1789986139,255066289,n/a,-0.31262016894738087,0.0,0.0,0.0,0.0,0.0
1789986139,275337624,n/a,-0.3486334644918741,0.0,0.0,0.0,0.0,0.0
1789986139,298252809,n/a,-0.2244328850891538,0.0,0.0,0.0,0.0,0.0
1789986139,319633196,n/a,-0.6977408805421719,0.0,0.0,0.0,0.0,0.0
1789986139,335274816,n/a,-0.39939411182268636,0.0,0.0,0.0,0.0,0.0
1789986139,355917377,n/a,-0.5230808208064665,0.0,0.0,0.0,0.0,0.0
1789986139,377743778,n/a,-0.5130991811023454,0.0,0.0,0.0,0.0,0.0
1789986139,395253461,n/a,-0.22587876049826167,0.0,0.0,0.0,0.0,0.0
1789986139,417228455,n/a,-0.5043709631270453,0.0,0.0,0.0,0.0,0.0
1789986139,439091313,n/a,-0.4019666920911862,0.0,0.0,0.0,0.0,0.0
1789986139,454926928,n/a,-0.36820265740991975,0.0,0.0,0.0,0.0,0.0
1789986139,475371005,n/a,-0.46802653840776365,0.0,0.0,0.0,0.0,0.0
1789986139,499097339,n/a,-0.28603733185197683,0.0,0.0,0.0,0.0,0.0
1789986139,515692139,n/a,-0.4128218797177272,0.0,0.0,0.0,0.0,0.0
1789986139,537943697,n/a,-0.6282876064841648,0.0,0.0,0.0,0.0,0.0
1789986139,559184563,n/a,-0.1796799652484367,0.0,0.0,0.0,0.0,0.0
1789986139,577669073,n/a,-0.5217833560142241,0.0,0.0,0.0,0.0,0.0
1789986139,598412669,n/a,-0.6001856040374811,0.0,0.0,0.0,0.0,0.0
1789986139,616233654,n/a,-0.3757783399601117,0.0,0.0,0.0,0.0,0.0
1789986139,638984145,n/a,-0.41162894072671824,0.0,0.0,0.0,0.0,0.0
1789986139,655409805,n/a,-0.18119758190527568,0.0,0.0,0.0,0.0,0.0
1789986139,678299351,n/a,-0.4484375826505126,0.0,0.0,0.0,0.0,0.0
1789986139,695486077,n/a,-0.8823602769398944,0.0,0.0,0.0,0.0,0.0
1789986139,719723799,n/a,-0.4683666692859208,0.0,0.0,0.0,0.0,0.0
1789986139,737412862,n/a,-0.505861551278839,0.0,0.0,0.0,0.0,0.0
1789986139,759834712,n/a,-0.3767890029832868,0.0,0.0,0.0,0.0,0.0
1789986139,777531465,n/a,-0.6636034768361947,0.0,0.0,0.0,0.0,0.0
1789986139,795080424,n/a,-0.9013806305826415,0.0,0.0,0.0,0.0,0.0
1789986139,818344190,n/a,-0.5616219538313975,0.0,0.0,0.0,0.0,0.0
1789986139,836310325,n/a,-0.3395930179367524,0.0,0.0,0.0,0.0,0.0
1789986139,859960353,n/a,-0.4328487638848692,0.0,0.0,0.0,0.0,0.0
1789986139,877678779,n/a,-0.08506020307970619,0.0,0.0,0.0,0.0,0.0
1789986139,895490785,n/a,0.01487098814093718,0.0,0.0,0.0,0.0,0.0
1789986139,925088509,n/a,-0.417888189139227,0.0,0.0,0.0,0.0,0.0
1789986139,936835939,n/a,-0.4840196031709402,0.0,0.0,0.0,0.0,0.0
1789986139,959826227,n/a,-0.0683861697416106,0.0,0.0,0.0,0.0,0.0
1789986139,977517850,n/a,-0.31681106726234537,0.0,0.0,0.0,0.0,0.0
1789986139,995133393,n/a,-0.465687758315164,0.0,0.0,0.0,0.0,0.0
1789986140,18283032,n/a,-0.5760025009517327,0.0,0.0,0.0,0.0,0.0
1789986140,41183415,n/a,-0.6386108933513226,0.0,0.0,0.0,0.0,0.0
1789986140,57825804,n/a,-0.5005448866989207,0.0,0.0,0.0,0.0,0.0
1789986140,79396224,n/a,-0.558867403906394,0.0,0.0,0.0,0.0,0.0
1789986140,96522217,n/a,-0.5708311944770277,0.0,0.0,0.0,0.0,0.0
1789986140,118723427,n/a,-0.12633609427028236,0.0,0.0,0.0,0.0,0.0
1789986140,136165375,n/a,-0.34825548182052224,0.0,0.0,0.0,0.0,0.0
1789986140,156666864,n/a,-0.24437172734376125,0.0,0.0,0.0,0.0,0.0
1789986140,178110486,n/a,-0.24645441756083325,0.0,0.0,0.0,0.0,0.0
1789986140,195436223,n/a,-0.11318813505982389,0.0,0.0,0.0,0.0,0.0
1789986140,217594304,n/a,-0.6783187850633502,0.0,0.0,0.0,0.0,0.0
1789986140,239409450,n/a,-0.32771711893871674,0.0,0.0,0.0,0.0,0.0
1789986140,256461178,n/a,-0.3315112529635806,0.0,0.0,0.0,0.0,0.0
1789986140,278265613,n/a,-0.5173344280792728,0.0,0.0,0.0,0.0,0.0
1789986140,299799156,n/a,-0.6187481922665268,0.0,0.0,0.0,0.0,0.0
1789986140,316398329,n/a,-0.2360229962552617,0.0,0.0,0.0,0.0,0.0
1789986140,338713319,n/a,-0.6385635463847044,0.0,0.0,0.0,0.0,0.0
1789986140,361167483,n/a,-0.19501483279637483,0.0,0.0,0.0,0.0,0.0
1789986140,377712656,n/a,-0.5635629779228744,0.0,0.0,0.0,0.0,0.0
1789986140,399604894,n/a,-0.36010306490022553,0.0,0.0,0.0,0.0,0.0
1789986140,416086848,n/a,-0.44756621848765016,0.0,0.0,0.0,0.0,0.0
1789986140,437699651,n/a,-0.4485044571341084,0.0,0.0,0.0,0.0,0.0
1789986140,464246544,n/a,-0.4155179733392988,0.0,0.0,0.0,0.0,0.0
1789986140,476173659,n/a,-0.13491838144529633,0.0,0.0,0.0,0.0,0.0
1789986140,498306155,n/a,-0.38215847794536967,0.0,0.0,0.0,0.0,0.0
1789986140,520072749,n/a,-0.6927275255795136,0.0,0.0,0.0,0.0,0.0
1789986140,536627601,n/a,-0.2273711813941453,0.0,0.0,0.0,0.0,0.0
1789986140,558830807,n/a,-0.385877198964752,0.0,0.0,0.0,0.0,0.0
1789986140,575871964,n/a,-0.605371900547805,0.0,0.0,0.0,0.0,0.0
1789986140,598184258,n/a,-0.3971353467696085,0.0,0.0,0.0,0.0,0.0
1789986140,619678460,n/a,-0.4765854186092535,0.0,0.0,0.0,0.0,0.0
1789986140,635984005,n/a,-0.5049070703236961,0.0,0.0,0.0,0.0,0.0
1789986140,659020645,n/a,-0.41613121090515437,0.0,0.0,0.0,0.0,0.0
1789986140,679598078,n/a,-0.6295142367991287,0.0,0.0,0.0,0.0,0.0
1789986140,697450424,n/a,-0.3968950396417071,0.0,0.0,0.0,0.0,0.0
1789986140,718984114,n/a,-0.5734090554420759,0.0,0.0,0.0,0.0,0.0
1789986140,735041327,n/a,-0.35127269290390073,0.0,0.0,0.0,0.0,0.0
1789986140,758367966,n/a,-0.4221892145902585,0.0,0.0,0.0,0.0,0.0
1789986140,783048151,n/a,-0.5045006946899543,0.0,0.0,0.0,0.0,0.0
1789986140,795744063,n/a,-0.49244985212551173,0.0,0.0,0.0,0.0,0.0
1789986140,817271272,n/a,-0.609086735376959,0.0,0.0,0.0,0.0,0.0
1789986140,838699789,n/a,-0.7157119864730543,0.0,0.0,0.0,0.0,0.0
1789986140,855917951,n/a,-0.2989378833805404,0.0,0.0,0.0,0.0,0.0
1789986140,877137187,n/a,-0.1825275250390403,0.0,0.0,0.0,0.0,0.0
1789986140,897896325,n/a,-0.4999917580329962,0.0,0.0,0.0,0.0,0.0
1789986140,920469464,n/a,-0.5900755746981798,0.0,0.0,0.0,0.0,0.0
1789986140,937200392,n/a,-0.7702230876405982,0.0,0.0,0.0,0.0,0.0
1789986140,959955538,n/a,-0.6428263028110647,0.0,0.0,0.0,0.0,0.0
1789986140,975964143,n/a,-0.6513128237207124,0.0,0.0,0.0,0.0,0.0
1789986140,994989357,n/a,-0.48182287411929586,0.0,0.0,0.0,0.0,0.0
1789986141,17617585,n/a,-0.8055518502592613,0.0,0.0,0.0,0.0,0.0
1789986141,40269009,n/a,-0.26891696039116086,0.0,0.0,0.0,0.0,0.0
1789986141,57906919,n/a,-0.46141294903275876,0.0,0.0,0.0,0.0,0.0
1789986141,79840317,n/a,-0.6685358993390925,0.0,0.0,0.0,0.0,0.0
1789986141,96299200,n/a,-0.6571346250325489,0.0,0.0,0.0,0.0,0.0
1789986141,115817139,n/a,-0.39206092528577563,0.0,0.0,0.0,0.0,0.0
1789986141,137492714,n/a,-0.7303444248301332,0.0,0.0,0.0,0.0,0.0
1789986141,160738081,n/a,-0.596906651481665,0.0,0.0,0.0,0.0,0.0
1789986141,176755146,n/a,-0.6671854728172562,0.0,0.0,0.0,0.0,0.0
1789986141,197621093,n/a,-0.2962786974694901,0.0,0.0,0.0,0.0,0.0
1789986141,217971712,n/a,-0.3843649390775824,0.0,0.0,0.0,0.0,0.0
1789986141,239290575,n/a,-0.6304119683349954,0.0,0.0,0.0,0.0,0.0
1789986141,256364330,n/a,-0.21216381057981643,0.0,0.0,0.0,0.0,0.0
1789986141,277887768,n/a,-0.01979435932630169,0.0,0.0,0.0,0.0,0.0
1789986141,295352182,n/a,-0.5624684799247663,0.0,0.0,0.0,0.0,0.0
1789986141,320292383,n/a,-0.42681009723346863,0.0,0.0,0.0,0.0,0.0
1789986141,336909288,n/a,-0.5627485591612579,0.0,0.0,0.0,0.0,0.0
1789986141,358120024,n/a,-0.8081799489596266,0.0,0.0,0.0,0.0,0.0
1789986141,379385636,n/a,-0.423619248935993,0.0,0.0,0.0,0.0,0.0
1789986141,395312392,n/a,-0.4164363745295459,0.0,0.0,0.0,0.0,0.0
1789986141,422366672,n/a,-0.42005163329191697,0.0,0.0,0.0,0.0,0.0
1789986141,439316616,n/a,-0.5497123564229331,0.0,0.0,0.0,0.0,0.0
1789986141,455437120,n/a,-0.470984591652598,0.0,0.0,0.0,0.0,0.0
1789986141,476815848,n/a,-0.05949563954337539,0.0,0.0,0.0,0.0,0.0
1789986141,498188113,n/a,-0.10897773171682135,0.0,0.0,0.0,0.0,0.0
1789986141,515021906,n/a,-0.7902811777351151,0.0,0.0,0.0,0.0,0.0
1789986141,536301948,n/a,-0.27055678726142995,0.0,0.0,0.0,0.0,0.0
1789986141,557691495,n/a,-0.748252308498388,0.0,0.0,0.0,0.0,0.0
1789986141,579367441,n/a,-0.3053591910027337,0.0,0.0,0.0,0.0,0.0
1789986141,595634770,n/a,-0.6189885952223251,0.0,0.0,0.0,0.0,0.0
1789986141,618330192,n/a,0.006934142447710734,0.0,0.0,0.0,0.0,0.0
1789986141,639606837,n/a,-0.18322548695660085,0.0,0.0,0.0,0.0,0.0
1789986141,657278561,n/a,0.16055979390555936,0.0,0.0,0.0,0.0,0.0
1789986141,679194729,n/a,-0.5079532742120073,0.0,0.0,0.0,0.0,0.0
1789986141,695290994,n/a,-0.3062903915860363,0.0,0.0,0.0,0.0,0.0
1789986141,718159174,n/a,-0.5317364735787611,0.0,0.0,0.0,0.0,0.0
1789986141,737477862,n/a,-0.4984017360559635,0.0,0.0,0.0,0.0,0.0
1789986141,755735329,n/a,-0.6056903381589602,0.0,0.0,0.0,0.0,0.0
1789986141,780760622,n/a,-0.7036544959059197,0.0,0.0,0.0,0.0,0.0
1789986141,800091115,n/a,-0.2644976749042829,0.0,0.0,0.0,0.0,0.0
1789986141,817105568,n/a,-0.7095630527707738,0.0,0.0,0.0,0.0,0.0
1789986141,838556512,n/a,-0.5750982334404521,0.0,0.0,0.0,0.0,0.0
1789986141,859591829,n/a,-0.7212910824168237,0.0,0.0,0.0,0.0,0.0
1789986141,876003491,n/a,-0.4239602198362256,0.0,0.0,0.0,0.0,0.0
1789986141,899628434,n/a,-0.31682927652115256,0.0,0.0,0.0,0.0,0.0
1789986141,916501124,n/a,-0.262420626890928,0.0,0.0,0.0,0.0,0.0
1789986141,938406365,n/a,-0.3747422610876213,0.0,0.0,0.0,0.0,0.0
1789986141,959307412,n/a,-0.4679230266108586,0.0,0.0,0.0,0.0,0.0
1789986141,977218988,n/a,-0.8325602930594406,0.0,0.0,0.0,0.0,0.0
1789986141,999528530,n/a,-0.7562521137648469,0.0,0.0,0.0,0.0,0.0
1789986142,17021332,n/a,-0.7386820469958599,0.0,0.0,0.0,0.0,0.0
1789986142,39564766,n/a,-0.1900866129251631,0.0,0.0,0.0,0.0,0.0
1789986142,55784943,n/a,-0.36607509422383766,0.0,0.0,0.0,0.0,0.0
1789986142,78313670,n/a,-0.48509299257161037,0.0,0.0,0.0,0.0,0.0
1789986142,100456627,n/a,-1.0,0.0,0.0,0.0,0.0,0.0
1789986142,117032120,n/a,-0.39452617542232066,0.0,0.0,0.0,0.0,0.0
1789986142,140258517,n/a,-0.2774663177588983,0.0,0.0,0.0,0.0,0.0
1789986142,156459095,n/a,-0.4892767291705382,0.0,0.0,0.0,0.0,0.0
1789986142,176867241,n/a,-0.2044365394160219,0.0,0.0,0.0,0.0,0.0
1789986142,198935227,n/a,-0.11718629655471463,0.0,0.0,0.0,0.0,0.0
1789986142,214936623,n/a,-0.7404339101527391,0.0,0.0,0.0,0.0,0.0
1789986142,236201253,n/a,-0.3969530366416879,0.0,0.0,0.0,0.0,0.0
1789986142,257579385,n/a,-0.5842066181679051,0.0,0.0,0.0,0.0,0.0
1789986142,275571195,n/a,-0.2684740630518334,0.0,0.0,0.0,0.0,0.0
1789986142,295308705,n/a,-0.34152398312100224,0.0,0.0,0.0,0.0,0.0
1789986142,316849241,n/a,-0.514384847041998,0.0,0.0,0.0,0.0,0.0
1789986142,337859187,n/a,-0.5302171720946706,0.0,0.0,0.0,0.0,0.0
1789986142,360085593,n/a,-0.34082661023536115,0.0,0.0,0.0,0.0,0.0
1789986142,376550698,n/a,-0.4065387080997329,0.0,0.0,0.0,0.0,0.0
1789986142,398146634,n/a,-0.37588969423290847,0.0,0.0,0.0,0.0,0.0
1789986142,415123610,n/a,-0.7897310189701581,0.0,0.0,0.0,0.0,0.0
1789986142,437093495,n/a,-0.08390301271529532,0.0,0.0,0.0,0.0,0.0
1789986142,458226688,n/a,-0.48790962628320117,0.0,0.0,0.0,0.0,0.0
1789986142,481070067,n/a,-0.7969919323099481,0.0,0.0,0.0,0.0,0.0
1789986142,497648127,n/a,-0.5465369310440059,0.0,0.0,0.0,0.0,0.0
1789986142,519777775,n/a,-0.5102411567495231,0.0,0.0,0.0,0.0,0.0
1789986142,537346642,n/a,-0.4083447129839082,0.0,0.0,0.0,0.0,0.0
1789986142,558679055,n/a,-0.15206409857097747,0.0,0.0,0.0,0.0,0.0
1789986142,579665278,n/a,-0.642913960375137,0.0,0.0,0.0,0.0,0.0
1789986142,602957644,n/a,-0.41249622757725285,0.0,0.0,0.0,0.0,0.0
1789986142,619471275,n/a,-0.04842975376202946,0.0,0.0,0.0,0.0,0.0
1789986142,635397025,n/a,-0.3603095876402119,0.0,0.0,0.0,0.0,0.0
1789986142,657162260,n/a,-0.5709415254732055,0.0,0.0,0.0,0.0,0.0
1789986142,678403503,n/a,-0.684797967319053,0.0,0.0,0.0,0.0,0.0
1789986142,702788403,n/a,-0.668019537341572,0.0,0.0,0.0,0.0,0.0
1789986142,716033797,n/a,-0.6201264596946968,0.0,0.0,0.0,0.0,0.0
1789986142,738741687,n/a,-0.2519307128411767,0.0,0.0,0.0,0.0,0.0
1789986142,760036948,n/a,-0.4630247739318503,0.0,0.0,0.0,0.0,0.0
1789986142,776800014,n/a,-0.2692614726160046,0.0,0.0,0.0,0.0,0.0
1789986142,798673222,n/a,-0.3078980864121449,0.0,0.0,0.0,0.0,0.0
1789986142,819249402,n/a,-0.4922363511711925,0.0,0.0,0.0,0.0,0.0
1789986142,836048562,n/a,-0.35719443177715754,0.0,0.0,0.0,0.0,0.0
1789986142,858603459,n/a,-0.32738687717962595,0.0,0.0,0.0,0.0,0.0
1789986142,879802256,n/a,-0.47873961611006294,0.0,0.0,0.0,0.0,0.0
1789986142,896448423,n/a,-0.7089076870933992,0.0,0.0,0.0,0.0,0.0
1789986142,916282289,n/a,-0.5367469826799827,0.0,0.0,0.0,0.0,0.0
1789986142,938723955,n/a,-0.5967816460752159,0.0,0.0,0.0,0.0,0.0
1789986142,955696058,n/a,-0.5602214609105799,0.0,0.0,0.0,0.0,0.0
1789986142,976689631,n/a,-0.3657777120940587,0.0,0.0,0.0,0.0,0.0
1789986142,997593334,n/a,-0.26151447396549976,0.0,0.0,0.0,0.0,0.0
1789986143,15675877,n/a,-0.2678155400822446,0.0,0.0,0.0,0.0,0.0
1789986143,35200617,n/a,-0.4513054791265817,0.0,0.0,0.0,0.0,0.0
1789986143,56426605,n/a,-0.3989684635211855,0.0,0.0,0.0,0.0,0.0
1789986143,79048857,n/a,-0.2281263360394819,0.0,0.0,0.0,0.0,0.0
1789986143,95360582,n/a,-0.36876959060902587,0.0,0.0,0.0,0.0,0.0
1789986143,116115404,n/a,-0.47922748655816494,0.0,0.0,0.0,0.0,0.0
1789986143,137459549,n/a,-0.2851439890674215,0.0,0.0,0.0,0.0,0.0
1789986143,158369341,n/a,-0.18726275219184962,0.0,0.0,0.0,0.0,0.0
1789986143,178957271,n/a,-0.3733527493562621,0.0,0.0,0.0,0.0,0.0
1789986143,195517463,n/a,-0.1535764238328038,0.0,0.0,0.0,0.0,0.0
1789986143,217657471,n/a,-0.5268839174746545,0.0,0.0,0.0,0.0,0.0
1789986143,238873122,n/a,-0.45442549753064754,0.0,0.0,0.0,0.0,0.0
1789986143,255544615,n/a,-0.5134706126464019,0.0,0.0,0.0,0.0,0.0
1789986143,276784083,n/a,-0.8301187901561566,0.0,0.0,0.0,0.0,0.0
1789986143,297815073,n/a,-0.10239138320518804,0.0,0.0,0.0,0.0,0.0
1789986143,320092027,n/a,-0.4668399224974134,0.0,0.0,0.0,0.0,0.0
1789986143,335455295,n/a,-0.10654698254792117,0.0,0.0,0.0,0.0,0.0
1789986143,357268179,n/a,-0.266678710648606,0.0,0.0,0.0,0.0,0.0
1789986143,378796890,n/a,-0.552337493787725,0.0,0.0,0.0,0.0,0.0
1789986143,395425095,n/a,-0.0873872630168851,0.0,0.0,0.0,0.0,0.0
1789986143,417602628,n/a,-0.8146944111483827,0.0,0.0,0.0,0.0,0.0
1789986143,437515696,n/a,-0.5621223124885018,0.0,0.0,0.0,0.0,0.0
1789986143,456631041,n/a,-0.3426759423319991,0.0,0.0,0.0,0.0,0.0
1789986143,479565532,n/a,-0.25432548076132816,0.0,0.0,0.0,0.0,0.0
1789986143,496021118,n/a,-0.22133178491315347,0.0,0.0,0.0,0.0,0.0
1789986143,517663271,n/a,-0.8510158265649921,0.0,0.0,0.0,0.0,0.0
1789986143,540903937,n/a,-0.2594898593024721,0.0,0.0,0.0,0.0,0.0
1789986143,556088903,n/a,-0.5314697390096327,0.0,0.0,0.0,0.0,0.0
1789986143,578819165,n/a,-0.263599241192912,0.0,0.0,0.0,0.0,0.0
1789986143,596131757,n/a,-0.4947666638539526,0.0,0.0,0.0,0.0,0.0
1789986143,618507377,n/a,-0.7236697062412615,0.0,0.0,0.0,0.0,0.0
1789986143,635166972,n/a,-0.39060800433443954,0.0,0.0,0.0,0.0,0.0
1789986143,655365200,n/a,-0.43031878604830887,0.0,0.0,0.0,0.0,0.0
1789986143,678934422,n/a,-0.38801973902147663,0.0,0.0,0.0,0.0,0.0
1789986143,695002710,n/a,-0.8079624640243841,0.0,0.0,0.0,0.0,0.0
1789986143,717289404,n/a,-0.5409389351671444,0.0,0.0,0.0,0.0,0.0
1789986143,739131471,n/a,-0.4754270259247593,0.0,0.0,0.0,0.0,0.0
1789986143,756030128,n/a,-0.44767972585859495,0.0,0.0,0.0,0.0,0.0
1789986143,776345780,n/a,-0.4273414475272163,0.0,0.0,0.0,0.0,0.0
1789986143,798627869,n/a,-0.11611550724855985,0.0,0.0,0.0,0.0,0.0
1789986143,815589639,n/a,-0.4299890475295508,0.0,0.0,0.0,0.0,0.0
1789986143,836567218,n/a,-0.1723165479665208,0.0,0.0,0.0,0.0,0.0
1789986143,857267719,n/a,-0.6828160807715591,0.0,0.0,0.0,0.0,0.0
1789986143,878235444,n/a,-0.6549628475935579,0.0,0.0,0.0,0.0,0.0
1789986143,899706015,n/a,-0.2001050382511075,0.0,0.0,0.0,0.0,0.0
1789986143,916038995,n/a,-0.38656057771511354,0.0,0.0,0.0,0.0,0.0
1789986143,937991160,n/a,-0.31085833350994474,0.0,0.0,0.0,0.0,0.0
1789986143,959712932,n/a,-0.3130294294109185,0.0,0.0,0.0,0.0,0.0
1789986143,974979238,n/a,-0.39888058109474733,0.0,0.0,0.0,0.0,0.0
1789986143,996020769,n/a,-0.5845881116184701,0.0,0.0,0.0,0.0,0.0
1789986144,18004685,n/a,-0.5329628845339935,0.0,0.0,0.0,0.0,0.0
1789986144,40092960,n/a,-0.3482084014319509,0.0,0.0,0.0,0.0,0.0
1789986144,56410204,n/a,-0.4537424908040972,0.0,0.0,0.0,0.0,0.0
1789986144,77723384,n/a,-0.5060698296477241,0.0,0.0,0.0,0.0,0.0
1789986144,98945789,n/a,-0.4403354240745359,0.0,0.0,0.0,0.0,0.0
1789986144,120136547,n/a,-0.5493164637954295,0.0,0.0,0.0,0.0,0.0
1789986144,136693234,n/a,-0.8406826879271732,0.0,0.0,0.0,0.0,0.0
1789986144,158382583,n/a,-0.5767326248790607,0.0,0.0,0.0,0.0,0.0
1789986144,178409460,n/a,-0.6306014365427146,0.0,0.0,0.0,0.0,0.0
1789986144,196902394,n/a,-0.6360058711545897,0.0,0.0,0.0,0.0,0.0
1789986144,218543282,n/a,-0.6544089558178772,0.0,0.0,0.0,0.0,0.0
1789986144,239462928,n/a,-0.5689119812772255,0.0,0.0,0.0,0.0,0.0
1789986144,255923212,n/a,-0.4555684558168406,0.0,0.0,0.0,0.0,0.0
1789986144,277729548,n/a,-0.3810060628561003,0.0,0.0,0.0,0.0,0.0
1789986144,298541932,n/a,-0.4111890665822281,0.0,0.0,0.0,0.0,0.0
1789986144,320836093,n/a,-0.4148605510620552,0.0,0.0,0.0,0.0,0.0
1789986144,336899876,n/a,-0.3597797204112721,0.0,0.0,0.0,0.0,0.0
1789986144,357663370,n/a,-0.1875499061464307,0.0,0.0,0.0,0.0,0.0
1789986144,379996444,n/a,-0.599844992750337,0.0,0.0,0.0,0.0,0.0
1789986144,395450176,n/a,-0.26973863392070496,0.0,0.0,0.0,0.0,0.0
1789986144,425159403,n/a,-0.12911440320659595,0.0,0.0,0.0,0.0,0.0
1789986144,435452559,n/a,-0.002560867741270123,0.0,0.0,0.0,0.0,0.0
1789986144,454956370,n/a,-0.32143001974059526,0.0,0.0,0.0,0.0,0.0
1789986144,477903857,n/a,-0.5538600056039502,0.0,0.0,0.0,0.0,0.0
1789986144,500153981,n/a,-0.49354292451083553,0.0,0.0,0.0,0.0,0.0
1789986144,518107265,n/a,-0.7247841175783136,0.0,0.0,0.0,0.0,0.0
1789986144,539912964,n/a,-1.0,0.0,0.0,0.0,0.0,0.0
1789986144,555625176,n/a,-0.4033841181245496,0.0,0.0,0.0,0.0,0.0
1789986144,577788937,n/a,-0.5014961430027038,0.0,0.0,0.0,0.0,0.0
1789986144,599821990,n/a,-0.5300516753054598,0.0,0.0,0.0,0.0,0.0
1789986144,615571438,n/a,-0.6058661950784205,0.0,0.0,0.0,0.0,0.0
1789986144,637519643,n/a,-0.6347494539107702,0.0,0.0,0.0,0.0,0.0
1789986144,655259187,n/a,-0.3813507234303664,0.0,0.0,0.0,0.0,0.0
1789986144,678302341,n/a,-0.18531009395608622,0.0,0.0,0.0,0.0,0.0
1789986144,700413024,n/a,-0.26210240473640317,0.0,0.0,0.0,0.0,0.0
1789986144,717082428,n/a,-0.3110104916561144,0.0,0.0,0.0,0.0,0.0
1789986144,735104425,n/a,-0.6191809721884483,0.0,0.0,0.0,0.0,0.0
1789986144,760429800,n/a,-0.3514381856102456,0.0,0.0,0.0,0.0,0.0
1789986144,777591534,n/a,-0.7108590928914781,0.0,0.0,0.0,0.0,0.0
1789986144,798849830,n/a,-0.5092807889144363,0.0,0.0,0.0,0.0,0.0
1789986144,820651212,n/a,-0.6710986017977608,0.0,0.0,0.0,0.0,0.0
1789986144,837551737,n/a,-0.09769026921607737,0.0,0.0,0.0,0.0,0.0
1789986144,858273818,n/a,-0.17645642375519144,0.0,0.0,0.0,0.0,0.0
1789986144,875263732,n/a,-0.7238943820400113,0.0,0.0,0.0,0.0,0.0
1789986144,898287630,n/a,-0.843614218095202,0.0,0.0,0.0,0.0,0.0
1789986144,915237504,n/a,-0.29602100061475034,0.0,0.0,0.0,0.0,0.0
1789986144,937520894,n/a,-0.42151334671309276,0.0,0.0,0.0,0.0,0.0
1789986144,958119473,n/a,-0.4687552695270637,0.0,0.0,0.0,0.0,0.0
1789986144,975688802,n/a,-0.6583784209369274,0.0,0.0,0.0,0.0,0.0
1789986144,997489412,n/a,-0.4455236266412963,0.0,0.0,0.0,0.0,0.0
1789986145,20939761,n/a,-0.3452702475999236,0.0,0.0,0.0,0.0,0.0
1789986145,37470770,n/a,-0.33507419508427516,0.0,0.0,0.0,0.0,0.0
1789986145,63062407,n/a,-0.6427990408552793,0.0,0.0,0.0,0.0,0.0
1789986145,80166444,n/a,-0.5816119259268682,0.0,0.0,0.0,0.0,0.0
1789986145,96120750,n/a,-0.31868322601884436,0.0,0.0,0.0,0.0,0.0
1789986145,117542392,n/a,-0.6103791956655222,0.0,0.0,0.0,0.0,0.0
1789986145,139872296,n/a,-0.32882882373258304,0.0,0.0,0.0,0.0,0.0
1789986145,156009824,n/a,-0.42416561455252655,0.0,0.0,0.0,0.0,0.0
1789986145,176967794,n/a,-0.35057839411208314,0.0,0.0,0.0,0.0,0.0
1789986145,198603714,n/a,-0.5296266656008266,0.0,0.0,0.0,0.0,0.0
1789986145,215677563,n/a,-0.9530358313704816,0.0,0.0,0.0,0.0,0.0
1789986145,237486993,n/a,-0.392816304997962,0.0,0.0,0.0,0.0,0.0
1789986145,254971574,n/a,-0.10658908866583555,0.0,0.0,0.0,0.0,0.0
1789986145,276055659,n/a,-0.294265687718103,0.0,0.0,0.0,0.0,0.0
1789986145,297967194,n/a,-0.5292042555642976,0.0,0.0,0.0,0.0,0.0
1789986145,320976603,n/a,-0.8809507958090497,0.0,0.0,0.0,0.0,0.0
1789986145,339796771,n/a,-0.5971811445193131,0.0,0.0,0.0,0.0,0.0
1789986145,356133235,n/a,-0.2536092220665954,0.0,0.0,0.0,0.0,0.0
1789986145,384962788,n/a,-0.4020278985646978,0.0,0.0,0.0,0.0,0.0
1789986145,396511771,n/a,-0.5186138416839392,0.0,0.0,0.0,0.0,0.0
1789986145,418097639,n/a,-0.606346279879999,0.0,0.0,0.0,0.0,0.0
1789986145,435040004,n/a,-0.2076225163035173,0.0,0.0,0.0,0.0,0.0
1789986145,456242928,n/a,-0.1797161346585595,0.0,0.0,0.0,0.0,0.0
1789986145,477862113,n/a,-0.40334760710564854,0.0,0.0,0.0,0.0,0.0
1789986145,495491628,n/a,-0.3582572340272494,0.0,0.0,0.0,0.0,0.0
1789986145,517141520,n/a,-0.6094216809809632,0.0,0.0,0.0,0.0,0.0
1789986145,538557114,n/a,-0.38494272897618714,0.0,0.0,0.0,0.0,0.0
1789986145,555665829,n/a,-0.3321461017116438,0.0,0.0,0.0,0.0,0.0
1789986145,577206739,n/a,-0.10071782648165373,0.0,0.0,0.0,0.0,0.0
1789986145,600329873,n/a,-0.5358923589838851,0.0,0.0,0.0,0.0,0.0
1789986145,618929225,n/a,-0.8367328902282505,0.0,0.0,0.0,0.0,0.0
1789986145,636367106,n/a,-0.45575446140482717,0.0,0.0,0.0,0.0,0.0
1789986145,660577197,n/a,-0.38560956867435126,0.0,0.0,0.0,0.0,0.0
1789986145,678757969,n/a,-0.7253769623941224,0.0,0.0,0.0,0.0,0.0
1789986145,696713464,n/a,-0.6512800469356359,0.0,0.0,0.0,0.0,0.0
1789986145,721559033,n/a,-0.3887394790645044,0.0,0.0,0.0,0.0,0.0
1789986145,740099587,n/a,-0.5845360077725582,0.0,0.0,0.0,0.0,0.0
1789986145,758187155,n/a,-0.696169654398116,0.0,0.0,0.0,0.0,0.0
1789986145,777221654,n/a,-0.33081216984065376,0.0,0.0,0.0,0.0,0.0
1789986145,796164518,n/a,-0.18950715210106872,0.0,0.0,0.0,0.0,0.0
1789986145,820706368,n/a,-0.48331832439041605,0.0,0.0,0.0,0.0,0.0
1789986145,839129131,n/a,-0.4766642736324273,0.0,0.0,0.0,0.0,0.0
1789986145,857720775,n/a,-0.3588202678112826,0.0,0.0,0.0,0.0,0.0
1789986145,875981166,n/a,-0.5704346793669656,0.0,0.0,0.0,0.0,0.0
1789986145,895423128,n/a,-0.49979827952821093,0.0,0.0,0.0,0.0,0.0
1789986145,920524880,n/a,-0.7315698885847963,0.0,0.0,0.0,0.0,0.0
1789986145,938849409,n/a,-0.21462156880428768,0.0,0.0,0.0,0.0,0.0
1789986145,956944352,n/a,-0.3769957299146264,0.0,0.0,0.0,0.0,0.0
1789986145,976871207,n/a,-0.14280337823231248,0.0,0.0,0.0,0.0,0.0
1789986145,995324792,n/a,-0.9710955119933646,0.0,0.0,0.0,0.0,0.0
1789986146,20560789,n/a,-0.16753599902263383,0.0,0.0,0.0,0.0,0.0
1789986146,39527862,n/a,-0.3993837191723463,0.0,0.0,0.0,0.0,0.0
1789986146,57724659,n/a,-0.44911728045216925,0.0,0.0,0.0,0.0,0.0
1789986146,82960295,n/a,-0.3041057870381818,0.0,0.0,0.0,0.0,0.0
1789986146,95618551,n/a,-0.2720306599101399,0.0,0.0,0.0,0.0,0.0
1789986146,120435637,n/a,-0.26290946646313185,0.0,0.0,0.0,0.0,0.0
1789986146,139589426,n/a,-0.5952523531528846,0.0,0.0,0.0,0.0,0.0
1789986146,157798752,n/a,-0.5621484987068484,0.0,0.0,0.0,0.0,0.0
1789986146,175989913,n/a,-0.6488169877601653,0.0,0.0,0.0,0.0,0.0
1789986146,199876432,n/a,-0.608831207979101,0.0,0.0,0.0,0.0,0.0
1789986146,219016357,n/a,-0.4154752547503876,0.0,0.0,0.0,0.0,0.0
1789986146,237439867,n/a,-0.5963894961188648,0.0,0.0,0.0,0.0,0.0
1789986146,256810758,n/a,-0.47820897811169194,0.0,0.0,0.0,0.0,0.0
1789986146,275156859,n/a,-0.46048084303094017,0.0,0.0,0.0,0.0,0.0
1789986146,299628256,n/a,-0.3656043379177242,0.0,0.0,0.0,0.0,0.0
1789986146,325392311,n/a,-0.6523149763383176,0.0,0.0,0.0,0.0,0.0
1789986146,338101046,n/a,0.00313648186754395,0.0,0.0,0.0,0.0,0.0
1789986146,356429792,n/a,-0.6191623024627637,0.0,0.0,0.0,0.0,0.0
1789986146,375905519,n/a,-0.37978161997831605,0.0,0.0,0.0,0.0,0.0
1789986146,400303746,n/a,0.3197531479291684,0.0,0.0,0.0,0.0,0.0
1789986146,418529334,n/a,0.43151499754090955,0.0,0.0,0.0,0.0,0.0
1789986146,444489435,n/a,-0.02256326657296276,0.0,0.0,0.0,0.0,0.0
1789986146,457084559,n/a,-0.13978536079746764,0.0,0.0,0.0,0.0,0.0
1789986146,475341794,n/a,-0.10850930542525547,0.0,0.0,0.0,0.0,0.0
1789986146,500751131,n/a,0.007841486902901786,0.0,0.0,0.0,0.0,0.0
1789986146,519534986,n/a,-0.03220879995418871,0.0,0.0,0.0,0.0,0.0
1789986146,538078896,n/a,-0.04999822003856887,0.0,0.0,0.0,0.0,0.0
1789986146,559862184,n/a,0.2674799094504196,0.0,0.0,0.0,0.0,0.0
1789986146,579876131,n/a,-0.06370698464150316,0.0,0.0,0.0,0.0,0.0
1789986146,598441529,n/a,0.049068658295355005,0.0,0.0,0.0,0.0,0.0
1789986146,617769810,n/a,0.4339038816825967,0.0,0.0,0.0,0.0,0.0
1789986146,636624235,n/a,0.13990315966672057,0.0,0.0,0.0,0.0,0.0
1789986146,655759998,n/a,0.07814197122064431,0.0,0.0,0.0,0.0,0.0
1789986146,676284859,n/a,-0.028937604658183503,0.0,0.0,0.0,0.0,0.0
1789986146,699794341,n/a,0.016867530566553532,0.0,0.0,0.0,0.0,0.0
1789986146,718626067,n/a,-0.04026567438759268,0.0,0.0,0.0,0.0,0.0
1789986146,737390504,n/a,-0.09087455625760661,0.0,0.0,0.0,0.0,0.0
1789986146,755714953,n/a,0.26306573226997815,0.0,0.0,0.0,0.0,0.0
1789986146,780459020,n/a,0.022253406129328364,0.0,0.0,0.0,0.0,0.0
1789986146,804634638,n/a,0.07063701562867128,0.0,0.0,0.0,0.0,0.0
1789986146,817785902,n/a,-0.16723625057846347,0.0,0.0,0.0,0.0,0.0
1789986146,836853626,n/a,-0.31443687460938213,0.0,0.0,0.0,0.0,0.0
1789986146,854873053,n/a,0.2374119398982071,0.0,0.0,0.0,0.0,0.0
1789986146,879976594,n/a,0.004702951368580742,0.0,0.0,0.0,0.0,0.0
1789986146,900732227,n/a,-0.25392635445126416,0.0,0.0,0.0,0.0,0.0
1789986146,921333616,n/a,0.41487782153444436,0.0,0.0,0.0,0.0,0.0
1789986146,937057910,n/a,-0.06915967172895059,0.0,0.0,0.0,0.0,0.0
1789986146,956046746,n/a,-0.2451535733674017,0.0,0.0,0.0,0.0,0.0
1789986146,980666106,n/a,0.265204971194811,0.0,0.0,0.0,0.0,0.0
1789986146,998488890,n/a,0.1832933634157068,0.0,0.0,0.0,0.0,0.0
1789986147,17204657,n/a,0.07349535235546854,0.0,0.0,0.0,0.0,0.0
1789986147,35825461,n/a,0.3785142173577677,0.0,0.0,0.0,0.0,0.0
1789986147,59622333,n/a,0.07699430306021976,0.0,0.0,0.0,0.0,0.0
1789986147,78914906,n/a,0.2528402330451853,0.0,0.0,0.0,0.0,0.0
1789986147,97377894,n/a,0.48774430674033536,0.0,0.0,0.0,0.0,0.0
1789986147,115621768,n/a,0.3072880616866797,0.0,0.0,0.0,0.0,0.0
1789986147,140204320,n/a,0.3955974118798799,0.0,0.0,0.0,0.0,0.0
1789986147,160225246,n/a,0.044292333125465704,0.0,0.0,0.0,0.0,0.0
1789986147,175683280,n/a,-0.03408240930743041,0.0,0.0,0.0,0.0,0.0
1789986147,200626820,n/a,-0.12783930979401067,0.0,0.0,0.0,0.0,0.0
1789986147,219051462,n/a,-0.30416386587091887,0.0,0.0,0.0,0.0,0.0
1789986147,237276900,n/a,-0.16292733061647258,0.0,0.0,0.0,0.0,0.0
1789986147,255790613,n/a,0.06114711388811421,0.0,0.0,0.0,0.0,0.0
1789986147,283909918,n/a,-0.32086872940580197,0.0,0.0,0.0,0.0,0.0
1789986147,296620990,n/a,-0.1835745179426757,0.0,0.0,0.0,0.0,0.0
1789986147,315782683,n/a,0.3088817161160825,0.0,0.0,0.0,0.0,0.0
1789986147,340004670,n/a,-0.2510057352360052,0.0,0.0,0.0,0.0,0.0
1789986147,358141935,n/a,-0.1568489798087096,0.0,0.0,0.0,0.0,0.0
1789986147,380111423,n/a,0.3080881915342839,0.0,0.0,0.0,0.0,0.0
1789986147,396485034,n/a,0.3214971786491396,0.0,0.0,0.0,0.0,0.0
1789986147,418240872,n/a,-0.15965122157545875,0.0,0.0,0.0,0.0,0.0
1789986147,437114179,n/a,0.017825060632205823,0.0,0.0,0.0,0.0,0.0
1789986147,455218839,n/a,0.392482871789766,0.0,0.0,0.0,0.0,0.0
1789986147,479337035,n/a,0.19419234159463936,0.0,0.0,0.0,0.0,0.0
1789986147,497925234,n/a,0.1366709629098269,0.0,0.0,0.0,0.0,0.0
1789986147,516356070,n/a,0.08456983789776971,0.0,0.0,0.0,0.0,0.0
1789986147,540721399,n/a,0.16246876775592084,0.0,0.0,0.0,0.0,0.0
1789986147,559625259,n/a,0.0512216692451295,0.0,0.0,0.0,0.0,0.0
1789986147,578307787,n/a,0.18485863422160448,0.0,0.0,0.0,0.0,0.0
1789986147,596450605,n/a,0.27272975512128544,0.0,0.0,0.0,0.0,0.0
1789986147,615253112,n/a,0.14405606290807169,0.0,0.0,0.0,0.0,0.0
1789986147,639671595,n/a,0.004014642034489016,0.0,0.0,0.0,0.0,0.0
1789986147,657009353,n/a,-0.021972741761620514,0.0,0.0,0.0,0.0,0.0
1789986147,675914132,n/a,0.08676575153875966,0.0,0.0,0.0,0.0,0.0
1789986147,700623964,n/a,0.15823289343751948,0.0,0.0,0.0,0.0,0.0
1789986147,720017338,n/a,-0.00326457794308598,0.0,0.0,0.0,0.0,0.0
1789986147,738319609,n/a,0.4268668103615655,0.0,0.0,0.0,0.0,0.0
1789986147,756893835,n/a,0.09640092865486294,0.0,0.0,0.0,0.0,0.0
1789986147,780844944,n/a,0.10065421144698468,0.0,0.0,0.0,0.0,0.0
1789986147,799481520,n/a,0.33651536044969255,0.0,0.0,0.0,0.0,0.0
1789986147,817950019,n/a,-0.2490486931644484,0.0,0.0,0.0,0.0,0.0
1789986147,837214808,n/a,-0.08465383983024959,0.0,0.0,0.0,0.0,0.0
1789986147,855164894,n/a,-0.15122497990066158,0.0,0.0,0.0,0.0,0.0
1789986147,879821008,n/a,-0.10944394050423156,0.0,0.0,0.0,0.0,0.0
1789986147,897869898,n/a,-0.4692397331382698,0.0,0.0,0.0,0.0,0.0
1789986147,916822137,n/a,0.12283694002421798,0.0,0.0,0.0,0.0,0.0
1789986147,935670022,n/a,0.017289663466208832,0.0,0.0,0.0,0.0,0.0
1789986147,960608054,n/a,-0.047864369223449645,0.0,0.0,0.0,0.0,0.0
1789986147,978648237,n/a,0.07942379511783738,0.0,0.0,0.0,0.0,0.0
1789986147,996800109,n/a,0.045280628371147304,0.0,0.0,0.0,0.0,0.0
1789986148,19772702,n/a,0.1554543735576827,0.0,0.0,0.0,0.0,0.0
1789986148,38998641,n/a,-0.46506642122565234,0.0,0.0,0.0,0.0,0.0
1789986148,57238551,n/a,-0.3815936777647202,0.0,0.0,0.0,0.0,0.0
1789986148,75863953,n/a,-0.2729460234745814,0.0,0.0,0.0,0.0,0.0
1789986148,99829208,n/a,-0.45616433752020086,0.0,0.0,0.0,0.0,0.0
1789986148,118038245,n/a,-0.005060262567698897,0.0,0.0,0.0,0.0,0.0
1789986148,135809250,n/a,-0.06991573103700338,0.0,0.0,0.0,0.0,0.0
1789986148,160580528,n/a,-0.14358898174967563,0.0,0.0,0.0,0.0,0.0
1789986148,178909638,n/a,0.06019606484476584,0.0,0.0,0.0,0.0,0.0
1789986148,198041870,n/a,0.10277809404673449,0.0,0.0,0.0,0.0,0.0
1789986148,215831432,n/a,-0.1561811424476176,0.0,0.0,0.0,0.0,0.0
1789986148,243047621,n/a,-0.1796530634874989,0.0,0.0,0.0,0.0,0.0
1789986148,258807452,n/a,0.0669532821243579,0.0,0.0,0.0,0.0,0.0
1789986148,277189913,n/a,-0.013330775616906177,0.0,0.0,0.0,0.0,0.0
1789986148,295561448,n/a,0.2187794808525736,0.0,0.0,0.0,0.0,0.0
1789986148,320409168,n/a,-0.02623926787048395,0.0,0.0,0.0,0.0,0.0
1789986148,338533136,n/a,0.3109412399182922,0.0,0.0,0.0,0.0,0.0
1789986148,357214132,n/a,-0.09571470316652342,0.0,0.0,0.0,0.0,0.0
1789986148,375111018,n/a,0.08571888669296521,0.0,0.0,0.0,0.0,0.0
1789986148,400294038,n/a,-0.24060016523604014,0.0,0.0,0.0,0.0,0.0
1789986148,418717815,n/a,-0.32118269011544986,0.0,0.0,0.0,0.0,0.0
1789986148,437717390,n/a,0.10671905488607049,0.0,0.0,0.0,0.0,0.0
1789986148,455903104,n/a,0.0060896878172526404,0.0,0.0,0.0,0.0,0.0
1789986148,485303225,n/a,-0.16624803327935567,0.0,0.0,0.0,0.0,0.0
1789986148,499449734,n/a,0.16481925530624147,0.0,0.0,0.0,0.0,0.0
1789986148,518002095,n/a,-0.21658421364405894,0.0,0.0,0.0,0.0,0.0
1789986148,536555993,n/a,-0.16047689794758757,0.0,0.0,0.0,0.0,0.0
1789986148,555721313,n/a,-0.059394167400063896,0.0,0.0,0.0,0.0,0.0
1789986148,580531598,n/a,-0.2763009100455381,0.0,0.0,0.0,0.0,0.0
1789986148,600121696,n/a,0.6613046458326854,0.0,0.0,0.0,0.0,0.0
1789986148,617075522,n/a,0.17874673609775787,0.0,0.0,0.0,0.0,0.0
1789986148,635924438,n/a,-0.022134854464553717,0.0,0.0,0.0,0.0,0.0
1789986148,661234316,n/a,-0.1319491312160332,0.0,0.0,0.0,0.0,0.0
1789986148,679882274,n/a,0.5939035436927642,0.0,0.0,0.0,0.0,0.0
1789986148,698621102,n/a,-0.17278765164896553,0.0,0.0,0.0,0.0,0.0
1789986148,717028473,n/a,-0.16981254572297372,0.0,0.0,0.0,0.0,0.0
1789986148,735514418,n/a,-0.4278513163528214,0.0,0.0,0.0,0.0,0.0
1789986148,760386160,n/a,0.000921217967906527,0.0,0.0,0.0,0.0,0.0
1789986148,778936895,n/a,0.25237707941385756,0.0,0.0,0.0,0.0,0.0
1789986148,798394519,n/a,0.0002925180210123835,0.0,0.0,0.0,0.0,0.0
1789986148,817166470,n/a,0.4478431488094611,0.0,0.0,0.0,0.0,0.0
1789986148,835836151,n/a,0.18012016644203577,0.0,0.0,0.0,0.0,0.0
1789986148,855411880,n/a,-0.10491918107933981,0.0,0.0,0.0,0.0,0.0
1789986148,880646778,n/a,0.19022675546434434,0.0,0.0,0.0,0.0,0.0
1789986148,898918747,n/a,0.11601695802187861,0.0,0.0,0.0,0.0,0.0
1789986148,917415035,n/a,-0.1425718054356652,0.0,0.0,0.0,0.0,0.0
1789986148,937052685,n/a,0.6143388275503225,0.0,0.0,0.0,0.0,0.0
1789986148,955998759,n/a,-0.31830776842707764,0.0,0.0,0.0,0.0,0.0
1789986148,981272152,n/a,0.40923774154048637,0.0,0.0,0.0,0.0,0.0
1789986149,577380,n/a,0.2810074722396238,0.0,0.0,0.0,0.0,0.0
1789986149,19548648,n/a,0.6105106016903025,0.0,0.0,0.0,0.0,0.0
1789986149,39505400,n/a,0.19131291898185324,0.0,0.0,0.0,0.0,0.0
1789986149,58687743,n/a,0.03615452784877034,0.0,0.0,0.0,0.0,0.0
1789986149,77762160,n/a,-0.15452997329924945,0.0,0.0,0.0,0.0,0.0
1789986149,103673236,n/a,-0.2860865529101591,0.0,0.0,0.0,0.0,0.0
1789986149,116342569,n/a,0.028493980849967522,0.0,0.0,0.0,0.0,0.0
1789986149,135461730,n/a,0.2830457347923259,0.0,0.0,0.0,0.0,0.0
1789986149,154997828,n/a,-0.29601685456129845,0.0,0.0,0.0,0.0,0.0
1789986149,180000877,n/a,-0.08921451337791678,0.0,0.0,0.0,0.0,0.0
1789986149,199170667,n/a,0.36780063109826494,0.0,0.0,0.0,0.0,0.0
1789986149,223902260,n/a,0.6547229187763206,0.0,0.0,0.0,0.0,0.0
1789986149,236475110,n/a,0.24710665925071532,0.0,0.0,0.0,0.0,0.0
1789986149,255471154,n/a,0.012752527945144894,0.0,0.0,0.0,0.0,0.0
1789986149,275073137,n/a,-0.357273723138022,0.0,0.0,0.0,0.0,0.0
1789986149,300273723,n/a,-0.03878566634913014,0.0,0.0,0.0,0.0,0.0
1789986149,319959415,n/a,0.0001806391468879854,0.0,0.0,0.0,0.0,0.0
1789986149,343174673,n/a,0.3601537261760742,0.0,0.0,0.0,0.0,0.0
1789986149,357427015,n/a,0.35198153590992304,0.0,0.0,0.0,0.0,0.0
1789986149,376310976,n/a,0.14801942258804354,0.0,0.0,0.0,0.0,0.0
1789986149,396921082,n/a,0.21301940768562616,0.0,0.0,0.0,0.0,0.0
1789986149,415829281,n/a,-0.3313920011235548,0.0,0.0,0.0,0.0,0.0
1789986149,435739098,n/a,0.03292765124433333,0.0,0.0,0.0,0.0,0.0
1789986149,461399327,n/a,-0.28479251512563236,0.0,0.0,0.0,0.0,0.0
1789986149,478498657,n/a,-0.2902347733019481,0.0,0.0,0.0,0.0,0.0
1789986149,498615921,n/a,0.010579802825030052,0.0,0.0,0.0,0.0,0.0
1789986149,519000346,n/a,-0.0582737758350195,0.0,0.0,0.0,0.0,0.0
1789986149,538854559,n/a,-0.1906577406752996,0.0,0.0,0.0,0.0,0.0
1789986149,558503628,n/a,0.21085322737421874,0.0,0.0,0.0,0.0,0.0
1789986149,577797519,n/a,0.3911161890359565,0.0,0.0,0.0,0.0,0.0
1789986149,595604166,n/a,-0.03033200768016183,0.0,0.0,0.0,0.0,0.0
1789986149,616117425,n/a,0.15997105129617992,0.0,0.0,0.0,0.0,0.0
1789986149,635563656,n/a,0.1661181526147508,0.0,0.0,0.0,0.0,0.0
1789986149,655159528,n/a,0.11177507069409187,0.0,0.0,0.0,0.0,0.0
1789986149,681308323,n/a,0.4289815633317298,0.0,0.0,0.0,0.0,0.0
1789986149,701090218,n/a,-0.00731689171812857,0.0,0.0,0.0,0.0,0.0
1789986149,715399799,n/a,0.06120326349572751,0.0,0.0,0.0,0.0,0.0
1789986149,739339313,n/a,-0.10980190591797825,0.0,0.0,0.0,0.0,0.0
1789986149,758397236,n/a,-0.29775697170135346,0.0,0.0,0.0,0.0,0.0
1789986149,778333665,n/a,-0.5087431084219767,0.0,0.0,0.0,0.0,0.0
1789986149,798043873,n/a,-0.2777699278741767,0.0,0.0,0.0,0.0,0.0
1789986149,817472785,n/a,0.11414281585370768,0.0,0.0,0.0,0.0,0.0
1789986149,837534728,n/a,-0.16793565601494123,0.0,0.0,0.0,0.0,0.0
1789986149,855332455,n/a,-0.05939107878163037,0.0,0.0,0.0,0.0,0.0
1789986149,880296136,n/a,-0.13316515431905748,0.0,0.0,0.0,0.0,0.0
1789986149,900969276,n/a,-0.3970007212793661,0.0,0.0,0.0,0.0,0.0
1789986149,920409974,n/a,0.2760163714999293,0.0,0.0,0.0,0.0,0.0
1789986149,940031217,n/a,0.015229901882667398,0.0,0.0,0.0,0.0,0.0
1789986149,959077482,n/a,-0.055908723886043815,0.0,0.0,0.0,0.0,0.0
1789986149,976629695,n/a,0.010336904712155502,0.0,0.0,0.0,0.0,0.0
1789986149,996455049,n/a,-0.27199129090121826,0.0,0.0,0.0,0.0,0.0
1789986150,16159799,n/a,-0.23570247023667693,0.0,0.0,0.0,0.0,0.0
1789986150,35972930,n/a,0.14673225977326043,0.0,0.0,0.0,0.0,0.0
1789986150,56375505,n/a,0.05133637820645485,0.0,0.0,0.0,0.0,0.0
1789986150,76561651,n/a,0.0687466310891698,0.0,0.0,0.0,0.0,0.0
1789986150,100073876,n/a,0.32694677192445004,0.0,0.0,0.0,0.0,0.0
1789986150,119338680,n/a,0.0675099567353325,0.0,0.0,0.0,0.0,0.0
1789986150,138680810,n/a,0.4601917194327435,0.0,0.0,0.0,0.0,0.0
1789986150,157489012,n/a,-0.08554850975572559,0.0,0.0,0.0,0.0,0.0
1789986150,176385162,n/a,0.17758826700156358,0.0,0.0,0.0,0.0,0.0
1789986150,196538189,n/a,0.4755759289759128,0.0,0.0,0.0,0.0,0.0
1789986150,219218903,n/a,-0.30951551920139114,0.0,0.0,0.0,0.0,0.0
1789986150,240072142,n/a,-0.2598429916141681,0.0,0.0,0.0,0.0,0.0
1789986150,259665977,n/a,0.4425818592756774,0.0,0.0,0.0,0.0,0.0
1789986150,278702204,n/a,0.0386238924907491,0.0,0.0,0.0,0.0,0.0
1789986150,298693750,n/a,-0.23996359903090114,0.0,0.0,0.0,0.0,0.0
1789986150,318359681,n/a,-0.22000375220813914,0.0,0.0,0.0,0.0,0.0
1789986150,337654030,n/a,-0.4054302556291873,0.0,0.0,0.0,0.0,0.0
1789986150,361075794,n/a,0.16552057730912428,0.0,0.0,0.0,0.0,0.0
1789986150,380797064,n/a,-0.15905557438602427,0.0,0.0,0.0,0.0,0.0
1789986150,399718653,n/a,-0.04299437965064016,0.0,0.0,0.0,0.0,0.0
1789986150,419645708,n/a,0.2620606706802954,0.0,0.0,0.0,0.0,0.0
1789986150,438884029,n/a,0.24832265063554002,0.0,0.0,0.0,0.0,0.0
1789986150,457535975,n/a,-0.062476041331319794,0.0,0.0,0.0,0.0,0.0
1789986150,475020030,n/a,0.15795861580470524,0.0,0.0,0.0,0.0,0.0
1789986150,500690519,n/a,0.024130072763770907,0.0,0.0,0.0,0.0,0.0
1789986150,519460358,n/a,-0.05921316469617267,0.0,0.0,0.0,0.0,0.0
1789986150,539358741,n/a,-0.18821038494790876,0.0,0.0,0.0,0.0,0.0
1789986150,558593713,n/a,0.25191583107292115,0.0,0.0,0.0,0.0,0.0
1789986150,577064566,n/a,-0.13779240864761652,0.0,0.0,0.0,0.0,0.0
1789986150,601162198,n/a,-0.1638231738421087,0.0,0.0,0.0,0.0,0.0
1789986150,619910720,n/a,0.18535302652512264,0.0,0.0,0.0,0.0,0.0
1789986150,639038982,n/a,0.12010125240955993,0.0,0.0,0.0,0.0,0.0
1789986150,658662233,n/a,-0.25524208780321855,0.0,0.0,0.0,0.0,0.0
1789986150,677692039,n/a,-0.03182089928373413,0.0,0.0,0.0,0.0,0.0
1789986150,696007384,n/a,0.19137551440659323,0.0,0.0,0.0,0.0,0.0
1789986150,719489140,n/a,-0.3443252258186595,0.0,0.0,0.0,0.0,0.0
1789986150,737925495,n/a,-0.5321349959122789,0.0,0.0,0.0,0.0,0.0
1789986150,756267905,n/a,-0.005363030528689265,0.0,0.0,0.0,0.0,0.0
1789986150,776498327,n/a,0.08039229835386803,0.0,0.0,0.0,0.0,0.0
1789986150,795356260,n/a,-0.4033826001386778,0.0,0.0,0.0,0.0,0.0
1789986150,820255027,n/a,-0.31635192366164117,0.0,0.0,0.0,0.0,0.0
1789986150,838474330,n/a,-0.39410770631228825,0.0,0.0,0.0,0.0,0.0
1789986150,856983785,n/a,0.05533221542209944,0.0,0.0,0.0,0.0,0.0
1789986150,875322005,n/a,-0.08845661941232262,0.0,0.0,0.0,0.0,0.0
1789986150,901105613,n/a,0.05142870388872898,0.0,0.0,0.0,0.0,0.0
1789986150,919806987,n/a,-0.34115720516256137,0.0,0.0,0.0,0.0,0.0
1789986150,938033931,n/a,-0.12237189355036132,0.0,0.0,0.0,0.0,0.0
1789986150,956444718,n/a,-0.3118174873543523,0.0,0.0,0.0,0.0,0.0
1789986150,975153240,n/a,0.25245307535750344,0.0,0.0,0.0,0.0,0.0
1789986151,20803,n/a,0.42545419335163503,0.0,0.0,0.0,0.0,0.0
1789986151,20160688,n/a,-0.03146006340996522,0.0,0.0,0.0,0.0,0.0
1789986151,39380736,n/a,-0.27897940595771575,0.0,0.0,0.0,0.0,0.0
1789986151,57895321,n/a,0.0016164103859024018,0.0,0.0,0.0,0.0,0.0
1789986151,82203887,n/a,0.22937531114531548,0.0,0.0,0.0,0.0,0.0
1789986151,100818375,n/a,0.03097294332119584,0.0,0.0,0.0,0.0,0.0
1789986151,119918117,n/a,-0.08673762539580868,0.0,0.0,0.0,0.0,0.0
1789986151,140236393,n/a,0.6473608193226885,0.0,0.0,0.0,0.0,0.0
1789986151,158986435,n/a,-0.0031069056351405973,0.0,0.0,0.0,0.0,0.0
1789986151,177429793,n/a,-0.06146794458239907,0.0,0.0,0.0,0.0,0.0
1789986151,202187528,n/a,0.1202689165689457,0.0,0.0,0.0,0.0,0.0
1789986151,220945746,n/a,0.18417998241672753,0.0,0.0,0.0,0.0,0.0
1789986151,240076598,n/a,-0.37013124849432477,0.0,0.0,0.0,0.0,0.0
1789986151,259712817,n/a,0.39691899458249086,0.0,0.0,0.0,0.0,0.0
1789986151,278073398,n/a,-0.19519759911770096,0.0,0.0,0.0,0.0,0.0
1789986151,296001849,n/a,0.23976254803406796,0.0,0.0,0.0,0.0,0.0
1789986151,319258277,n/a,-0.01942241455037136,0.0,0.0,0.0,0.0,0.0
1789986151,338101363,n/a,0.028092298642542098,0.0,0.0,0.0,0.0,0.0
1789986151,356696791,n/a,0.04055158972364911,0.0,0.0,0.0,0.0,0.0
1789986151,377176785,n/a,0.30619842288430954,0.0,0.0,0.0,0.0,0.0
1789986151,395747477,n/a,-0.0538673216171835,0.0,0.0,0.0,0.0,0.0
1789986151,420759683,n/a,-0.4055427840378645,0.0,0.0,0.0,0.0,0.0
1789986151,444820508,n/a,-0.20576278536668025,0.0,0.0,0.0,0.0,0.0
1789986151,457239935,n/a,-0.2548867228471545,0.0,0.0,0.0,0.0,0.0
1789986151,475235512,n/a,0.18543231122994167,0.0,0.0,0.0,0.0,0.0
1789986151,495156778,n/a,0.05752008553171808,0.0,0.0,0.0,0.0,0.0
1789986151,520379163,n/a,-0.015289142761294268,0.0,0.0,0.0,0.0,0.0
1789986151,539336520,n/a,-0.6064509619736294,0.0,0.0,0.0,0.0,0.0
1789986151,562984923,n/a,-0.14417857658967706,0.0,0.0,0.0,0.0,0.0
1789986151,576412081,n/a,-0.3008661974135013,0.0,0.0,0.0,0.0,0.0
1789986151,601787249,n/a,-0.00872286830627895,0.0,0.0,0.0,0.0,0.0
1789986151,620848101,n/a,-0.1432294712786737,0.0,0.0,0.0,0.0,0.0
1789986151,639646032,n/a,0.12915919916056307,0.0,0.0,0.0,0.0,0.0
1789986151,659509007,n/a,-0.18432656914836495,0.0,0.0,0.0,0.0,0.0
1789986151,679637954,n/a,0.004500227227902404,0.0,0.0,0.0,0.0,0.0
1789986151,695527901,n/a,-0.297281995612477,0.0,0.0,0.0,0.0,0.0
1789986151,721587050,n/a,-0.1868481310466246,0.0,0.0,0.0,0.0,0.0
1789986151,735772028,n/a,-0.057437321554393135,0.0,0.0,0.0,0.0,0.0
1789986151,760948270,n/a,0.23720808772041121,0.0,0.0,0.0,0.0,0.0
1789986151,780536153,n/a,0.27835458472896657,0.0,0.0,0.0,0.0,0.0
1789986151,799255637,n/a,0.06998052903570387,0.0,0.0,0.0,0.0,0.0
1789986151,816602849,n/a,-0.2645803936946938,0.0,0.0,0.0,0.0,0.0
1789986151,842036949,n/a,-0.22931276861269428,0.0,0.0,0.0,0.0,0.0
1789986151,860998802,n/a,-0.2829724139669839,0.0,0.0,0.0,0.0,0.0
1789986151,879872611,n/a,0.12942257045964667,0.0,0.0,0.0,0.0,0.0
1789986151,898740335,n/a,0.3819465514973593,0.0,0.0,0.0,0.0,0.0
1789986151,917014604,n/a,-0.30565743673158985,0.0,0.0,0.0,0.0,0.0
1789986151,940374524,n/a,-0.2472426316377421,0.0,0.0,0.0,0.0,0.0
1789986151,959585500,n/a,0.025984800405418163,0.0,0.0,0.0,0.0,0.0
1789986151,978185178,n/a,-0.19041713791533196,0.0,0.0,0.0,0.0,0.0
1789986151,996672468,n/a,-0.08331387771699553,0.0,0.0,0.0,0.0,0.0
1789986152,15568031,n/a,-0.11864190501991813,0.0,0.0,0.0,0.0,0.0
1789986152,40897641,n/a,0.3799306500908638,0.0,0.0,0.0,0.0,0.0
1789986152,58018983,n/a,-0.04495231553135348,0.0,0.0,0.0,0.0,0.0
1789986152,77764240,n/a,0.02870267687889385,0.0,0.0,0.0,0.0,0.0
1789986152,96904845,n/a,0.029342110923820344,0.0,0.0,0.0,0.0,0.0
1789986152,115481178,n/a,0.3464918783201212,0.0,0.0,0.0,0.0,0.0
1789986152,135077553,n/a,-0.1977889491219947,0.0,0.0,0.0,0.0,0.0
1789986152,159411905,n/a,0.06363429538791807,0.0,0.0,0.0,0.0,0.0
1789986152,176388181,n/a,0.009490315012807993,0.0,0.0,0.0,0.0,0.0
1789986152,196205757,n/a,0.1667721229163449,0.0,0.0,0.0,0.0,0.0
1789986152,215527809,n/a,-0.026966808572021928,0.0,0.0,0.0,0.0,0.0
1789986152,240561314,n/a,-0.04716369871478343,0.0,0.0,0.0,0.0,0.0
1789986152,259013280,n/a,0.31183664221263624,0.0,0.0,0.0,0.0,0.0
1789986152,277268257,n/a,-0.008024294169952373,0.0,0.0,0.0,0.0,0.0
1789986152,302691998,n/a,0.13325540757455104,0.0,0.0,0.0,0.0,0.0
1789986152,318321977,n/a,-0.03880560955270437,0.0,0.0,0.0,0.0,0.0
1789986152,338349703,n/a,0.08060256972806586,0.0,0.0,0.0,0.0,0.0
1789986152,357607488,n/a,0.03291043537177382,0.0,0.0,0.0,0.0,0.0
1789986152,377079209,n/a,-0.3149482525378224,0.0,0.0,0.0,0.0,0.0
1789986152,397144775,n/a,-0.023333985406595724,0.0,0.0,0.0,0.0,0.0
1789986152,421763965,n/a,0.011393090858893264,0.0,0.0,0.0,0.0,0.0
1789986152,436080924,n/a,-0.08811690005828343,0.0,0.0,0.0,0.0,0.0
1789986152,456584676,n/a,0.3863838032604683,0.0,0.0,0.0,0.0,0.0
1789986152,476058918,n/a,0.013340314833432234,0.0,0.0,0.0,0.0,0.0
1789986152,494902529,n/a,0.33013057389876443,0.0,0.0,0.0,0.0,0.0
1789986152,519846392,n/a,-0.4257999181143302,0.0,0.0,0.0,0.0,0.0
1789986152,539949076,n/a,-0.06144478328704361,0.0,0.0,0.0,0.0,0.0
1789986152,557563970,n/a,0.34027160928949557,0.0,0.0,0.0,0.0,0.0
1789986152,577816875,n/a,0.4539070395547654,0.0,0.0,0.0,0.0,0.0
1789986152,597776537,n/a,-0.07042510093335394,0.0,0.0,0.0,0.0,0.0
1789986152,618011849,n/a,0.30468644578648235,0.0,0.0,0.0,0.0,0.0
1789986152,638055810,n/a,-0.24916011487483763,0.0,0.0,0.0,0.0,0.0
1789986152,658977546,n/a,0.023562967580950375,0.0,0.0,0.0,0.0,0.0
1789986152,677724629,n/a,0.21569737084778656,0.0,0.0,0.0,0.0,0.0
1789986152,698812877,n/a,-0.0013828029099799363,0.0,0.0,0.0,0.0,0.0
1789986152,718500908,n/a,0.10437139331361814,0.0,0.0,0.0,0.0,0.0
1789986152,737436529,n/a,-0.26742277090211325,0.0,0.0,0.0,0.0,0.0
1789986152,756048870,n/a,-0.13021874065076988,0.0,0.0,0.0,0.0,0.0
1789986152,780837264,n/a,-0.266330414023239,0.0,0.0,0.0,0.0,0.0
1789986152,805394383,n/a,-0.034686304344590815,0.0,0.0,0.0,0.0,0.0
1789986152,817739047,n/a,-0.09555120453530322,0.0,0.0,0.0,0.0,0.0
1789986152,836318428,n/a,-0.06544997019760301,0.0,0.0,0.0,0.0,0.0
1789986152,860873362,n/a,0.3528755369304662,0.0,0.0,0.0,0.0,0.0
1789986152,879477315,n/a,-0.2561260745457813,0.0,0.0,0.0,0.0,0.0
1789986152,899286289,n/a,-0.04244752678385589,0.0,0.0,0.0,0.0,0.0
1789986152,925159710,n/a,0.13436994930753116,0.0,0.0,0.0,0.0,0.0
1789986152,938538424,n/a,0.008179723321451133,0.0,0.0,0.0,0.0,0.0
1789986152,957221136,n/a,-0.13227680668486866,0.0,0.0,0.0,0.0,0.0
1789986152,975827069,n/a,-0.6377591751447006,0.0,0.0,0.0,0.0,0.0
1789986153,435098,n/a,-0.16242639790671884,0.0,0.0,0.0,0.0,0.0
1789986153,18839627,n/a,-0.28221255619589425,0.0,0.0,0.0,0.0,0.0
1789986153,40548783,n/a,0.26877123562644295,0.0,0.0,0.0,0.0,0.0
1789986153,55269506,n/a,0.4097800986239269,0.0,0.0,0.0,0.0,0.0
1789986153,80415053,n/a,0.3386070652120523,0.0,0.0,0.0,0.0,0.0
1789986153,98923413,n/a,-0.028660432306655343,0.0,0.0,0.0,0.0,0.0
1789986153,117580966,n/a,-0.04130127443600826,0.0,0.0,0.0,0.0,0.0
1789986153,136286130,n/a,0.3519959893147817,0.0,0.0,0.0,0.0,0.0
1789986153,156653413,n/a,-0.3326139221846085,0.0,0.0,0.0,0.0,0.0
1789986153,180908512,n/a,0.09132171683231116,0.0,0.0,0.0,0.0,0.0
1789986153,199428138,n/a,0.056091614707810725,0.0,0.0,0.0,0.0,0.0
1789986153,217895094,n/a,0.3391570347343123,0.0,0.0,0.0,0.0,0.0
1789986153,236409760,n/a,-0.05262797980578293,0.0,0.0,0.0,0.0,0.0
1789986153,260911168,n/a,0.04564498858051702,0.0,0.0,0.0,0.0,0.0
1789986153,284297580,n/a,0.35663013263958565,0.0,0.0,0.0,0.0,0.0
1789986153,299078550,n/a,0.09981049392085158,0.0,0.0,0.0,0.0,0.0
1789986153,317153295,n/a,-0.04976858855545552,0.0,0.0,0.0,0.0,0.0
1789986153,344062370,n/a,0.5718573843054751,0.0,0.0,0.0,0.0,0.0
1789986153,357627872,n/a,-0.11959597187093768,0.0,0.0,0.0,0.0,0.0
1789986153,376144393,n/a,-0.36150950237802226,0.0,0.0,0.0,0.0,0.0
1789986153,395089634,n/a,0.014618705596637159,0.0,0.0,0.0,0.0,0.0
1789986153,419593451,n/a,-0.34836644816861795,0.0,0.0,0.0,0.0,0.0
1789986153,438511333,n/a,-0.41312928109538866,0.0,0.0,0.0,0.0,0.0
1789986153,457281444,n/a,0.29768552500684103,0.0,0.0,0.0,0.0,0.0
1789986153,475476946,n/a,-0.011342561054534876,0.0,0.0,0.0,0.0,0.0
1789986153,500689455,n/a,-0.34204581668704953,0.0,0.0,0.0,0.0,0.0
1789986153,519873380,n/a,0.05117625794779026,0.0,0.0,0.0,0.0,0.0
1789986153,536813976,n/a,0.33924075647787183,0.0,0.0,0.0,0.0,0.0
1789986153,556649928,n/a,-0.10907792810933634,0.0,0.0,0.0,0.0,0.0
1789986153,575289071,n/a,-0.27207886876763315,0.0,0.0,0.0,0.0,0.0
1789986153,600470190,n/a,0.4066051980479159,0.0,0.0,0.0,0.0,0.0
1789986153,619014820,n/a,0.005186267377310579,0.0,0.0,0.0,0.0,0.0
1789986153,638375402,n/a,0.3473270508912551,0.0,0.0,0.0,0.0,0.0
1789986153,662851147,n/a,-0.18788365325953868,0.0,0.0,0.0,0.0,0.0
1789986153,675528712,n/a,0.31333979491923514,0.0,0.0,0.0,0.0,0.0
1789986153,700043190,n/a,0.14528770044594483,0.0,0.0,0.0,0.0,0.0
1789986153,718541037,n/a,-0.19438952199865966,0.0,0.0,0.0,0.0,0.0
1789986153,737327383,n/a,-0.13175077740819097,0.0,0.0,0.0,0.0,0.0
1789986153,755994339,n/a,-0.24878356575524635,0.0,0.0,0.0,0.0,0.0
1789986153,778648052,n/a,0.23596638553067903,0.0,0.0,0.0,0.0,0.0
1789986153,797426628,n/a,0.1151428951657634,0.0,0.0,0.0,0.0,0.0
1789986153,815535478,n/a,0.1762438491623163,0.0,0.0,0.0,0.0,0.0
1789986153,836014296,n/a,-0.48326062003531667,0.0,0.0,0.0,0.0,0.0
1789986153,855137356,n/a,0.09473008036662493,0.0,0.0,0.0,0.0,0.0
1789986153,880249002,n/a,0.06770985973348403,0.0,0.0,0.0,0.0,0.0
1789986153,895217371,n/a,0.13729504928730324,0.0,0.0,0.0,0.0,0.0
1789986153,916867703,n/a,-0.2359433652432038,0.0,0.0,0.0,0.0,0.0
1789986153,935489543,n/a,0.5754969298691807,0.0,0.0,0.0,0.0,0.0
1789986153,960341589,n/a,0.17744906749491984,0.0,0.0,0.0,0.0,0.0
1789986153,978847137,n/a,-0.13681673503964611,0.0,0.0,0.0,0.0,0.0
1789986153,998225743,n/a,0.3495958122936718,0.0,0.0,0.0,0.0,0.0
1789986154,22348614,n/a,-0.28674228320984785,0.0,0.0,0.0,0.0,0.0
1789986154,35672296,n/a,0.19579125170672448,0.0,0.0,0.0,0.0,0.0
1789986154,60629647,n/a,-0.06933227663741591,0.0,0.0,0.0,0.0,0.0
1789986154,79242198,n/a,0.22911019207554814,0.0,0.0,0.0,0.0,0.0
1789986154,97761535,n/a,-0.13839799350050674,0.0,0.0,0.0,0.0,0.0
1789986154,116521007,n/a,-0.11877847273264208,0.0,0.0,0.0,0.0,0.0
1789986154,139189032,n/a,0.061561837928649346,0.0,0.0,0.0,0.0,0.0
1789986154,160584964,n/a,0.06612593281445102,0.0,0.0,0.0,0.0,0.0
1789986154,178997676,n/a,-0.1033863387439385,0.0,0.0,0.0,0.0,0.0
1789986154,197283533,n/a,0.1484054513384293,0.0,0.0,0.0,0.0,0.0
1789986154,215609894,n/a,0.1960334697245321,0.0,0.0,0.0,0.0,0.0
1789986154,241130480,n/a,0.0019326794635181463,0.0,0.0,0.0,0.0,0.0
1789986154,264692419,n/a,0.08276770536496872,0.0,0.0,0.0,0.0,0.0
1789986154,277245226,n/a,0.2783226386808811,0.0,0.0,0.0,0.0,0.0
1789986154,295444099,n/a,-0.2633031607801949,0.0,0.0,0.0,0.0,0.0
1789986154,319515898,n/a,0.04588322202537799,0.0,0.0,0.0,0.0,0.0
1789986154,338149110,n/a,-0.13931684921218196,0.0,0.0,0.0,0.0,0.0
1789986154,357299697,n/a,0.31630457933598966,0.0,0.0,0.0,0.0,0.0
1789986154,380753106,n/a,0.16301685848382774,0.0,0.0,0.0,0.0,0.0
1789986154,395561949,n/a,0.7,0.0,0.0,0.0,0.0,0.0
1789986154,420831491,n/a,0.7,0.0,0.0,0.0,0.0,0.0
1789986154,440700141,n/a,0.7,0.0,0.0,0.0,0.0,0.0
1789986154,459453562,n/a,0.7,0.0,0.0,0.0,0.0,0.0
1789986154,478284519,n/a,0.7,0.0,0.0,0.0,0.0,0.0
1789986154,499393883,n/a,0.7,0.0,0.0,0.0,0.0,0.0
1789986154,516967359,n/a,0.7,0.0,0.0,0.0,0.0,0.0
1789986154,537049602,n/a,0.7,0.0,0.0,0.0,0.0,0.0
1789986154,556446012,n/a,0.7,0.0,0.0,0.0,0.0,0.0
1789986154,575662202,n/a,0.7,0.0,0.0,0.0,0.0,0.0
1789986154,595949947,n/a,0.7,0.0,0.0,0.0,0.0,0.0
1789986154,615733209,n/a,0.7,0.0,0.0,0.0,0.0,0.0
1789986154,640313730,n/a,0.7,0.0,0.0,0.0,0.0,0.0
1789986154,659425258,n/a,0.7,0.0,0.0,0.0,0.0,0.0
1789986154,678297228,n/a,0.7,0.0,0.0,0.0,0.0,0.0
1789986154,698266477,n/a,0.7,0.0,0.0,0.0,0.0,0.0
1789986154,716903840,n/a,0.7,0.0,0.0,0.0,0.0,0.0
1789986154,736285707,n/a,0.7,0.0,0.0,0.0,0.0,0.0
1789986154,760519434,n/a,0.7,0.0,0.0,0.0,0.0,0.0
1789986154,779306174,n/a,0.7,0.0,0.0,0.0,0.0,0.0
1789986154,799056163,n/a,0.7,0.0,0.0,0.0,0.0,0.0
1789986154,817484480,n/a,0.7,0.0,0.0,0.0,0.0,0.0
1789986154,835803640,n/a,0.7,0.0,0.0,0.0,0.0,0.0
1789986154,860550965,n/a,0.7,0.0,0.0,0.0,0.0,0.0
1789986154,876462313,n/a,0.7,0.0,0.0,0.0,0.0,0.0
1789986154,895395642,n/a,0.7,0.0,0.0,0.0,0.0,0.0
1789986154,918518094,n/a,0.7,0.0,0.0,0.0,0.0,0.0
1789986154,935523344,n/a,0.7,0.0,0.0,0.0,0.0,0.0
1789986154,958632489,n/a,0.7,0.0,0.0,0.0,0.0,0.0
1789986154,976502842,n/a,0.7,0.0,0.0,0.0,0.0,0.0
1789986154,999088636,n/a,0.7,0.0,0.0,0.0,0.0,0.0
1789986155,15906115,n/a,0.7,0.0,0.0,0.0,0.0,0.0
1789986155,38632754,n/a,0.7,0.0,0.0,0.0,0.0,0.0
1789986155,55251391,n/a,0.7,0.0,0.0,0.0,0.0,0.0
1789986155,78068149,n/a,0.7,0.0,0.0,0.0,0.0,0.0
1789986155,100280301,n/a,0.7,0.0,0.0,0.0,0.0,0.0
1789986155,117595922,n/a,0.7,0.0,0.0,0.0,0.0,0.0
1789986155,140490875,n/a,0.7,0.0,0.0,0.0,0.0,0.0
1789986155,157118345,n/a,0.7,0.0,0.0,0.0,0.0,0.0
1789986155,180515380,n/a,0.7,0.0,0.0,0.0,0.0,0.0
1789986155,196974046,n/a,0.7,0.0,0.0,0.0,0.0,0.0
1789986155,218079948,n/a,0.7,0.0,0.0,0.0,0.0,0.0
1789986155,235481736,n/a,0.7,0.0,0.0,0.0,0.0,0.0
1789986155,257279617,n/a,0.7,0.0,0.0,0.0,0.0,0.0
1789986155,279404058,n/a,0.7,0.0,0.0,0.0,0.0,0.0
1789986155,296313905,n/a,0.7,0.0,0.0,0.0,0.0,0.0
1789986155,317824447,n/a,0.7,0.0,0.0,0.0,0.0,0.0
1789986155,335547698,n/a,0.7,0.0,0.0,0.0,0.0,0.0
1789986155,358005434,n/a,0.7,0.0,0.0,0.0,0.0,0.0
1789986155,380376970,n/a,0.7,0.0,0.0,0.0,0.0,0.0
1789986155,397586227,n/a,0.7,0.0,0.0,0.0,0.0,0.0
1789986155,424025260,n/a,0.7,0.0,0.0,0.0,0.0,0.0
1789986155,435548732,n/a,0.7,0.0,0.0,0.0,0.0,0.0
1789986155,459227942,n/a,0.7,0.0,0.0,0.0,0.0,0.0
1789986155,475520205,n/a,0.7,0.0,0.0,0.0,0.0,0.0
1789986155,498267353,n/a,0.7,0.0,0.0,0.0,0.0,0.0
1789986155,520034622,n/a,0.7,0.0,0.0,0.0,0.0,0.0
1789986155,535857686,n/a,0.7,0.0,0.0,0.0,0.0,0.0
1789986155,558330490,n/a,0.7,0.0,0.0,0.0,0.0,0.0
1789986155,575655906,n/a,0.7,0.0,0.0,0.0,0.0,0.0
1789986155,596999864,n/a,-0.7,0.0,0.0,0.0,0.0,0.0
1789986155,618946128,n/a,-0.7,0.0,0.0,0.0,0.0,0.0
1789986155,639685641,n/a,-0.7,0.0,0.0,0.0,0.0,0.0
1789986155,655867727,n/a,-0.7,0.0,0.0,0.0,0.0,0.0
1789986155,678215711,n/a,-0.7,0.0,0.0,0.0,0.0,0.0
1789986155,695031425,n/a,-0.7,0.0,0.0,0.0,0.0,0.0
1789986155,717121195,n/a,-0.7,0.0,0.0,0.0,0.0,0.0
1789986155,742726176,n/a,-0.7,0.0,0.0,0.0,0.0,0.0
1789986155,760304348,n/a,-0.7,0.0,0.0,0.0,0.0,0.0
1789986155,777557547,n/a,-0.7,0.0,0.0,0.0,0.0,0.0
1789986155,800482590,n/a,-0.7,0.0,0.0,0.0,0.0,0.0
1789986155,816895649,n/a,-0.7,0.0,0.0,0.0,0.0,0.0
1789986155,838555780,n/a,-0.7,0.0,0.0,0.0,0.0,0.0
1789986155,858853883,n/a,-0.7,0.0,0.0,0.0,0.0,0.0
1789986155,880412899,n/a,-0.7,0.0,0.0,0.0,0.0,0.0
1789986155,896946482,n/a,-0.7,0.0,0.0,0.0,0.0,0.0
1789986155,918232924,n/a,-0.7,0.0,0.0,0.0,0.0,0.0
1789986155,939651437,n/a,-0.7,0.0,0.0,0.0,0.0,0.0
1789986155,955754197,n/a,-0.7,0.0,0.0,0.0,0.0,0.0
1789986155,977631805,n/a,-0.7,0.0,0.0,0.0,0.0,0.0
1789986155,998989144,n/a,-0.7,0.0,0.0,0.0,0.0,0.0
1789986156,15414160,n/a,-0.7,0.0,0.0,0.0,0.0,0.0
1789986156,37862310,n/a,-0.7,0.0,0.0,0.0,0.0,0.0
1789986156,55871086,n/a,-0.7,0.0,0.0,0.0,0.0,0.0
1789986156,74881774,n/a,-0.7,0.0,0.0,0.0,0.0,0.0
1789986156,97733860,n/a,-0.7,0.0,0.0,0.0,0.0,0.0
1789986156,119146904,n/a,-0.7,0.0,0.0,0.0,0.0,0.0
1789986156,135102307,n/a,-0.7,0.0,0.0,0.0,0.0,0.0
1789986156,157164638,n/a,-0.7,0.0,0.0,0.0,0.0,0.0
1789986156,178366595,n/a,-0.7,0.0,0.0,0.0,0.0,0.0
1789986156,200067408,n/a,-0.7,0.0,0.0,0.0,0.0,0.0
1789986156,217153679,n/a,-0.7,0.0,0.0,0.0,0.0,0.0
1789986156,238556363,n/a,-0.7,0.0,0.0,0.0,0.0,0.0
1789986156,260019390,n/a,-0.7,0.0,0.0,0.0,0.0,0.0
1789986156,276436550,n/a,-0.7,0.0,0.0,0.0,0.0,0.0
1789986156,299063047,n/a,-0.7,0.0,0.0,0.0,0.0,0.0
1789986156,315097389,n/a,-0.7,0.0,0.0,0.0,0.0,0.0
1789986156,337210633,n/a,-0.7,0.0,0.0,0.0,0.0,0.0
1789986156,358386758,n/a,-0.7,0.0,0.0,0.0,0.0,0.0
1789986156,378700597,n/a,-0.7,0.0,0.0,0.0,0.0,0.0
1789986156,396361336,n/a,-0.7,0.0,0.0,0.0,0.0,0.0
1789986156,418621165,n/a,-0.7,0.0,0.0,0.0,0.0,0.0
1789986156,435588768,n/a,-0.7,0.0,0.0,0.0,0.0,0.0
1789986156,459864926,n/a,-0.7,0.0,0.0,0.0,0.0,0.0
1789986156,477823435,n/a,-0.7,0.0,0.0,0.0,0.0,0.0
1789986156,501307571,n/a,-0.7,0.0,0.0,0.0,0.0,0.0
1789986156,520457642,n/a,-0.7,0.0,0.0,0.0,0.0,0.0
1789986156,539627776,n/a,-0.7,0.0,0.0,0.0,0.0,0.0
1789986156,558264028,n/a,-0.7,0.0,0.0,0.0,0.0,0.0
1789986156,577248167,n/a,-0.7,0.0,0.0,0.0,0.0,0.0
1789986156,595328803,n/a,-0.7,0.0,0.0,0.0,0.0,0.0
1789986156,617863806,n/a,-0.7,0.0,0.0,0.0,0.0,0.0
1789986156,637469847,n/a,-0.7,0.0,0.0,0.0,0.0,0.0
1789986156,656542405,n/a,-0.7,0.0,0.0,0.0,0.0,0.0
1789986156,675457912,n/a,-0.7,0.0,0.0,0.0,0.0,0.0
1789986156,701015655,n/a,-0.7,0.0,0.0,0.0,0.0,0.0
1789986156,720040323,n/a,-0.7,0.0,0.0,0.0,0.0,0.0
1789986156,740468840,n/a,-0.7,0.0,0.0,0.0,0.0,0.0
1789986156,760088826,n/a,-0.7,0.0,0.0,0.0,0.0,0.0
1789986156,780044213,n/a,-0.7,0.0,0.0,0.0,0.0,0.0
1789986156,800080936,n/a,0.7,0.0,0.0,0.0,0.0,0.0
1789986156,818957024,n/a,0.7,0.0,0.0,0.0,0.0,0.0
1789986156,837658785,n/a,0.7,0.0,0.0,0.0,0.0,0.0
1789986156,862033856,n/a,0.7,0.0,0.0,0.0,0.0,0.0
1789986156,875317873,n/a,0.7,0.0,0.0,0.0,0.0,0.0
1789986156,895538457,n/a,0.7,0.0,0.0,0.0,0.0,0.0
1789986156,915797339,n/a,0.7,0.0,0.0,0.0,0.0,0.0
1789986156,935625127,n/a,0.7,0.0,0.0,0.0,0.0,0.0
1789986156,955126338,n/a,0.7,0.0,0.0,0.0,0.0,0.0
1789986156,985900143,n/a,0.7,0.0,0.0,0.0,0.0,0.0
1789986156,999592777,n/a,0.7,0.0,0.0,0.0,0.0,0.0
1789986157,19576135,n/a,0.7,0.0,0.0,0.0,0.0,0.0
1789986157,40823455,n/a,0.7,0.0,0.0,0.0,0.0,0.0
1789986157,60586483,n/a,0.7,0.0,0.0,0.0,0.0,0.0
1789986157,79991498,n/a,0.7,0.0,0.0,0.0,0.0,0.0
1789986157,100265217,n/a,0.7,0.0,0.0,0.0,0.0,0.0
1789986157,119298323,n/a,0.7,0.0,0.0,0.0,0.0,0.0
1789986157,139050637,n/a,0.7,0.0,0.0,0.0,0.0,0.0
1789986157,158727812,n/a,0.7,0.0,0.0,0.0,0.0,0.0
1789986157,177688348,n/a,0.7,0.0,0.0,0.0,0.0,0.0
1789986157,197108834,n/a,0.7,0.0,0.0,0.0,0.0,0.0
1789986157,216571214,n/a,0.7,0.0,0.0,0.0,0.0,0.0
1789986157,240453245,n/a,0.7,0.0,0.0,0.0,0.0,0.0
1789986157,260128141,n/a,0.7,0.0,0.0,0.0,0.0,0.0
1789986157,279026462,n/a,0.7,0.0,0.0,0.0,0.0,0.0
1789986157,297612251,n/a,0.7,0.0,0.0,0.0,0.0,0.0
1789986157,315616132,n/a,0.7,0.0,0.0,0.0,0.0,0.0
1789986157,339323818,n/a,0.7,0.0,0.0,0.0,0.0,0.0
1789986157,360725453,n/a,0.7,0.0,0.0,0.0,0.0,0.0
1789986157,377190141,n/a,0.7,0.0,0.0,0.0,0.0,0.0
1789986157,399833794,n/a,0.7,0.0,0.0,0.0,0.0,0.0
1789986157,416410903,n/a,0.7,0.0,0.0,0.0,0.0,0.0
1789986157,437988482,n/a,0.7,0.0,0.0,0.0,0.0,0.0
1789986157,455884780,n/a,0.7,0.0,0.0,0.0,0.0,0.0
1789986157,476555004,n/a,0.7,0.0,0.0,0.0,0.0,0.0
1789986157,499286398,n/a,0.7,0.0,0.0,0.0,0.0,0.0
1789986157,515751444,n/a,0.7,0.0,0.0,0.0,0.0,0.0
1789986157,538537198,n/a,0.7,0.0,0.0,0.0,0.0,0.0
1789986157,555040341,n/a,0.7,0.0,0.0,0.0,0.0,0.0
1789986157,576292488,n/a,0.7,0.0,0.0,0.0,0.0,0.0
1789986157,596221029,n/a,0.7,0.0,0.0,0.0,0.0,0.0
1789986157,620130009,n/a,0.7,0.0,0.0,0.0,0.0,0.0
1789986157,638253561,n/a,0.7,0.0,0.0,0.0,0.0,0.0
1789986157,658066146,n/a,0.7,0.0,0.0,0.0,0.0,0.0
1789986157,677080098,n/a,0.7,0.0,0.0,0.0,0.0,0.0
1789986157,703094290,n/a,-0.7,0.0,0.0,0.0,0.0,0.0
1789986157,716444740,n/a,-0.7,0.0,0.0,0.0,0.0,0.0
1789986157,735986045,n/a,-0.7,0.0,0.0,0.0,0.0,0.0
1789986157,760657998,n/a,-0.7,0.0,0.0,0.0,0.0,0.0
1789986157,778796896,n/a,-0.7,0.0,0.0,0.0,0.0,0.0
1789986157,797286791,n/a,-0.7,0.0,0.0,0.0,0.0,0.0
1789986157,821182335,n/a,-0.7,0.0,0.0,0.0,0.0,0.0
1789986157,841297407,n/a,-0.7,0.0,0.0,0.0,0.0,0.0
1789986157,859435728,n/a,-0.7,0.0,0.0,0.0,0.0,0.0
1789986157,876266347,n/a,-0.7,0.0,0.0,0.0,0.0,0.0
1789986157,899241697,n/a,-0.7,0.0,0.0,0.0,0.0,0.0
1789986157,917017581,n/a,-0.7,0.0,0.0,0.0,0.0,0.0
1789986157,941192571,n/a,-0.7,0.0,0.0,0.0,0.0,0.0
1789986157,960576727,n/a,-0.7,0.0,0.0,0.0,0.0,0.0
1789986157,978925311,n/a,-0.7,0.0,0.0,0.0,0.0,0.0
1789986157,997581586,n/a,-0.7,0.0,0.0,0.0,0.0,0.0
1789986158,19333824,n/a,-0.7,0.0,0.0,0.0,0.0,0.0
1789986158,37282946,n/a,-0.7,0.0,0.0,0.0,0.0,0.0
1789986158,59022390,n/a,-0.7,0.0,0.0,0.0,0.0,0.0
1789986158,75380805,n/a,-0.7,0.0,0.0,0.0,0.0,0.0
1789986158,100325262,n/a,-0.7,0.0,0.0,0.0,0.0,0.0
1789986158,118551862,n/a,-0.7,0.0,0.0,0.0,0.0,0.0
1789986158,135322257,n/a,-0.7,0.0,0.0,0.0,0.0,0.0
1789986158,157876256,n/a,-0.7,0.0,0.0,0.0,0.0,0.0
1789986158,178748365,n/a,-0.7,0.0,0.0,0.0,0.0,0.0
1789986158,195022864,n/a,-0.7,0.0,0.0,0.0,0.0,0.0
1789986158,218665313,n/a,-0.7,0.0,0.0,0.0,0.0,0.0
1789986158,236261975,n/a,-0.7,0.0,0.0,0.0,0.0,0.0
1789986158,260226356,n/a,-0.7,0.0,0.0,0.0,0.0,0.0
1789986158,283327019,n/a,-0.7,0.0,0.0,0.0,0.0,0.0
1789986158,295623557,n/a,-0.7,0.0,0.0,0.0,0.0,0.0
1789986158,320979565,n/a,-0.7,0.0,0.0,0.0,0.0,0.0
1789986158,339867646,n/a,-0.7,0.0,0.0,0.0,0.0,0.0
1789986158,358428632,n/a,-0.7,0.0,0.0,0.0,0.0,0.0
1789986158,376698094,n/a,-0.7,0.0,0.0,0.0,0.0,0.0
1789986158,399614894,n/a,-0.7,0.0,0.0,0.0,0.0,0.0
1789986158,419073169,n/a,-0.7,0.0,0.0,0.0,0.0,0.0
1789986158,438156287,n/a,-0.7,0.0,0.0,0.0,0.0,0.0
1789986158,457355865,n/a,-0.7,0.0,0.0,0.0,0.0,0.0
1789986158,476631727,n/a,-0.7,0.0,0.0,0.0,0.0,0.0
1789986158,495181236,n/a,-0.7,0.0,0.0,0.0,0.0,0.0
1789986158,523918832,n/a,-0.7,0.0,0.0,0.0,0.0,0.0
1789986158,536384026,n/a,-0.7,0.0,0.0,0.0,0.0,0.0
1789986158,562109224,n/a,-0.7,0.0,0.0,0.0,0.0,0.0
1789986158,575109100,n/a,-0.7,0.0,0.0,0.0,0.0,0.0
1789986158,599948013,n/a,0.7,0.0,0.0,0.0,0.0,0.0
1789986158,618303094,n/a,0.7,0.0,0.0,0.0,0.0,0.0
1789986158,640809005,n/a,0.7,0.0,0.0,0.0,0.0,0.0
1789986158,659840370,n/a,0.7,0.0,0.0,0.0,0.0,0.0
1789986158,678590858,n/a,0.7,0.0,0.0,0.0,0.0,0.0
1789986158,697817634,n/a,0.7,0.0,0.0,0.0,0.0,0.0
1789986158,716689014,n/a,0.7,0.0,0.0,0.0,0.0,0.0
1789986158,735874967,n/a,0.7,0.0,0.0,0.0,0.0,0.0
1789986158,756296286,n/a,0.7,0.0,0.0,0.0,0.0,0.0
1789986158,778214061,n/a,0.7,0.0,0.0,0.0,0.0,0.0
1789986158,797143926,n/a,0.7,0.0,0.0,0.0,0.0,0.0
1789986158,816028262,n/a,0.7,0.0,0.0,0.0,0.0,0.0
1789986158,835284282,n/a,0.7,0.0,0.0,0.0,0.0,0.0
1789986158,860823977,n/a,0.7,0.0,0.0,0.0,0.0,0.0
1789986158,883819144,n/a,0.7,0.0,0.0,0.0,0.0,0.0
1789986158,896585138,n/a,0.7,0.0,0.0,0.0,0.0,0.0
1789986158,915488256,n/a,0.7,0.0,0.0,0.0,0.0,0.0
1789986158,935447947,n/a,0.7,0.0,0.0,0.0,0.0,0.0
1789986158,954895212,n/a,0.7,0.0,0.0,0.0,0.0,0.0
1789986158,979986212,n/a,0.7,0.0,0.0,0.0,0.0,0.0
1789986159,345668,n/a,0.7,0.0,0.0,0.0,0.0,0.0
1789986159,14984550,n/a,0.7,0.0,0.0,0.0,0.0,0.0
1789986159,40445196,n/a,0.7,0.0,0.0,0.0,0.0,0.0
1789986159,59789515,n/a,0.7,0.0,0.0,0.0,0.0,0.0
1789986159,78223940,n/a,0.7,0.0,0.0,0.0,0.0,0.0
1789986159,96078741,n/a,0.7,0.0,0.0,0.0,0.0,0.0
1789986159,123245970,n/a,0.7,0.0,0.0,0.0,0.0,0.0
1789986159,135152909,n/a,0.7,0.0,0.0,0.0,0.0,0.0
1789986159,157441513,n/a,0.7,0.0,0.0,0.0,0.0,0.0
1789986159,179778198,n/a,0.7,0.0,0.0,0.0,0.0,0.0
1789986159,195743210,n/a,0.7,0.0,0.0,0.0,0.0,0.0
1789986159,216810550,n/a,0.7,0.0,0.0,0.0,0.0,0.0
1789986159,237220588,n/a,0.7,0.0,0.0,0.0,0.0,0.0
1789986159,258627718,n/a,0.7,0.0,0.0,0.0,0.0,0.0
1789986159,280943493,n/a,-0.7,0.0,0.0,0.0,0.0,0.0
1789986159,297329940,n/a,-0.7,0.0,0.0,0.0,0.0,0.0
1789986159,318593338,n/a,-0.7,0.0,0.0,0.0,0.0,0.0
1789986159,338673001,n/a,-0.7,0.0,0.0,0.0,0.0,0.0
1789986159,359971440,n/a,-0.7,0.0,0.0,0.0,0.0,0.0
1789986159,377720176,n/a,-0.7,0.0,0.0,0.0,0.0,0.0
1789986159,400312933,n/a,-0.7,0.0,0.0,0.0,0.0,0.0
1789986159,418921596,n/a,-0.7,0.0,0.0,0.0,0.0,0.0
1789986159,439923734,n/a,-0.7,0.0,0.0,0.0,0.0,0.0
1789986159,457985914,n/a,-0.7,0.0,0.0,0.0,0.0,0.0
1789986159,475524533,n/a,-0.7,0.0,0.0,0.0,0.0,0.0
1789986159,497839979,n/a,-0.7,0.0,0.0,0.0,0.0,0.0
1789986159,520968467,n/a,-0.7,0.0,0.0,0.0,0.0,0.0
1789986159,537503856,n/a,-0.7,0.0,0.0,0.0,0.0,0.0
1789986159,558620208,n/a,-0.7,0.0,0.0,0.0,0.0,0.0
1789986159,576795966,n/a,-0.7,0.0,0.0,0.0,0.0,0.0
1789986159,601136914,n/a,-0.7,0.0,0.0,0.0,0.0,0.0
1789986159,620144201,n/a,-0.7,0.0,0.0,0.0,0.0,0.0
1789986159,639674946,n/a,-0.7,0.0,0.0,0.0,0.0,0.0
1789986159,659149857,n/a,-0.7,0.0,0.0,0.0,0.0,0.0
1789986159,677075515,n/a,-0.7,0.0,0.0,0.0,0.0,0.0
1789986159,695838572,n/a,-0.7,0.0,0.0,0.0,0.0,0.0
1789986159,716583377,n/a,-0.7,0.0,0.0,0.0,0.0,0.0
1789986159,737279667,n/a,-0.7,0.0,0.0,0.0,0.0,0.0
1789986159,756980126,n/a,-0.7,0.0,0.0,0.0,0.0,0.0
1789986159,777281053,n/a,-0.7,0.0,0.0,0.0,0.0,0.0
1789986159,800835122,n/a,-0.7,0.0,0.0,0.0,0.0,0.0
1789986159,820774450,n/a,-0.7,0.0,0.0,0.0,0.0,0.0
1789986159,839653150,n/a,-0.7,0.0,0.0,0.0,0.0,0.0
1789986159,858233631,n/a,-0.7,0.0,0.0,0.0,0.0,0.0
1789986159,878840603,n/a,-0.7,0.0,0.0,0.0,0.0,0.0
1789986159,899290110,n/a,-0.7,0.0,0.0,0.0,0.0,0.0
1789986159,924738319,n/a,-0.7,0.0,0.0,0.0,0.0,0.0
1789986159,937996934,n/a,-0.7,0.0,0.0,0.0,0.0,0.0
1789986159,956940413,n/a,0.7,0.0,0.0,0.0,0.0,0.0
1789986159,975546463,n/a,0.7,0.0,0.0,0.0,0.0,0.0
1789986159,996454571,n/a,0.7,0.0,0.0,0.0,0.0,0.0
1789986160,16760850,n/a,0.7,0.0,0.0,0.0,0.0,0.0
1789986160,36059280,n/a,0.7,0.0,0.0,0.0,0.0,0.0
1789986160,59663790,n/a,0.7,0.0,0.0,0.0,0.0,0.0
1789986160,78613183,n/a,0.7,0.0,0.0,0.0,0.0,0.0
1789986160,98901416,n/a,0.7,0.0,0.0,0.0,0.0,0.0
1789986160,121077927,n/a,0.7,0.0,0.0,0.0,0.0,0.0
1789986160,141907901,n/a,0.7,0.0,0.0,0.0,0.0,0.0
1789986160,161280782,n/a,0.7,0.0,0.0,0.0,0.0,0.0
1789986160,175503795,n/a,0.7,0.0,0.0,0.0,0.0,0.0
1789986160,199004038,n/a,0.7,0.0,0.0,0.0,0.0,0.0
1789986160,218271539,n/a,0.7,0.0,0.0,0.0,0.0,0.0
1789986160,237468394,n/a,0.7,0.0,0.0,0.0,0.0,0.0
1789986160,256494967,n/a,0.7,0.0,0.0,0.0,0.0,0.0
1789986160,275524333,n/a,0.7,0.0,0.0,0.0,0.0,0.0
1789986160,296294522,n/a,0.7,0.0,0.0,0.0,0.0,0.0
1789986160,320052579,n/a,0.7,0.0,0.0,0.0,0.0,0.0
1789986160,338879398,n/a,0.7,0.0,0.0,0.0,0.0,0.0
1789986160,357798946,n/a,0.7,0.0,0.0,0.0,0.0,0.0
1789986160,378153775,n/a,0.7,0.0,0.0,0.0,0.0,0.0
1789986160,398468712,n/a,0.7,0.0,0.0,0.0,0.0,0.0
1789986160,416900826,n/a,0.7,0.0,0.0,0.0,0.0,0.0
1789986160,440255171,n/a,0.7,0.0,0.0,0.0,0.0,0.0
1789986160,458605796,n/a,-0.7,0.0,0.0,0.0,0.0,0.0
1789986160,476591319,n/a,-0.7,0.0,0.0,0.0,0.0,0.0
1789986160,495631777,n/a,-0.7,0.0,0.0,0.0,0.0,0.0
1789986160,518005313,n/a,-0.7,0.0,0.0,0.0,0.0,0.0
1789986160,543648429,n/a,-0.7,0.0,0.0,0.0,0.0,0.0
1789986160,555101370,n/a,-0.7,0.0,0.0,0.0,0.0,0.0
1789986160,577833182,n/a,-0.7,0.0,0.0,0.0,0.0,0.0
1789986160,595181094,n/a,-0.7,0.0,0.0,0.0,0.0,0.0
1789986160,620005448,n/a,-0.7,0.0,0.0,0.0,0.0,0.0
1789986160,638066040,n/a,-0.7,0.0,0.0,0.0,0.0,0.0
1789986160,661137936,n/a,-0.7,0.0,0.0,0.0,0.0,0.0
1789986160,681696956,n/a,-0.7,0.0,0.0,0.0,0.0,0.0
1789986160,694970944,n/a,-0.7,0.0,0.0,0.0,0.0,0.0
1789986160,721532056,n/a,-0.7,0.0,0.0,0.0,0.0,0.0
1789986160,740902730,n/a,-0.7,0.0,0.0,0.0,0.0,0.0
1789986160,759286862,n/a,-0.7,0.0,0.0,0.0,0.0,0.0
1789986160,784104318,n/a,-0.7,0.0,0.0,0.0,0.0,0.0
1789986160,797045888,n/a,-0.7,0.0,0.0,0.0,0.0,0.0
1789986160,816160060,n/a,-0.7,0.0,0.0,0.0,0.0,0.0
1789986160,838737728,n/a,-0.7,0.0,0.0,0.0,0.0,0.0
1789986160,858376715,n/a,-0.7,0.0,0.0,0.0,0.0,0.0
1789986160,877081592,n/a,-0.7,0.0,0.0,0.0,0.0,0.0
1789986160,895322964,n/a,-0.7,0.0,0.0,0.0,0.0,0.0
1789986160,918561772,n/a,-0.7,0.0,0.0,0.0,0.0,0.0
1789986160,937930465,n/a,-0.7,0.0,0.0,0.0,0.0,0.0
1789986160,956551283,n/a,-0.7,0.0,0.0,0.0,0.0,0.0
1789986160,974863575,n/a,0.7,0.0,0.0,0.0,0.0,0.0
1789986161,34933,n/a,0.7,0.0,0.0,0.0,0.0,0.0
1789986161,18888008,n/a,0.7,0.0,0.0,0.0,0.0,0.0
1789986161,35120224,n/a,0.7,0.0,0.0,0.0,0.0,0.0
1789986161,61013315,n/a,0.7,0.0,0.0,0.0,0.0,0.0
1789986161,80183746,n/a,0.7,0.0,0.0,0.0,0.0,0.0
1789986161,99547528,n/a,0.7,0.0,0.0,0.0,0.0,0.0
1789986161,118986623,n/a,0.7,0.0,0.0,0.0,0.0,0.0
1789986161,137662632,n/a,0.7,0.0,0.0,0.0,0.0,0.0
1789986161,160817220,n/a,0.7,0.0,0.0,0.0,0.0,0.0
1789986161,181283937,n/a,0.7,0.0,0.0,0.0,0.0,0.0
1789986161,201263630,n/a,0.7,0.0,0.0,0.0,0.0,0.0
1789986161,220605586,n/a,0.7,0.0,0.0,0.0,0.0,0.0
1789986161,239975328,n/a,0.7,0.0,0.0,0.0,0.0,0.0
1789986161,258312924,n/a,0.7,0.0,0.0,0.0,0.0,0.0
1789986161,275016305,n/a,0.7,0.0,0.0,0.0,0.0,0.0
1789986161,300464650,n/a,0.7,0.0,0.0,0.0,0.0,0.0
1789986161,319477883,n/a,0.7,0.0,0.0,0.0,0.0,0.0
1789986161,339339166,n/a,-0.7,0.0,0.0,0.0,0.0,0.0
1789986161,358319928,n/a,-0.7,0.0,0.0,0.0,0.0,0.0
1789986161,376304974,n/a,-0.7,0.0,0.0,0.0,0.0,0.0
1789986161,399685337,n/a,-0.7,0.0,0.0,0.0,0.0,0.0
1789986161,418096668,n/a,-0.7,0.0,0.0,0.0,0.0,0.0
1789986161,437132415,n/a,-0.7,0.0,0.0,0.0,0.0,0.0
1789986161,457202855,n/a,-0.7,0.0,0.0,0.0,0.0,0.0
1789986161,475655267,n/a,-0.7,0.0,0.0,0.0,0.0,0.0
1789986161,500692397,n/a,-0.7,0.0,0.0,0.0,0.0,0.0
1789986161,518795373,n/a,-0.7,0.0,0.0,0.0,0.0,0.0
1789986161,538154300,n/a,-0.7,0.0,0.0,0.0,0.0,0.0
1789986161,557694332,n/a,-0.7,0.0,0.0,0.0,0.0,0.0
1789986161,577447470,n/a,-0.7,0.0,0.0,0.0,0.0,0.0
1789986161,596211423,n/a,-0.7,0.0,0.0,0.0,0.0,0.0
1789986161,615379629,n/a,-0.7,0.0,0.0,0.0,0.0,0.0
1789986161,638778857,n/a,-0.7,0.0,0.0,0.0,0.0,0.0
1789986161,657455945,n/a,-0.7,0.0,0.0,0.0,0.0,0.0
1789986161,676075810,n/a,-0.7,0.0,0.0,0.0,0.0,0.0
1789986161,695433866,n/a,-0.7,0.0,0.0,0.0,0.0,0.0
1789986161,720143182,n/a,0.7,0.0,0.0,0.0,0.0,0.0
1789986161,739310202,n/a,0.7,0.0,0.0,0.0,0.0,0.0
1789986161,762351778,n/a,0.7,0.0,0.0,0.0,0.0,0.0
1789986161,780800334,n/a,0.7,0.0,0.0,0.0,0.0,0.0
1789986161,800975811,n/a,0.7,0.0,0.0,0.0,0.0,0.0
1789986161,819712716,n/a,0.7,0.0,0.0,0.0,0.0,0.0
1789986161,838329405,n/a,0.7,0.0,0.0,0.0,0.0,0.0
1789986161,857623622,n/a,0.7,0.0,0.0,0.0,0.0,0.0
1789986161,880257055,n/a,0.7,0.0,0.0,0.0,0.0,0.0
1789986161,899002177,n/a,0.7,0.0,0.0,0.0,0.0,0.0
1789986161,919312620,n/a,0.7,0.0,0.0,0.0,0.0,0.0
1789986161,939114681,n/a,0.7,0.0,0.0,0.0,0.0,0.0
1789986161,957983184,n/a,0.7,0.0,0.0,0.0,0.0,0.0
1789986161,977485969,n/a,0.7,0.0,0.0,0.0,0.0,0.0
1789986161,999483527,n/a,0.7,0.0,0.0,0.0,0.0,0.0
1789986162,18709378,n/a,-0.7,0.0,0.0,0.0,0.0,0.0
1789986162,38827690,n/a,-0.7,0.0,0.0,0.0,0.0,0.0
1789986162,58355001,n/a,-0.7,0.0,0.0,0.0,0.0,0.0
1789986162,77464606,n/a,-0.7,0.0,0.0,0.0,0.0,0.0
1789986162,96285897,n/a,-0.7,0.0,0.0,0.0,0.0,0.0
1789986162,115348796,n/a,-0.7,0.0,0.0,0.0,0.0,0.0
1789986162,138309032,n/a,-0.7,0.0,0.0,0.0,0.0,0.0
1789986162,157809579,n/a,-0.7,0.0,0.0,0.0,0.0,0.0
1789986162,177757761,n/a,-0.7,0.0,0.0,0.0,0.0,0.0
1789986162,197340639,n/a,-0.7,0.0,0.0,0.0,0.0,0.0
1789986162,216499204,n/a,-0.7,0.0,0.0,0.0,0.0,0.0
1789986162,235404759,n/a,-0.7,0.0,0.0,0.0,0.0,0.0
1789986162,259617817,n/a,-0.7,0.0,0.0,0.0,0.0,0.0
1789986162,279216137,n/a,-0.7,0.0,0.0,0.0,0.0,0.0
1789986162,298553637,n/a,0.7,0.0,0.0,0.0,0.0,0.0
1789986162,318215468,n/a,0.7,0.0,0.0,0.0,0.0,0.0
1789986162,336602115,n/a,0.7,0.0,0.0,0.0,0.0,0.0
1789986162,354838654,n/a,0.7,0.0,0.0,0.0,0.0,0.0
1789986162,378819019,n/a,0.7,0.0,0.0,0.0,0.0,0.0
1789986162,397523822,n/a,0.7,0.0,0.0,0.0,0.0,0.0
1789986162,416023802,n/a,0.7,0.0,0.0,0.0,0.0,0.0
1789986162,436150763,n/a,0.7,0.0,0.0,0.0,0.0,0.0
1789986162,455603278,n/a,0.7,0.0,0.0,0.0,0.0,0.0
1789986162,481069458,n/a,0.7,0.0,0.0,0.0,0.0,0.0
1789986162,497909693,n/a,0.7,0.0,0.0,0.0,0.0,0.0
1789986162,517017880,n/a,-0.7,0.0,0.0,0.0,0.0,0.0
1789986162,537354615,n/a,-0.7,0.0,0.0,0.0,0.0,0.0
1789986162,556611615,n/a,-0.7,0.0,0.0,0.0,0.0,0.0
1789986162,574996549,n/a,-0.7,0.0,0.0,0.0,0.0,0.0
1789986162,599481393,n/a,-0.7,0.0,0.0,0.0,0.0,0.0
1789986162,616179739,n/a,-0.7,0.0,0.0,0.0,0.0,0.0
1789986162,635019148,n/a,-0.7,0.0,0.0,0.0,0.0,0.0
1789986162,656145523,n/a,-0.7,0.0,0.0,0.0,0.0,0.0
1789986162,676175975,n/a,-0.7,0.0,0.0,0.0,0.0,0.0
1789986162,695553290,n/a,-0.7,0.0,0.0,0.0,0.0,0.0
1789986162,721354862,n/a,0.7,0.0,0.0,0.0,0.0,0.0
1789986162,738806603,n/a,0.7,0.0,0.0,0.0,0.0,0.0
1789986162,758733696,n/a,0.7,0.0,0.0,0.0,0.0,0.0
1789986162,779429369,n/a,0.7,0.0,0.0,0.0,0.0,0.0
1789986162,798634571,n/a,0.7,0.0,0.0,0.0,0.0,0.0
1789986162,817321366,n/a,0.7,0.0,0.0,0.0,0.0,0.0
1789986162,836403771,n/a,0.7,0.0,0.0,0.0,0.0,0.0
1789986162,858904321,n/a,0.7,0.0,0.0,0.0,0.0,0.0
1789986162,879409787,n/a,-0.7,0.0,0.0,0.0,0.0,0.0
1789986162,899291889,n/a,-0.7,0.0,0.0,0.0,0.0,0.0
1789986162,918663754,n/a,-0.7,0.0,0.0,0.0,0.0,0.0
1789986162,937900985,n/a,-0.7,0.0,0.0,0.0,0.0,0.0
1789986162,956886679,n/a,-0.7,0.0,0.0,0.0,0.0,0.0
1789986162,976741115,n/a,-0.7,0.0,0.0,0.0,0.0,0.0
1789986162,999421183,n/a,-0.7,0.0,0.0,0.0,0.0,0.0
1789986163,19290852,n/a,-0.7,0.0,0.0,0.0,0.0,0.0
1789986163,39546453,n/a,0.0,0.0,0.0,0.0,0.0,0.0
1789986163,59439931,n/a,0.0,0.0,0.0,0.0,0.0,0.0
1789986163,78668407,n/a,0.0,0.0,0.0,0.0,0.0,0.0
1789986163,98040706,n/a,0.0,0.0,0.0,0.0,0.0,0.0
1789986163,121360430,n/a,0.0,0.0,0.0,0.0,0.0,0.0
1789986163,140414566,n/a,0.0,0.0,0.0,0.0,0.0,0.0
1789986163,159314677,n/a,0.0,0.0,0.0,0.0,0.0,0.0
1789986163,178108152,n/a,0.0,0.0,0.0,0.0,0.0,0.0
1789986163,196923216,n/a,0.0,0.0,0.0,0.0,0.0,0.0
1789986163,215394906,n/a,0.0,0.0,0.0,0.0,0.0,0.0
1789986163,239154045,n/a,0.0,0.0,0.0,0.0,0.0,0.0
1789986163,258906327,n/a,0.0,0.0,0.0,0.0,0.0,0.0
1789986163,278426239,n/a,0.0,0.0,0.0,0.0,0.0,0.0
1789986163,297089768,n/a,0.0,0.0,0.0,0.0,0.0,0.0
1789986163,315253503,n/a,0.0,0.0,0.0,0.0,0.0,0.0
1789986163,339527400,n/a,0.0,0.0,0.0,0.0,0.0,0.0
1789986163,356130785,n/a,0.0,0.0,0.0,0.0,0.0,0.0
1789986163,376439807,n/a,0.0,0.0,0.0,0.0,0.0,0.0
1789986163,395291746,n/a,0.0,0.0,0.0,0.0,0.0,0.0
1789986163,419836046,n/a,0.0,0.0,0.0,0.0,0.0,0.0
1789986163,438366429,n/a,0.0,0.0,0.0,0.0,0.0,0.0
1789986163,456471321,n/a,0.0,0.0,0.0,0.0,0.0,0.0
1789986163,480331591,n/a,0.0,0.0,0.0,0.0,0.0,0.0
1789986163,499544308,n/a,0.0,0.0,0.0,0.0,0.0,0.0
1789986163,518207048,n/a,0.0,0.0,0.0,0.0,0.0,0.0
1789986163,537129835,n/a,0.0,0.0,0.0,0.0,0.0,0.0
1789986163,555318359,n/a,0.0,0.0,0.0,0.0,0.0,0.0
1789986163,580246516,n/a,0.0,0.0,0.0,0.0,0.0,0.0
1789986163,597682456,n/a,0.0,0.0,0.0,0.0,0.0,0.0
1789986163,616834827,n/a,0.0,0.0,0.0,0.0,0.0,0.0
1789986163,636252702,n/a,0.0,0.0,0.0,0.0,0.0,0.0
1789986163,655205467,n/a,0.0,0.0,0.0,0.0,0.0,0.0
1789986163,679373132,n/a,0.0,0.0,0.0,0.0,0.0,0.0
1789986163,697606077,n/a,0.0,0.0,0.0,0.0,0.0,0.0
1789986163,722680699,n/a,0.0,0.0,0.0,0.0,0.0,0.0
1789986163,735704333,n/a,0.0,0.0,0.0,0.0,0.0,0.0
1789986163,760499791,n/a,0.0,0.0,0.0,0.0,0.0,0.0
1789986163,779179115,n/a,0.0,0.0,0.0,0.0,0.0,0.0
1789986163,797864257,n/a,0.0,0.0,0.0,0.0,0.0,0.0
1789986163,816676875,n/a,0.0,0.0,0.0,0.0,0.0,0.0
1789986163,840181577,n/a,0.0,0.0,0.0,0.0,0.0,0.0
1789986163,858155474,n/a,0.0,0.0,0.0,0.0,0.0,0.0
1789986163,876251337,n/a,0.0,0.0,0.0,0.0,0.0,0.0
1789986163,900853790,n/a,0.0,0.0,0.0,0.0,0.0,0.0
1789986163,919682739,n/a,0.0,0.0,0.0,0.0,0.0,0.0
1789986163,938259563,n/a,0.0,0.0,0.0,0.0,0.0,0.0
1789986163,956256848,n/a,0.0,0.0,0.0,0.0,0.0,0.0
1789986163,976184960,n/a,0.0,0.0,0.0,0.0,0.0,0.0
1789986164,1230195,n/a,0.0,0.0,0.0,0.0,0.0,0.0
1789986164,19381759,n/a,0.0,0.0,0.0,0.0,0.0,0.0
1789986164,38950823,n/a,0.0,0.0,0.0,0.0,0.0,0.0
1789986164,57603727,n/a,0.0,0.0,0.0,0.0,0.0,0.0
1789986164,82238263,n/a,0.0,0.0,0.0,0.0,0.0,0.0
1789986164,95304379,n/a,0.0,0.0,0.0,0.0,0.0,0.0
1789986164,119898189,n/a,0.0,0.0,0.0,0.0,0.0,0.0
1789986164,138686399,n/a,0.0,0.0,0.0,0.0,0.0,0.0
1789986164,158406591,n/a,0.0,0.0,0.0,0.0,0.0,0.0
1789986164,178979062,n/a,0.0,0.0,0.0,0.0,0.0,0.0
1789986164,197127219,n/a,0.0,0.0,0.0,0.0,0.0,0.0
1789986164,218592054,n/a,0.0,0.0,0.0,0.0,0.0,0.0
1789986164,238401341,n/a,0.0,0.0,0.0,0.0,0.0,0.0
1789986164,257230114,n/a,0.0,0.0,0.0,0.0,0.0,0.0
1789986164,275854859,n/a,0.0,0.0,0.0,0.0,0.0,0.0
1789986164,300182941,n/a,0.0,0.0,0.0,0.0,0.0,0.0
1789986164,325913131,n/a,0.0,0.0,0.0,0.0,0.0,0.0
1789986164,338479509,n/a,0.0,0.0,0.0,0.0,0.0,0.0
1789986164,356872579,n/a,0.0,0.0,0.0,0.0,0.0,0.0
1789986164,375585528,n/a,0.0,0.0,0.0,0.0,0.0,0.0
1789986164,395282863,n/a,0.0,0.0,0.0,0.0,0.0,0.0
1789986164,420588861,n/a,0.0,0.0,0.0,0.0,0.0,0.0
1789986164,446722334,n/a,0.0,0.0,0.0,0.0,0.0,0.0
1789986164,461168847,n/a,0.0,0.0,0.0,0.0,0.0,0.0
1789986164,480033005,n/a,0.0,0.0,0.0,0.0,0.0,0.0
1789986164,500095264,n/a,0.0,0.0,0.0,0.0,0.0,0.0
1789986164,519221858,n/a,0.0,0.0,0.0,0.0,0.0,0.0
1789986164,539445333,n/a,0.0,0.0,0.0,0.0,0.0,0.0
1789986164,558109159,n/a,0.0,0.0,0.0,0.0,0.0,0.0
1789986164,575868705,n/a,0.0,0.0,0.0,0.0,0.0,0.0
1789986164,595299350,n/a,0.0,0.0,0.0,0.0,0.0,0.0
1789986164,619953556,n/a,0.0,0.0,0.0,0.0,0.0,0.0
1789986164,639442556,n/a,0.0,0.0,0.0,0.0,0.0,0.0
1789986164,659306901,n/a,0.0,0.0,0.0,0.0,0.0,0.0
1789986164,678457044,n/a,0.0,0.0,0.0,0.0,0.0,0.0
1789986164,697074897,n/a,0.0,0.0,0.0,0.0,0.0,0.0
1789986164,715844479,n/a,0.0,0.0,0.0,0.0,0.0,0.0
1789986164,735232904,n/a,0.0,0.0,0.0,0.0,0.0,0.0
1789986164,755735175,n/a,0.0,0.0,0.0,0.0,0.0,0.0
1789986164,776911525,n/a,0.0,0.0,0.0,0.0,0.0,0.0
1789986164,799260703,n/a,0.0,0.0,0.0,0.0,0.0,0.0
1789986164,822561040,n/a,0.0,0.0,0.0,0.0,0.0,0.0
1789986164,839228841,n/a,0.0,0.0,0.0,0.0,0.0,0.0
1789986164,865941814,n/a,0.0,0.0,0.0,0.0,0.0,0.0
1789986164,882412635,n/a,0.0,0.0,0.0,0.0,0.0,0.0
1789986164,897035168,n/a,0.0,0.0,0.0,0.0,0.0,0.0
1789986164,916905530,n/a,0.0,0.0,0.0,0.0,0.0,0.0
1789986164,937698545,n/a,0.0,0.0,0.0,0.0,0.0,0.0
1789986164,959990644,n/a,0.0,0.0,0.0,0.0,0.0,0.0
1789986164,979325184,n/a,0.0,0.0,0.0,0.0,0.0,0.0
1789986165,1310071,n/a,0.0,0.0,0.0,0.0,0.0,0.0
1789986165,15064853,n/a,0.0,0.0,0.0,0.0,0.0,0.0
1789986165,35518183,n/a,0.0,0.0,0.0,0.0,0.0,0.0
1789986165,56072320,n/a,0.0,0.0,0.0,0.0,0.0,0.0
1789986165,76189820,n/a,0.0,0.0,0.0,0.0,0.0,0.0
1789986165,101124355,n/a,0.0,0.0,0.0,0.0,0.0,0.0
1789986165,115834362,n/a,0.0,0.0,0.0,0.0,0.0,0.0
1789986165,137112296,n/a,0.0,0.0,0.0,0.0,0.0,0.0
1789986165,157092400,n/a,0.0,0.0,0.0,0.0,0.0,0.0
1789986165,178620555,n/a,0.0,0.0,0.0,0.0,0.0,0.0
1789986165,198786059,n/a,0.0,0.0,0.0,0.0,0.0,0.0
1789986165,219249632,n/a,0.0,0.0,0.0,0.0,0.0,0.0
1789986165,238587471,n/a,0.0,0.0,0.0,0.0,0.0,0.0
1789986165,260274229,n/a,0.0,0.0,0.0,0.0,0.0,0.0
1789986165,280706280,n/a,0.0,0.0,0.0,0.0,0.0,0.0
1789986165,295089194,n/a,0.0,0.0,0.0,0.0,0.0,0.0
1789986165,320715619,n/a,0.0,0.0,0.0,0.0,0.0,0.0
1789986165,339631094,n/a,0.0,0.0,0.0,0.0,0.0,0.0
1789986165,362456811,n/a,0.0,0.0,0.0,0.0,0.0,0.0
1789986165,375546134,n/a,0.0,0.0,0.0,0.0,0.0,0.0
1789986165,400973979,n/a,0.0,0.0,0.0,0.0,0.0,0.0
1789986165,420119647,n/a,0.0,0.0,0.0,0.0,0.0,0.0
1789986165,438799513,n/a,0.0,0.0,0.0,0.0,0.0,0.0
1789986165,457355423,n/a,0.0,0.0,0.0,0.0,0.0,0.0
1789986165,477345749,n/a,0.0,0.0,0.0,0.0,0.0,0.0
1789986165,499548883,n/a,0.0,0.0,0.0,0.0,0.0,0.0
1789986165,517892105,n/a,0.0,0.0,0.0,0.0,0.0,0.0
1789986165,537339082,n/a,0.0,0.0,0.0,0.0,0.0,0.0
1789986165,555525342,n/a,0.0,0.0,0.0,0.0,0.0,0.0
1789986165,579864441,n/a,0.0,0.0,0.0,0.0,0.0,0.0
1789986165,602251001,n/a,0.0,0.0,0.0,0.0,0.0,0.0
1789986165,620410086,n/a,0.0,0.0,0.0,0.0,0.0,0.0
1789986165,639364928,n/a,0.0,0.0,0.0,0.0,0.0,0.0
1789986165,658399492,n/a,0.0,0.0,0.0,0.0,0.0,0.0
1789986165,676677162,n/a,0.0,0.0,0.0,0.0,0.0,0.0
1789986165,702129825,n/a,0.0,0.0,0.0,0.0,0.0,0.0
1789986165,718948385,n/a,0.0,0.0,0.0,0.0,0.0,0.0
1789986165,740321657,n/a,0.0,0.0,0.0,0.0,0.0,0.0
1789986165,759080520,n/a,0.0,0.0,0.0,0.0,0.0,0.0
1789986165,778335229,n/a,0.0,0.0,0.0,0.0,0.0,0.0
1789986165,796525948,n/a,0.0,0.0,0.0,0.0,0.0,0.0
1789986165,820277182,n/a,0.0,0.0,0.0,0.0,0.0,0.0
1789986165,842722095,n/a,0.0,0.0,0.0,0.0,0.0,0.0
1789986165,860799744,n/a,0.0,0.0,0.0,0.0,0.0,0.0
1789986165,879861668,n/a,0.0,0.0,0.0,0.0,0.0,0.0
1789986165,898803719,n/a,0.0,0.0,0.0,0.0,0.0,0.0
1789986165,917565823,n/a,0.0,0.0,0.0,0.0,0.0,0.0
1789986165,936187893,n/a,0.0,0.0,0.0,0.0,0.0,0.0
1789986165,958186945,n/a,0.0,0.0,0.0,0.0,0.0,0.0
1789986165,977360067,n/a,0.0,0.0,0.0,0.0,0.0,0.0
1789986165,995832029,n/a,0.0,0.0,0.0,0.0,0.0,0.0
1789986166,20150114,n/a,0.0,0.0,0.0,0.0,0.0,0.0
1789986166,42459173,n/a,0.0,0.0,0.0,0.0,0.0,0.0
