[0.196s] DEBUG:colcon:Command line arguments: ['/usr/bin/colcon', 'build', '--symlink-install', '--parallel-workers', '8', '--packages-select', 'floor_plane_mapping', 'cylinder_detector', 'floor_nav']
[0.196s] DEBUG:colcon:Parsed command line arguments: Namespace(log_base=None, log_level=None, verb_name='build', build_base='build', install_base='install', merge_install=False, symlink_install=True, test_result_base=None, continue_on_error=False, executor='parallel', parallel_workers=8, event_handlers=None, ignore_user_meta=False, metas=['./colcon.meta'], base_paths=['.'], packages_ignore=None, packages_ignore_regex=None, paths=None, packages_up_to=None, packages_up_to_regex=None, packages_above=None, packages_above_and_dependencies=None, packages_above_depth=None, packages_select_by_dep=None, packages_skip_by_dep=None, packages_skip_up_to=None, packages_select_build_failed=False, packages_skip_build_finished=False, packages_select_test_failures=False, packages_skip_test_passed=False, packages_select=['floor_plane_mapping', 'cylinder_detector', 'floor_nav'], packages_skip=None, packages_select_regex=None, packages_skip_regex=None, packages_start=None, packages_end=None, allow_overriding=[], cmake_args=None, cmake_target=None, cmake_target_skip_unavailable=False, cmake_clean_cache=False, cmake_clean_first=False, cmake_force_configure=False, ament_cmake_args=None, catkin_cmake_args=None, catkin_skip_building_tests=False, verb_parser=<colcon_defaults.argument_parser.defaults.DefaultArgumentsDecorator object at 0x755d3b8b1160>, verb_extension=<colcon_core.verb.build.BuildVerb object at 0x755d3b9f5f70>, main=<bound method BuildVerb.main of <colcon_core.verb.build.BuildVerb object at 0x755d3b9f5f70>>)
[0.232s] Level 1:colcon.colcon_core.package_discovery:discover_packages(colcon_meta) check parameters
[0.233s] Level 1:colcon.colcon_core.package_discovery:discover_packages(recursive) check parameters
[0.233s] Level 1:colcon.colcon_core.package_discovery:discover_packages(ignore) check parameters
[0.234s] Level 1:colcon.colcon_core.package_discovery:discover_packages(path) check parameters
[0.234s] Level 1:colcon.colcon_core.package_discovery:discover_packages(colcon_meta) discover
[0.234s] Level 1:colcon.colcon_core.package_discovery:discover_packages(recursive) discover
[0.234s] INFO:colcon.colcon_core.package_discovery:Crawling recursively for packages in '/home/GTL/asacks/ros_workspace'
[0.235s] Level 1:colcon.colcon_core.package_identification:_identify(.) by extensions ['ignore', 'ignore_ament_install']
[0.235s] Level 1:colcon.colcon_core.package_identification:_identify(.) by extension 'ignore'
[0.236s] Level 1:colcon.colcon_core.package_identification:_identify(.) by extension 'ignore_ament_install'
[0.237s] Level 1:colcon.colcon_core.package_identification:_identify(.) by extensions ['colcon_pkg']
[0.237s] Level 1:colcon.colcon_core.package_identification:_identify(.) by extension 'colcon_pkg'
[0.238s] Level 1:colcon.colcon_core.package_identification:_identify(.) by extensions ['colcon_meta']
[0.238s] Level 1:colcon.colcon_core.package_identification:_identify(.) by extension 'colcon_meta'
[0.238s] Level 1:colcon.colcon_core.package_identification:_identify(.) by extensions ['ros']
[0.239s] Level 1:colcon.colcon_core.package_identification:_identify(.) by extension 'ros'
[0.262s] Level 1:colcon.colcon_core.package_identification:_identify(.) by extensions ['cmake', 'python']
[0.262s] Level 1:colcon.colcon_core.package_identification:_identify(.) by extension 'cmake'
[0.263s] Level 1:colcon.colcon_core.package_identification:_identify(.) by extension 'python'
[0.264s] Level 1:colcon.colcon_core.package_identification:_identify(.) by extensions ['python_setup_py']
[0.264s] Level 1:colcon.colcon_core.package_identification:_identify(.) by extension 'python_setup_py'
[0.265s] Level 1:colcon.colcon_core.package_identification:_identify(bags) by extensions ['ignore', 'ignore_ament_install']
[0.265s] Level 1:colcon.colcon_core.package_identification:_identify(bags) by extension 'ignore'
[0.266s] Level 1:colcon.colcon_core.package_identification:_identify(bags) by extension 'ignore_ament_install'
[0.267s] Level 1:colcon.colcon_core.package_identification:_identify(bags) by extensions ['colcon_pkg']
[0.267s] Level 1:colcon.colcon_core.package_identification:_identify(bags) by extension 'colcon_pkg'
[0.268s] Level 1:colcon.colcon_core.package_identification:_identify(bags) by extensions ['colcon_meta']
[0.268s] Level 1:colcon.colcon_core.package_identification:_identify(bags) by extension 'colcon_meta'
[0.268s] Level 1:colcon.colcon_core.package_identification:_identify(bags) by extensions ['ros']
[0.269s] Level 1:colcon.colcon_core.package_identification:_identify(bags) by extension 'ros'
[0.270s] Level 1:colcon.colcon_core.package_identification:_identify(bags) by extensions ['cmake', 'python']
[0.270s] Level 1:colcon.colcon_core.package_identification:_identify(bags) by extension 'cmake'
[0.271s] Level 1:colcon.colcon_core.package_identification:_identify(bags) by extension 'python'
[0.271s] Level 1:colcon.colcon_core.package_identification:_identify(bags) by extensions ['python_setup_py']
[0.271s] Level 1:colcon.colcon_core.package_identification:_identify(bags) by extension 'python_setup_py'
[0.272s] Level 1:colcon.colcon_core.package_identification:_identify(bags/test) by extensions ['ignore', 'ignore_ament_install']
[0.272s] Level 1:colcon.colcon_core.package_identification:_identify(bags/test) by extension 'ignore'
[0.273s] Level 1:colcon.colcon_core.package_identification:_identify(bags/test) by extension 'ignore_ament_install'
[0.273s] Level 1:colcon.colcon_core.package_identification:_identify(bags/test) by extensions ['colcon_pkg']
[0.273s] Level 1:colcon.colcon_core.package_identification:_identify(bags/test) by extension 'colcon_pkg'
[0.274s] Level 1:colcon.colcon_core.package_identification:_identify(bags/test) by extensions ['colcon_meta']
[0.274s] Level 1:colcon.colcon_core.package_identification:_identify(bags/test) by extension 'colcon_meta'
[0.274s] Level 1:colcon.colcon_core.package_identification:_identify(bags/test) by extensions ['ros']
[0.274s] Level 1:colcon.colcon_core.package_identification:_identify(bags/test) by extension 'ros'
[0.276s] Level 1:colcon.colcon_core.package_identification:_identify(bags/test) by extensions ['cmake', 'python']
[0.276s] Level 1:colcon.colcon_core.package_identification:_identify(bags/test) by extension 'cmake'
[0.276s] Level 1:colcon.colcon_core.package_identification:_identify(bags/test) by extension 'python'
[0.277s] Level 1:colcon.colcon_core.package_identification:_identify(bags/test) by extensions ['python_setup_py']
[0.277s] Level 1:colcon.colcon_core.package_identification:_identify(bags/test) by extension 'python_setup_py'
[0.277s] Level 1:colcon.colcon_core.package_identification:_identify(bags/train) by extensions ['ignore', 'ignore_ament_install']
[0.277s] Level 1:colcon.colcon_core.package_identification:_identify(bags/train) by extension 'ignore'
[0.278s] Level 1:colcon.colcon_core.package_identification:_identify(bags/train) by extension 'ignore_ament_install'
[0.279s] Level 1:colcon.colcon_core.package_identification:_identify(bags/train) by extensions ['colcon_pkg']
[0.279s] Level 1:colcon.colcon_core.package_identification:_identify(bags/train) by extension 'colcon_pkg'
[0.280s] Level 1:colcon.colcon_core.package_identification:_identify(bags/train) by extensions ['colcon_meta']
[0.280s] Level 1:colcon.colcon_core.package_identification:_identify(bags/train) by extension 'colcon_meta'
[0.280s] Level 1:colcon.colcon_core.package_identification:_identify(bags/train) by extensions ['ros']
[0.281s] Level 1:colcon.colcon_core.package_identification:_identify(bags/train) by extension 'ros'
[0.282s] Level 1:colcon.colcon_core.package_identification:_identify(bags/train) by extensions ['cmake', 'python']
[0.283s] Level 1:colcon.colcon_core.package_identification:_identify(bags/train) by extension 'cmake'
[0.283s] Level 1:colcon.colcon_core.package_identification:_identify(bags/train) by extension 'python'
[0.283s] Level 1:colcon.colcon_core.package_identification:_identify(bags/train) by extensions ['python_setup_py']
[0.283s] Level 1:colcon.colcon_core.package_identification:_identify(bags/train) by extension 'python_setup_py'
[0.284s] Level 1:colcon.colcon_core.package_identification:_identify(build) by extensions ['ignore', 'ignore_ament_install']
[0.284s] Level 1:colcon.colcon_core.package_identification:_identify(build) by extension 'ignore'
[0.284s] Level 1:colcon.colcon_core.package_identification:_identify(build) ignored
[0.285s] Level 1:colcon.colcon_core.package_identification:_identify(install) by extensions ['ignore', 'ignore_ament_install']
[0.285s] Level 1:colcon.colcon_core.package_identification:_identify(install) by extension 'ignore'
[0.285s] Level 1:colcon.colcon_core.package_identification:_identify(install) ignored
[0.286s] Level 1:colcon.colcon_core.package_identification:_identify(log) by extensions ['ignore', 'ignore_ament_install']
[0.286s] Level 1:colcon.colcon_core.package_identification:_identify(log) by extension 'ignore'
[0.287s] Level 1:colcon.colcon_core.package_identification:_identify(log) ignored
[0.288s] Level 1:colcon.colcon_core.package_identification:_identify(src) by extensions ['ignore', 'ignore_ament_install']
[0.288s] Level 1:colcon.colcon_core.package_identification:_identify(src) by extension 'ignore'
[0.288s] Level 1:colcon.colcon_core.package_identification:_identify(src) by extension 'ignore_ament_install'
[0.289s] Level 1:colcon.colcon_core.package_identification:_identify(src) by extensions ['colcon_pkg']
[0.289s] Level 1:colcon.colcon_core.package_identification:_identify(src) by extension 'colcon_pkg'
[0.290s] Level 1:colcon.colcon_core.package_identification:_identify(src) by extensions ['colcon_meta']
[0.290s] Level 1:colcon.colcon_core.package_identification:_identify(src) by extension 'colcon_meta'
[0.290s] Level 1:colcon.colcon_core.package_identification:_identify(src) by extensions ['ros']
[0.290s] Level 1:colcon.colcon_core.package_identification:_identify(src) by extension 'ros'
[0.292s] Level 1:colcon.colcon_core.package_identification:_identify(src) by extensions ['cmake', 'python']
[0.292s] Level 1:colcon.colcon_core.package_identification:_identify(src) by extension 'cmake'
[0.292s] Level 1:colcon.colcon_core.package_identification:_identify(src) by extension 'python'
[0.292s] Level 1:colcon.colcon_core.package_identification:_identify(src) by extensions ['python_setup_py']
[0.292s] Level 1:colcon.colcon_core.package_identification:_identify(src) by extension 'python_setup_py'
[0.293s] Level 1:colcon.colcon_core.package_identification:_identify(src/cs7630_msgs) by extensions ['ignore', 'ignore_ament_install']
[0.293s] Level 1:colcon.colcon_core.package_identification:_identify(src/cs7630_msgs) by extension 'ignore'
[0.294s] Level 1:colcon.colcon_core.package_identification:_identify(src/cs7630_msgs) by extension 'ignore_ament_install'
[0.294s] Level 1:colcon.colcon_core.package_identification:_identify(src/cs7630_msgs) by extensions ['colcon_pkg']
[0.294s] Level 1:colcon.colcon_core.package_identification:_identify(src/cs7630_msgs) by extension 'colcon_pkg'
[0.295s] Level 1:colcon.colcon_core.package_identification:_identify(src/cs7630_msgs) by extensions ['colcon_meta']
[0.295s] Level 1:colcon.colcon_core.package_identification:_identify(src/cs7630_msgs) by extension 'colcon_meta'
[0.295s] Level 1:colcon.colcon_core.package_identification:_identify(src/cs7630_msgs) by extensions ['ros']
[0.295s] Level 1:colcon.colcon_core.package_identification:_identify(src/cs7630_msgs) by extension 'ros'
[0.299s] DEBUG:colcon.colcon_core.package_identification:Package 'src/cs7630_msgs' with type 'ros.ament_cmake' and name 'cs7630_msgs'
[0.300s] Level 1:colcon.colcon_core.package_identification:_identify(src/cv_bridge2) by extensions ['ignore', 'ignore_ament_install']
[0.300s] Level 1:colcon.colcon_core.package_identification:_identify(src/cv_bridge2) by extension 'ignore'
[0.301s] Level 1:colcon.colcon_core.package_identification:_identify(src/cv_bridge2) by extension 'ignore_ament_install'
[0.301s] Level 1:colcon.colcon_core.package_identification:_identify(src/cv_bridge2) by extensions ['colcon_pkg']
[0.301s] Level 1:colcon.colcon_core.package_identification:_identify(src/cv_bridge2) by extension 'colcon_pkg'
[0.302s] Level 1:colcon.colcon_core.package_identification:_identify(src/cv_bridge2) by extensions ['colcon_meta']
[0.302s] Level 1:colcon.colcon_core.package_identification:_identify(src/cv_bridge2) by extension 'colcon_meta'
[0.302s] Level 1:colcon.colcon_core.package_identification:_identify(src/cv_bridge2) by extensions ['ros']
[0.302s] Level 1:colcon.colcon_core.package_identification:_identify(src/cv_bridge2) by extension 'ros'
[0.305s] DEBUG:colcon.colcon_core.package_identification:Package 'src/cv_bridge2' with type 'ros.ament_cmake' and name 'cv_bridge2'
[0.305s] Level 1:colcon.colcon_core.package_identification:_identify(src/cylinder_detector) by extensions ['ignore', 'ignore_ament_install']
[0.305s] Level 1:colcon.colcon_core.package_identification:_identify(src/cylinder_detector) by extension 'ignore'
[0.306s] Level 1:colcon.colcon_core.package_identification:_identify(src/cylinder_detector) by extension 'ignore_ament_install'
[0.306s] Level 1:colcon.colcon_core.package_identification:_identify(src/cylinder_detector) by extensions ['colcon_pkg']
[0.306s] Level 1:colcon.colcon_core.package_identification:_identify(src/cylinder_detector) by extension 'colcon_pkg'
[0.307s] Level 1:colcon.colcon_core.package_identification:_identify(src/cylinder_detector) by extensions ['colcon_meta']
[0.307s] Level 1:colcon.colcon_core.package_identification:_identify(src/cylinder_detector) by extension 'colcon_meta'
[0.308s] Level 1:colcon.colcon_core.package_identification:_identify(src/cylinder_detector) by extensions ['ros']
[0.308s] Level 1:colcon.colcon_core.package_identification:_identify(src/cylinder_detector) by extension 'ros'
[0.310s] DEBUG:colcon.colcon_core.package_identification:Package 'src/cylinder_detector' with type 'ros.ament_cmake' and name 'cylinder_detector'
[0.310s] Level 1:colcon.colcon_core.package_identification:_identify(src/floor_graph) by extensions ['ignore', 'ignore_ament_install']
[0.310s] Level 1:colcon.colcon_core.package_identification:_identify(src/floor_graph) by extension 'ignore'
[0.311s] Level 1:colcon.colcon_core.package_identification:_identify(src/floor_graph) by extension 'ignore_ament_install'
[0.311s] Level 1:colcon.colcon_core.package_identification:_identify(src/floor_graph) by extensions ['colcon_pkg']
[0.311s] Level 1:colcon.colcon_core.package_identification:_identify(src/floor_graph) by extension 'colcon_pkg'
[0.312s] Level 1:colcon.colcon_core.package_identification:_identify(src/floor_graph) by extensions ['colcon_meta']
[0.312s] Level 1:colcon.colcon_core.package_identification:_identify(src/floor_graph) by extension 'colcon_meta'
[0.313s] Level 1:colcon.colcon_core.package_identification:_identify(src/floor_graph) by extensions ['ros']
[0.313s] Level 1:colcon.colcon_core.package_identification:_identify(src/floor_graph) by extension 'ros'
[0.315s] DEBUG:colcon.colcon_core.package_identification:Package 'src/floor_graph' with type 'ros.ament_python' and name 'floor_graph'
[0.316s] Level 1:colcon.colcon_core.package_identification:_identify(src/floor_nav) by extensions ['ignore', 'ignore_ament_install']
[0.316s] Level 1:colcon.colcon_core.package_identification:_identify(src/floor_nav) by extension 'ignore'
[0.316s] Level 1:colcon.colcon_core.package_identification:_identify(src/floor_nav) by extension 'ignore_ament_install'
[0.317s] Level 1:colcon.colcon_core.package_identification:_identify(src/floor_nav) by extensions ['colcon_pkg']
[0.317s] Level 1:colcon.colcon_core.package_identification:_identify(src/floor_nav) by extension 'colcon_pkg'
[0.318s] Level 1:colcon.colcon_core.package_identification:_identify(src/floor_nav) by extensions ['colcon_meta']
[0.318s] Level 1:colcon.colcon_core.package_identification:_identify(src/floor_nav) by extension 'colcon_meta'
[0.318s] Level 1:colcon.colcon_core.package_identification:_identify(src/floor_nav) by extensions ['ros']
[0.318s] Level 1:colcon.colcon_core.package_identification:_identify(src/floor_nav) by extension 'ros'
[0.321s] DEBUG:colcon.colcon_core.package_identification:Package 'src/floor_nav' with type 'ros.ament_cmake' and name 'floor_nav'
[0.321s] Level 1:colcon.colcon_core.package_identification:_identify(src/floor_plane_ceres_base) by extensions ['ignore', 'ignore_ament_install']
[0.321s] Level 1:colcon.colcon_core.package_identification:_identify(src/floor_plane_ceres_base) by extension 'ignore'
[0.322s] Level 1:colcon.colcon_core.package_identification:_identify(src/floor_plane_ceres_base) by extension 'ignore_ament_install'
[0.322s] Level 1:colcon.colcon_core.package_identification:_identify(src/floor_plane_ceres_base) by extensions ['colcon_pkg']
[0.323s] Level 1:colcon.colcon_core.package_identification:_identify(src/floor_plane_ceres_base) by extension 'colcon_pkg'
[0.323s] Level 1:colcon.colcon_core.package_identification:_identify(src/floor_plane_ceres_base) by extensions ['colcon_meta']
[0.323s] Level 1:colcon.colcon_core.package_identification:_identify(src/floor_plane_ceres_base) by extension 'colcon_meta'
[0.323s] Level 1:colcon.colcon_core.package_identification:_identify(src/floor_plane_ceres_base) by extensions ['ros']
[0.324s] Level 1:colcon.colcon_core.package_identification:_identify(src/floor_plane_ceres_base) by extension 'ros'
[0.326s] DEBUG:colcon.colcon_core.package_identification:Package 'src/floor_plane_ceres_base' with type 'ros.ament_cmake' and name 'floor_plane_ceres_base'
[0.326s] Level 1:colcon.colcon_core.package_identification:_identify(src/floor_plane_classify_base) by extensions ['ignore', 'ignore_ament_install']
[0.326s] Level 1:colcon.colcon_core.package_identification:_identify(src/floor_plane_classify_base) by extension 'ignore'
[0.327s] Level 1:colcon.colcon_core.package_identification:_identify(src/floor_plane_classify_base) by extension 'ignore_ament_install'
[0.328s] Level 1:colcon.colcon_core.package_identification:_identify(src/floor_plane_classify_base) by extensions ['colcon_pkg']
[0.328s] Level 1:colcon.colcon_core.package_identification:_identify(src/floor_plane_classify_base) by extension 'colcon_pkg'
[0.328s] Level 1:colcon.colcon_core.package_identification:_identify(src/floor_plane_classify_base) by extensions ['colcon_meta']
[0.328s] Level 1:colcon.colcon_core.package_identification:_identify(src/floor_plane_classify_base) by extension 'colcon_meta'
[0.329s] Level 1:colcon.colcon_core.package_identification:_identify(src/floor_plane_classify_base) by extensions ['ros']
[0.329s] Level 1:colcon.colcon_core.package_identification:_identify(src/floor_plane_classify_base) by extension 'ros'
[0.330s] Level 1:colcon.colcon_core.package_identification:_identify(src/floor_plane_classify_base) by extensions ['cmake', 'python']
[0.330s] Level 1:colcon.colcon_core.package_identification:_identify(src/floor_plane_classify_base) by extension 'cmake'
[0.331s] Level 1:colcon.colcon_core.package_identification:_identify(src/floor_plane_classify_base) by extension 'python'
[0.331s] Level 1:colcon.colcon_core.package_identification:_identify(src/floor_plane_classify_base) by extensions ['python_setup_py']
[0.331s] Level 1:colcon.colcon_core.package_identification:_identify(src/floor_plane_classify_base) by extension 'python_setup_py'
[0.332s] Level 1:colcon.colcon_core.package_identification:_identify(src/floor_plane_classify_base/floor_plane_classify_base) by extensions ['ignore', 'ignore_ament_install']
[0.332s] Level 1:colcon.colcon_core.package_identification:_identify(src/floor_plane_classify_base/floor_plane_classify_base) by extension 'ignore'
[0.333s] Level 1:colcon.colcon_core.package_identification:_identify(src/floor_plane_classify_base/floor_plane_classify_base) by extension 'ignore_ament_install'
[0.334s] Level 1:colcon.colcon_core.package_identification:_identify(src/floor_plane_classify_base/floor_plane_classify_base) by extensions ['colcon_pkg']
[0.334s] Level 1:colcon.colcon_core.package_identification:_identify(src/floor_plane_classify_base/floor_plane_classify_base) by extension 'colcon_pkg'
[0.334s] Level 1:colcon.colcon_core.package_identification:_identify(src/floor_plane_classify_base/floor_plane_classify_base) by extensions ['colcon_meta']
[0.334s] Level 1:colcon.colcon_core.package_identification:_identify(src/floor_plane_classify_base/floor_plane_classify_base) by extension 'colcon_meta'
[0.335s] Level 1:colcon.colcon_core.package_identification:_identify(src/floor_plane_classify_base/floor_plane_classify_base) by extensions ['ros']
[0.335s] Level 1:colcon.colcon_core.package_identification:_identify(src/floor_plane_classify_base/floor_plane_classify_base) by extension 'ros'
[0.336s] Level 1:colcon.colcon_core.package_identification:_identify(src/floor_plane_classify_base/floor_plane_classify_base) by extensions ['cmake', 'python']
[0.336s] Level 1:colcon.colcon_core.package_identification:_identify(src/floor_plane_classify_base/floor_plane_classify_base) by extension 'cmake'
[0.337s] Level 1:colcon.colcon_core.package_identification:_identify(src/floor_plane_classify_base/floor_plane_classify_base) by extension 'python'
[0.337s] Level 1:colcon.colcon_core.package_identification:_identify(src/floor_plane_classify_base/floor_plane_classify_base) by extensions ['python_setup_py']
[0.337s] Level 1:colcon.colcon_core.package_identification:_identify(src/floor_plane_classify_base/floor_plane_classify_base) by extension 'python_setup_py'
[0.338s] Level 1:colcon.colcon_core.package_identification:_identify(src/floor_plane_classify_base/floor_plane_classify_base/__pycache__) by extensions ['ignore', 'ignore_ament_install']
[0.338s] Level 1:colcon.colcon_core.package_identification:_identify(src/floor_plane_classify_base/floor_plane_classify_base/__pycache__) by extension 'ignore'
[0.338s] Level 1:colcon.colcon_core.package_identification:_identify(src/floor_plane_classify_base/floor_plane_classify_base/__pycache__) by extension 'ignore_ament_install'
[0.339s] Level 1:colcon.colcon_core.package_identification:_identify(src/floor_plane_classify_base/floor_plane_classify_base/__pycache__) by extensions ['colcon_pkg']
[0.339s] Level 1:colcon.colcon_core.package_identification:_identify(src/floor_plane_classify_base/floor_plane_classify_base/__pycache__) by extension 'colcon_pkg'
[0.340s] Level 1:colcon.colcon_core.package_identification:_identify(src/floor_plane_classify_base/floor_plane_classify_base/__pycache__) by extensions ['colcon_meta']
[0.340s] Level 1:colcon.colcon_core.package_identification:_identify(src/floor_plane_classify_base/floor_plane_classify_base/__pycache__) by extension 'colcon_meta'
[0.340s] Level 1:colcon.colcon_core.package_identification:_identify(src/floor_plane_classify_base/floor_plane_classify_base/__pycache__) by extensions ['ros']
[0.340s] Level 1:colcon.colcon_core.package_identification:_identify(src/floor_plane_classify_base/floor_plane_classify_base/__pycache__) by extension 'ros'
[0.342s] Level 1:colcon.colcon_core.package_identification:_identify(src/floor_plane_classify_base/floor_plane_classify_base/__pycache__) by extensions ['cmake', 'python']
[0.342s] Level 1:colcon.colcon_core.package_identification:_identify(src/floor_plane_classify_base/floor_plane_classify_base/__pycache__) by extension 'cmake'
[0.342s] Level 1:colcon.colcon_core.package_identification:_identify(src/floor_plane_classify_base/floor_plane_classify_base/__pycache__) by extension 'python'
[0.342s] Level 1:colcon.colcon_core.package_identification:_identify(src/floor_plane_classify_base/floor_plane_classify_base/__pycache__) by extensions ['python_setup_py']
[0.342s] Level 1:colcon.colcon_core.package_identification:_identify(src/floor_plane_classify_base/floor_plane_classify_base/__pycache__) by extension 'python_setup_py'
[0.343s] Level 1:colcon.colcon_core.package_identification:_identify(src/floor_plane_hough_base) by extensions ['ignore', 'ignore_ament_install']
[0.343s] Level 1:colcon.colcon_core.package_identification:_identify(src/floor_plane_hough_base) by extension 'ignore'
[0.344s] Level 1:colcon.colcon_core.package_identification:_identify(src/floor_plane_hough_base) by extension 'ignore_ament_install'
[0.345s] Level 1:colcon.colcon_core.package_identification:_identify(src/floor_plane_hough_base) by extensions ['colcon_pkg']
[0.345s] Level 1:colcon.colcon_core.package_identification:_identify(src/floor_plane_hough_base) by extension 'colcon_pkg'
[0.345s] Level 1:colcon.colcon_core.package_identification:_identify(src/floor_plane_hough_base) by extensions ['colcon_meta']
[0.345s] Level 1:colcon.colcon_core.package_identification:_identify(src/floor_plane_hough_base) by extension 'colcon_meta'
[0.345s] Level 1:colcon.colcon_core.package_identification:_identify(src/floor_plane_hough_base) by extensions ['ros']
[0.346s] Level 1:colcon.colcon_core.package_identification:_identify(src/floor_plane_hough_base) by extension 'ros'
[0.348s] DEBUG:colcon.colcon_core.package_identification:Package 'src/floor_plane_hough_base' with type 'ros.ament_cmake' and name 'floor_plane_hough_base'
[0.348s] Level 1:colcon.colcon_core.package_identification:_identify(src/floor_plane_mapping) by extensions ['ignore', 'ignore_ament_install']
[0.348s] Level 1:colcon.colcon_core.package_identification:_identify(src/floor_plane_mapping) by extension 'ignore'
[0.349s] Level 1:colcon.colcon_core.package_identification:_identify(src/floor_plane_mapping) by extension 'ignore_ament_install'
[0.349s] Level 1:colcon.colcon_core.package_identification:_identify(src/floor_plane_mapping) by extensions ['colcon_pkg']
[0.349s] Level 1:colcon.colcon_core.package_identification:_identify(src/floor_plane_mapping) by extension 'colcon_pkg'
[0.350s] Level 1:colcon.colcon_core.package_identification:_identify(src/floor_plane_mapping) by extensions ['colcon_meta']
[0.350s] Level 1:colcon.colcon_core.package_identification:_identify(src/floor_plane_mapping) by extension 'colcon_meta'
[0.350s] Level 1:colcon.colcon_core.package_identification:_identify(src/floor_plane_mapping) by extensions ['ros']
[0.350s] Level 1:colcon.colcon_core.package_identification:_identify(src/floor_plane_mapping) by extension 'ros'
[0.352s] DEBUG:colcon.colcon_core.package_identification:Package 'src/floor_plane_mapping' with type 'ros.ament_cmake' and name 'floor_plane_mapping'
[0.352s] Level 1:colcon.colcon_core.package_identification:_identify(src/floor_plane_ransac_base) by extensions ['ignore', 'ignore_ament_install']
[0.353s] Level 1:colcon.colcon_core.package_identification:_identify(src/floor_plane_ransac_base) by extension 'ignore'
[0.353s] Level 1:colcon.colcon_core.package_identification:_identify(src/floor_plane_ransac_base) by extension 'ignore_ament_install'
[0.354s] Level 1:colcon.colcon_core.package_identification:_identify(src/floor_plane_ransac_base) by extensions ['colcon_pkg']
[0.354s] Level 1:colcon.colcon_core.package_identification:_identify(src/floor_plane_ransac_base) by extension 'colcon_pkg'
[0.354s] Level 1:colcon.colcon_core.package_identification:_identify(src/floor_plane_ransac_base) by extensions ['colcon_meta']
[0.354s] Level 1:colcon.colcon_core.package_identification:_identify(src/floor_plane_ransac_base) by extension 'colcon_meta'
[0.354s] Level 1:colcon.colcon_core.package_identification:_identify(src/floor_plane_ransac_base) by extensions ['ros']
[0.355s] Level 1:colcon.colcon_core.package_identification:_identify(src/floor_plane_ransac_base) by extension 'ros'
[0.357s] DEBUG:colcon.colcon_core.package_identification:Package 'src/floor_plane_ransac_base' with type 'ros.ament_cmake' and name 'floor_plane_ransac_base'
[0.357s] Level 1:colcon.colcon_core.package_identification:_identify(src/floor_plane_record_base) by extensions ['ignore', 'ignore_ament_install']
[0.357s] Level 1:colcon.colcon_core.package_identification:_identify(src/floor_plane_record_base) by extension 'ignore'
[0.358s] Level 1:colcon.colcon_core.package_identification:_identify(src/floor_plane_record_base) by extension 'ignore_ament_install'
[0.359s] Level 1:colcon.colcon_core.package_identification:_identify(src/floor_plane_record_base) by extensions ['colcon_pkg']
[0.359s] Level 1:colcon.colcon_core.package_identification:_identify(src/floor_plane_record_base) by extension 'colcon_pkg'
[0.359s] Level 1:colcon.colcon_core.package_identification:_identify(src/floor_plane_record_base) by extensions ['colcon_meta']
[0.359s] Level 1:colcon.colcon_core.package_identification:_identify(src/floor_plane_record_base) by extension 'colcon_meta'
[0.360s] Level 1:colcon.colcon_core.package_identification:_identify(src/floor_plane_record_base) by extensions ['ros']
[0.360s] Level 1:colcon.colcon_core.package_identification:_identify(src/floor_plane_record_base) by extension 'ros'
[0.362s] DEBUG:colcon.colcon_core.package_identification:Package 'src/floor_plane_record_base' with type 'ros.ament_cmake' and name 'floor_plane_record_base'
[0.363s] Level 1:colcon.colcon_core.package_identification:_identify(src/floor_plane_regression_base) by extensions ['ignore', 'ignore_ament_install']
[0.363s] Level 1:colcon.colcon_core.package_identification:_identify(src/floor_plane_regression_base) by extension 'ignore'
[0.363s] Level 1:colcon.colcon_core.package_identification:_identify(src/floor_plane_regression_base) by extension 'ignore_ament_install'
[0.364s] Level 1:colcon.colcon_core.package_identification:_identify(src/floor_plane_regression_base) by extensions ['colcon_pkg']
[0.364s] Level 1:colcon.colcon_core.package_identification:_identify(src/floor_plane_regression_base) by extension 'colcon_pkg'
[0.364s] Level 1:colcon.colcon_core.package_identification:_identify(src/floor_plane_regression_base) by extensions ['colcon_meta']
[0.364s] Level 1:colcon.colcon_core.package_identification:_identify(src/floor_plane_regression_base) by extension 'colcon_meta'
[0.365s] Level 1:colcon.colcon_core.package_identification:_identify(src/floor_plane_regression_base) by extensions ['ros']
[0.365s] Level 1:colcon.colcon_core.package_identification:_identify(src/floor_plane_regression_base) by extension 'ros'
[0.367s] DEBUG:colcon.colcon_core.package_identification:Package 'src/floor_plane_regression_base' with type 'ros.ament_cmake' and name 'floor_plane_regression_base'
[0.367s] Level 1:colcon.colcon_core.package_identification:_identify(src/joy_teleop) by extensions ['ignore', 'ignore_ament_install']
[0.367s] Level 1:colcon.colcon_core.package_identification:_identify(src/joy_teleop) by extension 'ignore'
[0.368s] Level 1:colcon.colcon_core.package_identification:_identify(src/joy_teleop) by extension 'ignore_ament_install'
[0.368s] Level 1:colcon.colcon_core.package_identification:_identify(src/joy_teleop) by extensions ['colcon_pkg']
[0.368s] Level 1:colcon.colcon_core.package_identification:_identify(src/joy_teleop) by extension 'colcon_pkg'
[0.369s] Level 1:colcon.colcon_core.package_identification:_identify(src/joy_teleop) by extensions ['colcon_meta']
[0.369s] Level 1:colcon.colcon_core.package_identification:_identify(src/joy_teleop) by extension 'colcon_meta'
[0.369s] Level 1:colcon.colcon_core.package_identification:_identify(src/joy_teleop) by extensions ['ros']
[0.370s] Level 1:colcon.colcon_core.package_identification:_identify(src/joy_teleop) by extension 'ros'
[0.372s] DEBUG:colcon.colcon_core.package_identification:Package 'src/joy_teleop' with type 'ros.ament_python' and name 'joy_teleop'
[0.372s] Level 1:colcon.colcon_core.package_identification:_identify(src/model_prediction) by extensions ['ignore', 'ignore_ament_install']
[0.372s] Level 1:colcon.colcon_core.package_identification:_identify(src/model_prediction) by extension 'ignore'
[0.373s] Level 1:colcon.colcon_core.package_identification:_identify(src/model_prediction) by extension 'ignore_ament_install'
[0.373s] Level 1:colcon.colcon_core.package_identification:_identify(src/model_prediction) by extensions ['colcon_pkg']
[0.373s] Level 1:colcon.colcon_core.package_identification:_identify(src/model_prediction) by extension 'colcon_pkg'
[0.374s] Level 1:colcon.colcon_core.package_identification:_identify(src/model_prediction) by extensions ['colcon_meta']
[0.374s] Level 1:colcon.colcon_core.package_identification:_identify(src/model_prediction) by extension 'colcon_meta'
[0.375s] Level 1:colcon.colcon_core.package_identification:_identify(src/model_prediction) by extensions ['ros']
[0.375s] Level 1:colcon.colcon_core.package_identification:_identify(src/model_prediction) by extension 'ros'
[0.377s] DEBUG:colcon.colcon_core.package_identification:Package 'src/model_prediction' with type 'ros.ament_python' and name 'model_prediction'
[0.377s] Level 1:colcon.colcon_core.package_identification:_identify(src/nav2_common) by extensions ['ignore', 'ignore_ament_install']
[0.378s] Level 1:colcon.colcon_core.package_identification:_identify(src/nav2_common) by extension 'ignore'
[0.378s] Level 1:colcon.colcon_core.package_identification:_identify(src/nav2_common) by extension 'ignore_ament_install'
[0.379s] Level 1:colcon.colcon_core.package_identification:_identify(src/nav2_common) by extensions ['colcon_pkg']
[0.379s] Level 1:colcon.colcon_core.package_identification:_identify(src/nav2_common) by extension 'colcon_pkg'
[0.380s] Level 1:colcon.colcon_core.package_identification:_identify(src/nav2_common) by extensions ['colcon_meta']
[0.380s] Level 1:colcon.colcon_core.package_identification:_identify(src/nav2_common) by extension 'colcon_meta'
[0.380s] Level 1:colcon.colcon_core.package_identification:_identify(src/nav2_common) by extensions ['ros']
[0.380s] Level 1:colcon.colcon_core.package_identification:_identify(src/nav2_common) by extension 'ros'
[0.383s] DEBUG:colcon.colcon_core.package_identification:Package 'src/nav2_common' with type 'ros.ament_cmake' and name 'nav2_common'
[0.383s] Level 1:colcon.colcon_core.package_identification:_identify(src/nav2_msgs) by extensions ['ignore', 'ignore_ament_install']
[0.383s] Level 1:colcon.colcon_core.package_identification:_identify(src/nav2_msgs) by extension 'ignore'
[0.384s] Level 1:colcon.colcon_core.package_identification:_identify(src/nav2_msgs) by extension 'ignore_ament_install'
[0.385s] Level 1:colcon.colcon_core.package_identification:_identify(src/nav2_msgs) by extensions ['colcon_pkg']
[0.385s] Level 1:colcon.colcon_core.package_identification:_identify(src/nav2_msgs) by extension 'colcon_pkg'
[0.385s] Level 1:colcon.colcon_core.package_identification:_identify(src/nav2_msgs) by extensions ['colcon_meta']
[0.385s] Level 1:colcon.colcon_core.package_identification:_identify(src/nav2_msgs) by extension 'colcon_meta'
[0.385s] Level 1:colcon.colcon_core.package_identification:_identify(src/nav2_msgs) by extensions ['ros']
[0.386s] Level 1:colcon.colcon_core.package_identification:_identify(src/nav2_msgs) by extension 'ros'
[0.388s] DEBUG:colcon.colcon_core.package_identification:Package 'src/nav2_msgs' with type 'ros.ament_cmake' and name 'nav2_msgs'
[0.389s] Level 1:colcon.colcon_core.package_identification:_identify(src/pytorch_models_base) by extensions ['ignore', 'ignore_ament_install']
[0.389s] Level 1:colcon.colcon_core.package_identification:_identify(src/pytorch_models_base) by extension 'ignore'
[0.389s] Level 1:colcon.colcon_core.package_identification:_identify(src/pytorch_models_base) by extension 'ignore_ament_install'
[0.390s] Level 1:colcon.colcon_core.package_identification:_identify(src/pytorch_models_base) by extensions ['colcon_pkg']
[0.390s] Level 1:colcon.colcon_core.package_identification:_identify(src/pytorch_models_base) by extension 'colcon_pkg'
[0.391s] Level 1:colcon.colcon_core.package_identification:_identify(src/pytorch_models_base) by extensions ['colcon_meta']
[0.391s] Level 1:colcon.colcon_core.package_identification:_identify(src/pytorch_models_base) by extension 'colcon_meta'
[0.391s] Level 1:colcon.colcon_core.package_identification:_identify(src/pytorch_models_base) by extensions ['ros']
[0.391s] Level 1:colcon.colcon_core.package_identification:_identify(src/pytorch_models_base) by extension 'ros'
[0.393s] DEBUG:colcon.colcon_core.package_identification:Package 'src/pytorch_models_base' with type 'ros.ament_python' and name 'pytorch_models_base'
[0.394s] Level 1:colcon.colcon_core.package_identification:_identify(src/ros_task_manager) by extensions ['ignore', 'ignore_ament_install']
[0.394s] Level 1:colcon.colcon_core.package_identification:_identify(src/ros_task_manager) by extension 'ignore'
[0.395s] Level 1:colcon.colcon_core.package_identification:_identify(src/ros_task_manager) by extension 'ignore_ament_install'
[0.395s] Level 1:colcon.colcon_core.package_identification:_identify(src/ros_task_manager) by extensions ['colcon_pkg']
[0.395s] Level 1:colcon.colcon_core.package_identification:_identify(src/ros_task_manager) by extension 'colcon_pkg'
[0.395s] Level 1:colcon.colcon_core.package_identification:_identify(src/ros_task_manager) by extensions ['colcon_meta']
[0.396s] Level 1:colcon.colcon_core.package_identification:_identify(src/ros_task_manager) by extension 'colcon_meta'
[0.396s] Level 1:colcon.colcon_core.package_identification:_identify(src/ros_task_manager) by extensions ['ros']
[0.396s] Level 1:colcon.colcon_core.package_identification:_identify(src/ros_task_manager) by extension 'ros'
[0.397s] Level 1:colcon.colcon_core.package_identification:_identify(src/ros_task_manager) by extensions ['cmake', 'python']
[0.397s] Level 1:colcon.colcon_core.package_identification:_identify(src/ros_task_manager) by extension 'cmake'
[0.397s] Level 1:colcon.colcon_core.package_identification:_identify(src/ros_task_manager) by extension 'python'
[0.398s] Level 1:colcon.colcon_core.package_identification:_identify(src/ros_task_manager) by extensions ['python_setup_py']
[0.398s] Level 1:colcon.colcon_core.package_identification:_identify(src/ros_task_manager) by extension 'python_setup_py'
[0.398s] Level 1:colcon.colcon_core.package_identification:_identify(src/ros_task_manager/src) by extensions ['ignore', 'ignore_ament_install']
[0.399s] Level 1:colcon.colcon_core.package_identification:_identify(src/ros_task_manager/src) by extension 'ignore'
[0.399s] Level 1:colcon.colcon_core.package_identification:_identify(src/ros_task_manager/src) by extension 'ignore_ament_install'
[0.400s] Level 1:colcon.colcon_core.package_identification:_identify(src/ros_task_manager/src) by extensions ['colcon_pkg']
[0.400s] Level 1:colcon.colcon_core.package_identification:_identify(src/ros_task_manager/src) by extension 'colcon_pkg'
[0.400s] Level 1:colcon.colcon_core.package_identification:_identify(src/ros_task_manager/src) by extensions ['colcon_meta']
[0.400s] Level 1:colcon.colcon_core.package_identification:_identify(src/ros_task_manager/src) by extension 'colcon_meta'
[0.400s] Level 1:colcon.colcon_core.package_identification:_identify(src/ros_task_manager/src) by extensions ['ros']
[0.401s] Level 1:colcon.colcon_core.package_identification:_identify(src/ros_task_manager/src) by extension 'ros'
[0.402s] Level 1:colcon.colcon_core.package_identification:_identify(src/ros_task_manager/src) by extensions ['cmake', 'python']
[0.402s] Level 1:colcon.colcon_core.package_identification:_identify(src/ros_task_manager/src) by extension 'cmake'
[0.402s] Level 1:colcon.colcon_core.package_identification:_identify(src/ros_task_manager/src) by extension 'python'
[0.403s] Level 1:colcon.colcon_core.package_identification:_identify(src/ros_task_manager/src) by extensions ['python_setup_py']
[0.403s] Level 1:colcon.colcon_core.package_identification:_identify(src/ros_task_manager/src) by extension 'python_setup_py'
[0.403s] Level 1:colcon.colcon_core.package_identification:_identify(src/ros_task_manager/src/button_server) by extensions ['ignore', 'ignore_ament_install']
[0.404s] Level 1:colcon.colcon_core.package_identification:_identify(src/ros_task_manager/src/button_server) by extension 'ignore'
[0.404s] Level 1:colcon.colcon_core.package_identification:_identify(src/ros_task_manager/src/button_server) by extension 'ignore_ament_install'
[0.405s] Level 1:colcon.colcon_core.package_identification:_identify(src/ros_task_manager/src/button_server) by extensions ['colcon_pkg']
[0.405s] Level 1:colcon.colcon_core.package_identification:_identify(src/ros_task_manager/src/button_server) by extension 'colcon_pkg'
[0.406s] Level 1:colcon.colcon_core.package_identification:_identify(src/ros_task_manager/src/button_server) by extensions ['colcon_meta']
[0.406s] Level 1:colcon.colcon_core.package_identification:_identify(src/ros_task_manager/src/button_server) by extension 'colcon_meta'
[0.406s] Level 1:colcon.colcon_core.package_identification:_identify(src/ros_task_manager/src/button_server) by extensions ['ros']
[0.406s] Level 1:colcon.colcon_core.package_identification:_identify(src/ros_task_manager/src/button_server) by extension 'ros'
[0.408s] DEBUG:colcon.colcon_core.package_identification:Package 'src/ros_task_manager/src/button_server' with type 'ros.ament_python' and name 'button_server'
[0.409s] Level 1:colcon.colcon_core.package_identification:_identify(src/ros_task_manager/src/task_manager_client_py) by extensions ['ignore', 'ignore_ament_install']
[0.409s] Level 1:colcon.colcon_core.package_identification:_identify(src/ros_task_manager/src/task_manager_client_py) by extension 'ignore'
[0.409s] Level 1:colcon.colcon_core.package_identification:_identify(src/ros_task_manager/src/task_manager_client_py) by extension 'ignore_ament_install'
[0.410s] Level 1:colcon.colcon_core.package_identification:_identify(src/ros_task_manager/src/task_manager_client_py) by extensions ['colcon_pkg']
[0.410s] Level 1:colcon.colcon_core.package_identification:_identify(src/ros_task_manager/src/task_manager_client_py) by extension 'colcon_pkg'
[0.411s] Level 1:colcon.colcon_core.package_identification:_identify(src/ros_task_manager/src/task_manager_client_py) by extensions ['colcon_meta']
[0.411s] Level 1:colcon.colcon_core.package_identification:_identify(src/ros_task_manager/src/task_manager_client_py) by extension 'colcon_meta'
[0.411s] Level 1:colcon.colcon_core.package_identification:_identify(src/ros_task_manager/src/task_manager_client_py) by extensions ['ros']
[0.411s] Level 1:colcon.colcon_core.package_identification:_identify(src/ros_task_manager/src/task_manager_client_py) by extension 'ros'
[0.413s] DEBUG:colcon.colcon_core.package_identification:Package 'src/ros_task_manager/src/task_manager_client_py' with type 'ros.ament_python' and name 'task_manager_client_py'
[0.414s] Level 1:colcon.colcon_core.package_identification:_identify(src/ros_task_manager/src/task_manager_lib) by extensions ['ignore', 'ignore_ament_install']
[0.414s] Level 1:colcon.colcon_core.package_identification:_identify(src/ros_task_manager/src/task_manager_lib) by extension 'ignore'
[0.415s] Level 1:colcon.colcon_core.package_identification:_identify(src/ros_task_manager/src/task_manager_lib) by extension 'ignore_ament_install'
[0.415s] Level 1:colcon.colcon_core.package_identification:_identify(src/ros_task_manager/src/task_manager_lib) by extensions ['colcon_pkg']
[0.415s] Level 1:colcon.colcon_core.package_identification:_identify(src/ros_task_manager/src/task_manager_lib) by extension 'colcon_pkg'
[0.416s] Level 1:colcon.colcon_core.package_identification:_identify(src/ros_task_manager/src/task_manager_lib) by extensions ['colcon_meta']
[0.416s] Level 1:colcon.colcon_core.package_identification:_identify(src/ros_task_manager/src/task_manager_lib) by extension 'colcon_meta'
[0.416s] Level 1:colcon.colcon_core.package_identification:_identify(src/ros_task_manager/src/task_manager_lib) by extensions ['ros']
[0.417s] Level 1:colcon.colcon_core.package_identification:_identify(src/ros_task_manager/src/task_manager_lib) by extension 'ros'
[0.419s] DEBUG:colcon.colcon_core.package_identification:Package 'src/ros_task_manager/src/task_manager_lib' with type 'ros.ament_cmake' and name 'task_manager_lib'
[0.419s] Level 1:colcon.colcon_core.package_identification:_identify(src/ros_task_manager/src/task_manager_move_base) by extensions ['ignore', 'ignore_ament_install']
[0.419s] Level 1:colcon.colcon_core.package_identification:_identify(src/ros_task_manager/src/task_manager_move_base) by extension 'ignore'
[0.420s] Level 1:colcon.colcon_core.package_identification:_identify(src/ros_task_manager/src/task_manager_move_base) ignored
[0.421s] Level 1:colcon.colcon_core.package_identification:_identify(src/ros_task_manager/src/task_manager_msgs) by extensions ['ignore', 'ignore_ament_install']
[0.421s] Level 1:colcon.colcon_core.package_identification:_identify(src/ros_task_manager/src/task_manager_msgs) by extension 'ignore'
[0.421s] Level 1:colcon.colcon_core.package_identification:_identify(src/ros_task_manager/src/task_manager_msgs) by extension 'ignore_ament_install'
[0.422s] Level 1:colcon.colcon_core.package_identification:_identify(src/ros_task_manager/src/task_manager_msgs) by extensions ['colcon_pkg']
[0.422s] Level 1:colcon.colcon_core.package_identification:_identify(src/ros_task_manager/src/task_manager_msgs) by extension 'colcon_pkg'
[0.423s] Level 1:colcon.colcon_core.package_identification:_identify(src/ros_task_manager/src/task_manager_msgs) by extensions ['colcon_meta']
[0.423s] Level 1:colcon.colcon_core.package_identification:_identify(src/ros_task_manager/src/task_manager_msgs) by extension 'colcon_meta'
[0.423s] Level 1:colcon.colcon_core.package_identification:_identify(src/ros_task_manager/src/task_manager_msgs) by extensions ['ros']
[0.423s] Level 1:colcon.colcon_core.package_identification:_identify(src/ros_task_manager/src/task_manager_msgs) by extension 'ros'
[0.425s] DEBUG:colcon.colcon_core.package_identification:Package 'src/ros_task_manager/src/task_manager_msgs' with type 'ros.ament_cmake' and name 'task_manager_msgs'
[0.426s] Level 1:colcon.colcon_core.package_identification:_identify(src/ros_task_manager/src/task_manager_nav2) by extensions ['ignore', 'ignore_ament_install']
[0.426s] Level 1:colcon.colcon_core.package_identification:_identify(src/ros_task_manager/src/task_manager_nav2) by extension 'ignore'
[0.426s] Level 1:colcon.colcon_core.package_identification:_identify(src/ros_task_manager/src/task_manager_nav2) by extension 'ignore_ament_install'
[0.427s] Level 1:colcon.colcon_core.package_identification:_identify(src/ros_task_manager/src/task_manager_nav2) by extensions ['colcon_pkg']
[0.427s] Level 1:colcon.colcon_core.package_identification:_identify(src/ros_task_manager/src/task_manager_nav2) by extension 'colcon_pkg'
[0.428s] Level 1:colcon.colcon_core.package_identification:_identify(src/ros_task_manager/src/task_manager_nav2) by extensions ['colcon_meta']
[0.428s] Level 1:colcon.colcon_core.package_identification:_identify(src/ros_task_manager/src/task_manager_nav2) by extension 'colcon_meta'
[0.428s] Level 1:colcon.colcon_core.package_identification:_identify(src/ros_task_manager/src/task_manager_nav2) by extensions ['ros']
[0.428s] Level 1:colcon.colcon_core.package_identification:_identify(src/ros_task_manager/src/task_manager_nav2) by extension 'ros'
[0.431s] DEBUG:colcon.colcon_core.package_identification:Package 'src/ros_task_manager/src/task_manager_nav2' with type 'ros.ament_cmake' and name 'task_manager_nav2'
[0.431s] Level 1:colcon.colcon_core.package_identification:_identify(src/ros_task_manager/src/task_manager_sync) by extensions ['ignore', 'ignore_ament_install']
[0.431s] Level 1:colcon.colcon_core.package_identification:_identify(src/ros_task_manager/src/task_manager_sync) by extension 'ignore'
[0.432s] Level 1:colcon.colcon_core.package_identification:_identify(src/ros_task_manager/src/task_manager_sync) by extension 'ignore_ament_install'
[0.432s] Level 1:colcon.colcon_core.package_identification:_identify(src/ros_task_manager/src/task_manager_sync) by extensions ['colcon_pkg']
[0.432s] Level 1:colcon.colcon_core.package_identification:_identify(src/ros_task_manager/src/task_manager_sync) by extension 'colcon_pkg'
[0.433s] Level 1:colcon.colcon_core.package_identification:_identify(src/ros_task_manager/src/task_manager_sync) by extensions ['colcon_meta']
[0.433s] Level 1:colcon.colcon_core.package_identification:_identify(src/ros_task_manager/src/task_manager_sync) by extension 'colcon_meta'
[0.433s] Level 1:colcon.colcon_core.package_identification:_identify(src/ros_task_manager/src/task_manager_sync) by extensions ['ros']
[0.434s] Level 1:colcon.colcon_core.package_identification:_identify(src/ros_task_manager/src/task_manager_sync) by extension 'ros'
[0.435s] DEBUG:colcon.colcon_core.package_identification:Package 'src/ros_task_manager/src/task_manager_sync' with type 'ros.ament_cmake' and name 'task_manager_sync'
[0.436s] Level 1:colcon.colcon_core.package_identification:_identify(src/ros_task_manager/src/task_manager_turtlesim) by extensions ['ignore', 'ignore_ament_install']
[0.436s] Level 1:colcon.colcon_core.package_identification:_identify(src/ros_task_manager/src/task_manager_turtlesim) by extension 'ignore'
[0.436s] Level 1:colcon.colcon_core.package_identification:_identify(src/ros_task_manager/src/task_manager_turtlesim) ignored
[0.437s] Level 1:colcon.colcon_core.package_identification:_identify(src/ros_task_manager/src/task_manager_turtlesim_smach) by extensions ['ignore', 'ignore_ament_install']
[0.437s] Level 1:colcon.colcon_core.package_identification:_identify(src/ros_task_manager/src/task_manager_turtlesim_smach) by extension 'ignore'
[0.437s] Level 1:colcon.colcon_core.package_identification:_identify(src/ros_task_manager/src/task_manager_turtlesim_smach) ignored
[0.438s] Level 1:colcon.colcon_core.package_identification:_identify(src/ros_task_manager/src/task_manager_turtlesim_sync) by extensions ['ignore', 'ignore_ament_install']
[0.438s] Level 1:colcon.colcon_core.package_identification:_identify(src/ros_task_manager/src/task_manager_turtlesim_sync) by extension 'ignore'
[0.438s] Level 1:colcon.colcon_core.package_identification:_identify(src/ros_task_manager/src/task_manager_turtlesim_sync) ignored
[0.439s] Level 1:colcon.colcon_core.package_identification:_identify(src/ros_task_manager/src/turtlesim_logo) by extensions ['ignore', 'ignore_ament_install']
[0.439s] Level 1:colcon.colcon_core.package_identification:_identify(src/ros_task_manager/src/turtlesim_logo) by extension 'ignore'
[0.439s] Level 1:colcon.colcon_core.package_identification:_identify(src/ros_task_manager/src/turtlesim_logo) ignored
[0.440s] Level 1:colcon.colcon_core.package_identification:_identify(src/scenes) by extensions ['ignore', 'ignore_ament_install']
[0.440s] Level 1:colcon.colcon_core.package_identification:_identify(src/scenes) by extension 'ignore'
[0.440s] Level 1:colcon.colcon_core.package_identification:_identify(src/scenes) ignored
[0.441s] Level 1:colcon.colcon_core.package_identification:_identify(src/shore_follower_drive_base) by extensions ['ignore', 'ignore_ament_install']
[0.441s] Level 1:colcon.colcon_core.package_identification:_identify(src/shore_follower_drive_base) by extension 'ignore'
[0.441s] Level 1:colcon.colcon_core.package_identification:_identify(src/shore_follower_drive_base) by extension 'ignore_ament_install'
[0.442s] Level 1:colcon.colcon_core.package_identification:_identify(src/shore_follower_drive_base) by extensions ['colcon_pkg']
[0.442s] Level 1:colcon.colcon_core.package_identification:_identify(src/shore_follower_drive_base) by extension 'colcon_pkg'
[0.442s] Level 1:colcon.colcon_core.package_identification:_identify(src/shore_follower_drive_base) by extensions ['colcon_meta']
[0.442s] Level 1:colcon.colcon_core.package_identification:_identify(src/shore_follower_drive_base) by extension 'colcon_meta'
[0.443s] Level 1:colcon.colcon_core.package_identification:_identify(src/shore_follower_drive_base) by extensions ['ros']
[0.443s] Level 1:colcon.colcon_core.package_identification:_identify(src/shore_follower_drive_base) by extension 'ros'
[0.444s] Level 1:colcon.colcon_core.package_identification:_identify(src/shore_follower_drive_base) by extensions ['cmake', 'python']
[0.444s] Level 1:colcon.colcon_core.package_identification:_identify(src/shore_follower_drive_base) by extension 'cmake'
[0.445s] Level 1:colcon.colcon_core.package_identification:_identify(src/shore_follower_drive_base) by extension 'python'
[0.445s] Level 1:colcon.colcon_core.package_identification:_identify(src/shore_follower_drive_base) by extensions ['python_setup_py']
[0.445s] Level 1:colcon.colcon_core.package_identification:_identify(src/shore_follower_drive_base) by extension 'python_setup_py'
[0.446s] Level 1:colcon.colcon_core.package_identification:_identify(src/shore_follower_drive_base/shore_follower_drive_base) by extensions ['ignore', 'ignore_ament_install']
[0.446s] Level 1:colcon.colcon_core.package_identification:_identify(src/shore_follower_drive_base/shore_follower_drive_base) by extension 'ignore'
[0.446s] Level 1:colcon.colcon_core.package_identification:_identify(src/shore_follower_drive_base/shore_follower_drive_base) by extension 'ignore_ament_install'
[0.447s] Level 1:colcon.colcon_core.package_identification:_identify(src/shore_follower_drive_base/shore_follower_drive_base) by extensions ['colcon_pkg']
[0.447s] Level 1:colcon.colcon_core.package_identification:_identify(src/shore_follower_drive_base/shore_follower_drive_base) by extension 'colcon_pkg'
[0.448s] Level 1:colcon.colcon_core.package_identification:_identify(src/shore_follower_drive_base/shore_follower_drive_base) by extensions ['colcon_meta']
[0.448s] Level 1:colcon.colcon_core.package_identification:_identify(src/shore_follower_drive_base/shore_follower_drive_base) by extension 'colcon_meta'
[0.448s] Level 1:colcon.colcon_core.package_identification:_identify(src/shore_follower_drive_base/shore_follower_drive_base) by extensions ['ros']
[0.448s] Level 1:colcon.colcon_core.package_identification:_identify(src/shore_follower_drive_base/shore_follower_drive_base) by extension 'ros'
[0.449s] Level 1:colcon.colcon_core.package_identification:_identify(src/shore_follower_drive_base/shore_follower_drive_base) by extensions ['cmake', 'python']
[0.450s] Level 1:colcon.colcon_core.package_identification:_identify(src/shore_follower_drive_base/shore_follower_drive_base) by extension 'cmake'
[0.450s] Level 1:colcon.colcon_core.package_identification:_identify(src/shore_follower_drive_base/shore_follower_drive_base) by extension 'python'
[0.450s] Level 1:colcon.colcon_core.package_identification:_identify(src/shore_follower_drive_base/shore_follower_drive_base) by extensions ['python_setup_py']
[0.450s] Level 1:colcon.colcon_core.package_identification:_identify(src/shore_follower_drive_base/shore_follower_drive_base) by extension 'python_setup_py'
[0.451s] Level 1:colcon.colcon_core.package_identification:_identify(src/shore_follower_drive_base/shore_follower_drive_base/__pycache__) by extensions ['ignore', 'ignore_ament_install']
[0.451s] Level 1:colcon.colcon_core.package_identification:_identify(src/shore_follower_drive_base/shore_follower_drive_base/__pycache__) by extension 'ignore'
[0.451s] Level 1:colcon.colcon_core.package_identification:_identify(src/shore_follower_drive_base/shore_follower_drive_base/__pycache__) by extension 'ignore_ament_install'
[0.452s] Level 1:colcon.colcon_core.package_identification:_identify(src/shore_follower_drive_base/shore_follower_drive_base/__pycache__) by extensions ['colcon_pkg']
[0.452s] Level 1:colcon.colcon_core.package_identification:_identify(src/shore_follower_drive_base/shore_follower_drive_base/__pycache__) by extension 'colcon_pkg'
[0.452s] Level 1:colcon.colcon_core.package_identification:_identify(src/shore_follower_drive_base/shore_follower_drive_base/__pycache__) by extensions ['colcon_meta']
[0.452s] Level 1:colcon.colcon_core.package_identification:_identify(src/shore_follower_drive_base/shore_follower_drive_base/__pycache__) by extension 'colcon_meta'
[0.453s] Level 1:colcon.colcon_core.package_identification:_identify(src/shore_follower_drive_base/shore_follower_drive_base/__pycache__) by extensions ['ros']
[0.453s] Level 1:colcon.colcon_core.package_identification:_identify(src/shore_follower_drive_base/shore_follower_drive_base/__pycache__) by extension 'ros'
[0.454s] Level 1:colcon.colcon_core.package_identification:_identify(src/shore_follower_drive_base/shore_follower_drive_base/__pycache__) by extensions ['cmake', 'python']
[0.454s] Level 1:colcon.colcon_core.package_identification:_identify(src/shore_follower_drive_base/shore_follower_drive_base/__pycache__) by extension 'cmake'
[0.455s] Level 1:colcon.colcon_core.package_identification:_identify(src/shore_follower_drive_base/shore_follower_drive_base/__pycache__) by extension 'python'
[0.455s] Level 1:colcon.colcon_core.package_identification:_identify(src/shore_follower_drive_base/shore_follower_drive_base/__pycache__) by extensions ['python_setup_py']
[0.455s] Level 1:colcon.colcon_core.package_identification:_identify(src/shore_follower_drive_base/shore_follower_drive_base/__pycache__) by extension 'python_setup_py'
[0.456s] Level 1:colcon.colcon_core.package_identification:_identify(src/shore_follower_observe) by extensions ['ignore', 'ignore_ament_install']
[0.456s] Level 1:colcon.colcon_core.package_identification:_identify(src/shore_follower_observe) by extension 'ignore'
[0.456s] Level 1:colcon.colcon_core.package_identification:_identify(src/shore_follower_observe) by extension 'ignore_ament_install'
[0.457s] Level 1:colcon.colcon_core.package_identification:_identify(src/shore_follower_observe) by extensions ['colcon_pkg']
[0.457s] Level 1:colcon.colcon_core.package_identification:_identify(src/shore_follower_observe) by extension 'colcon_pkg'
[0.458s] Level 1:colcon.colcon_core.package_identification:_identify(src/shore_follower_observe) by extensions ['colcon_meta']
[0.458s] Level 1:colcon.colcon_core.package_identification:_identify(src/shore_follower_observe) by extension 'colcon_meta'
[0.458s] Level 1:colcon.colcon_core.package_identification:_identify(src/shore_follower_observe) by extensions ['ros']
[0.458s] Level 1:colcon.colcon_core.package_identification:_identify(src/shore_follower_observe) by extension 'ros'
[0.461s] DEBUG:colcon.colcon_core.package_identification:Package 'src/shore_follower_observe' with type 'ros.ament_cmake' and name 'shore_follower_observe'
[0.461s] Level 1:colcon.colcon_core.package_identification:_identify(src/vrep4_helpers) by extensions ['ignore', 'ignore_ament_install']
[0.461s] Level 1:colcon.colcon_core.package_identification:_identify(src/vrep4_helpers) by extension 'ignore'
[0.462s] Level 1:colcon.colcon_core.package_identification:_identify(src/vrep4_helpers) by extension 'ignore_ament_install'
[0.462s] Level 1:colcon.colcon_core.package_identification:_identify(src/vrep4_helpers) by extensions ['colcon_pkg']
[0.462s] Level 1:colcon.colcon_core.package_identification:_identify(src/vrep4_helpers) by extension 'colcon_pkg'
[0.463s] Level 1:colcon.colcon_core.package_identification:_identify(src/vrep4_helpers) by extensions ['colcon_meta']
[0.463s] Level 1:colcon.colcon_core.package_identification:_identify(src/vrep4_helpers) by extension 'colcon_meta'
[0.463s] Level 1:colcon.colcon_core.package_identification:_identify(src/vrep4_helpers) by extensions ['ros']
[0.463s] Level 1:colcon.colcon_core.package_identification:_identify(src/vrep4_helpers) by extension 'ros'
[0.465s] DEBUG:colcon.colcon_core.package_identification:Package 'src/vrep4_helpers' with type 'ros.ament_cmake' and name 'vrep4_helpers'
[0.466s] Level 1:colcon.colcon_core.package_identification:_identify(src/vrep_ros_teleop) by extensions ['ignore', 'ignore_ament_install']
[0.466s] Level 1:colcon.colcon_core.package_identification:_identify(src/vrep_ros_teleop) by extension 'ignore'
[0.466s] Level 1:colcon.colcon_core.package_identification:_identify(src/vrep_ros_teleop) by extension 'ignore_ament_install'
[0.467s] Level 1:colcon.colcon_core.package_identification:_identify(src/vrep_ros_teleop) by extensions ['colcon_pkg']
[0.467s] Level 1:colcon.colcon_core.package_identification:_identify(src/vrep_ros_teleop) by extension 'colcon_pkg'
[0.468s] Level 1:colcon.colcon_core.package_identification:_identify(src/vrep_ros_teleop) by extensions ['colcon_meta']
[0.468s] Level 1:colcon.colcon_core.package_identification:_identify(src/vrep_ros_teleop) by extension 'colcon_meta'
[0.468s] Level 1:colcon.colcon_core.package_identification:_identify(src/vrep_ros_teleop) by extensions ['ros']
[0.468s] Level 1:colcon.colcon_core.package_identification:_identify(src/vrep_ros_teleop) by extension 'ros'
[0.470s] DEBUG:colcon.colcon_core.package_identification:Package 'src/vrep_ros_teleop' with type 'ros.ament_python' and name 'vrep_ros_teleop'
[0.471s] Level 1:colcon.colcon_core.package_identification:_identify(src/vrep_vsv_driver) by extensions ['ignore', 'ignore_ament_install']
[0.471s] Level 1:colcon.colcon_core.package_identification:_identify(src/vrep_vsv_driver) by extension 'ignore'
[0.471s] Level 1:colcon.colcon_core.package_identification:_identify(src/vrep_vsv_driver) by extension 'ignore_ament_install'
[0.472s] Level 1:colcon.colcon_core.package_identification:_identify(src/vrep_vsv_driver) by extensions ['colcon_pkg']
[0.472s] Level 1:colcon.colcon_core.package_identification:_identify(src/vrep_vsv_driver) by extension 'colcon_pkg'
[0.473s] Level 1:colcon.colcon_core.package_identification:_identify(src/vrep_vsv_driver) by extensions ['colcon_meta']
[0.473s] Level 1:colcon.colcon_core.package_identification:_identify(src/vrep_vsv_driver) by extension 'colcon_meta'
[0.473s] Level 1:colcon.colcon_core.package_identification:_identify(src/vrep_vsv_driver) by extensions ['ros']
[0.473s] Level 1:colcon.colcon_core.package_identification:_identify(src/vrep_vsv_driver) by extension 'ros'
[0.475s] DEBUG:colcon.colcon_core.package_identification:Package 'src/vrep_vsv_driver' with type 'ros.ament_python' and name 'vrep_vsv_driver'
[0.476s] Level 1:colcon.colcon_core.package_identification:_identify(sysid) by extensions ['ignore', 'ignore_ament_install']
[0.476s] Level 1:colcon.colcon_core.package_identification:_identify(sysid) by extension 'ignore'
[0.476s] Level 1:colcon.colcon_core.package_identification:_identify(sysid) by extension 'ignore_ament_install'
[0.477s] Level 1:colcon.colcon_core.package_identification:_identify(sysid) by extensions ['colcon_pkg']
[0.477s] Level 1:colcon.colcon_core.package_identification:_identify(sysid) by extension 'colcon_pkg'
[0.477s] Level 1:colcon.colcon_core.package_identification:_identify(sysid) by extensions ['colcon_meta']
[0.477s] Level 1:colcon.colcon_core.package_identification:_identify(sysid) by extension 'colcon_meta'
[0.478s] Level 1:colcon.colcon_core.package_identification:_identify(sysid) by extensions ['ros']
[0.478s] Level 1:colcon.colcon_core.package_identification:_identify(sysid) by extension 'ros'
[0.479s] Level 1:colcon.colcon_core.package_identification:_identify(sysid) by extensions ['cmake', 'python']
[0.479s] Level 1:colcon.colcon_core.package_identification:_identify(sysid) by extension 'cmake'
[0.480s] Level 1:colcon.colcon_core.package_identification:_identify(sysid) by extension 'python'
[0.480s] Level 1:colcon.colcon_core.package_identification:_identify(sysid) by extensions ['python_setup_py']
[0.480s] Level 1:colcon.colcon_core.package_identification:_identify(sysid) by extension 'python_setup_py'
[0.481s] Level 1:colcon.colcon_core.package_identification:_identify(sysid/data) by extensions ['ignore', 'ignore_ament_install']
[0.481s] Level 1:colcon.colcon_core.package_identification:_identify(sysid/data) by extension 'ignore'
[0.481s] Level 1:colcon.colcon_core.package_identification:_identify(sysid/data) by extension 'ignore_ament_install'
[0.482s] Level 1:colcon.colcon_core.package_identification:_identify(sysid/data) by extensions ['colcon_pkg']
[0.482s] Level 1:colcon.colcon_core.package_identification:_identify(sysid/data) by extension 'colcon_pkg'
[0.483s] Level 1:colcon.colcon_core.package_identification:_identify(sysid/data) by extensions ['colcon_meta']
[0.483s] Level 1:colcon.colcon_core.package_identification:_identify(sysid/data) by extension 'colcon_meta'
[0.483s] Level 1:colcon.colcon_core.package_identification:_identify(sysid/data) by extensions ['ros']
[0.483s] Level 1:colcon.colcon_core.package_identification:_identify(sysid/data) by extension 'ros'
[0.485s] Level 1:colcon.colcon_core.package_identification:_identify(sysid/data) by extensions ['cmake', 'python']
[0.485s] Level 1:colcon.colcon_core.package_identification:_identify(sysid/data) by extension 'cmake'
[0.485s] Level 1:colcon.colcon_core.package_identification:_identify(sysid/data) by extension 'python'
[0.485s] Level 1:colcon.colcon_core.package_identification:_identify(sysid/data) by extensions ['python_setup_py']
[0.485s] Level 1:colcon.colcon_core.package_identification:_identify(sysid/data) by extension 'python_setup_py'
[0.486s] Level 1:colcon.colcon_core.package_identification:_identify(sysid/figures) by extensions ['ignore', 'ignore_ament_install']
[0.486s] Level 1:colcon.colcon_core.package_identification:_identify(sysid/figures) by extension 'ignore'
[0.487s] Level 1:colcon.colcon_core.package_identification:_identify(sysid/figures) by extension 'ignore_ament_install'
[0.487s] Level 1:colcon.colcon_core.package_identification:_identify(sysid/figures) by extensions ['colcon_pkg']
[0.487s] Level 1:colcon.colcon_core.package_identification:_identify(sysid/figures) by extension 'colcon_pkg'
[0.488s] Level 1:colcon.colcon_core.package_identification:_identify(sysid/figures) by extensions ['colcon_meta']
[0.488s] Level 1:colcon.colcon_core.package_identification:_identify(sysid/figures) by extension 'colcon_meta'
[0.488s] Level 1:colcon.colcon_core.package_identification:_identify(sysid/figures) by extensions ['ros']
[0.489s] Level 1:colcon.colcon_core.package_identification:_identify(sysid/figures) by extension 'ros'
[0.490s] Level 1:colcon.colcon_core.package_identification:_identify(sysid/figures) by extensions ['cmake', 'python']
[0.490s] Level 1:colcon.colcon_core.package_identification:_identify(sysid/figures) by extension 'cmake'
[0.491s] Level 1:colcon.colcon_core.package_identification:_identify(sysid/figures) by extension 'python'
[0.491s] Level 1:colcon.colcon_core.package_identification:_identify(sysid/figures) by extensions ['python_setup_py']
[0.491s] Level 1:colcon.colcon_core.package_identification:_identify(sysid/figures) by extension 'python_setup_py'
[0.491s] Level 1:colcon.colcon_core.package_discovery:discover_packages(recursive) using defaults
[0.491s] Level 1:colcon.colcon_core.package_discovery:discover_packages(ignore) discover
[0.492s] Level 1:colcon.colcon_core.package_discovery:discover_packages(ignore) using defaults
[0.492s] Level 1:colcon.colcon_core.package_discovery:discover_packages(path) discover
[0.493s] Level 1:colcon.colcon_core.package_discovery:discover_packages(path) using defaults
[0.521s] INFO:colcon.colcon_core.package_selection:Skipping not selected package 'button_server' in 'src/ros_task_manager/src/button_server'
[0.521s] INFO:colcon.colcon_core.package_selection:Skipping not selected package 'cs7630_msgs' in 'src/cs7630_msgs'
[0.521s] INFO:colcon.colcon_core.package_selection:Skipping not selected package 'cv_bridge2' in 'src/cv_bridge2'
[0.521s] INFO:colcon.colcon_core.package_selection:Skipping not selected package 'floor_graph' in 'src/floor_graph'
[0.521s] INFO:colcon.colcon_core.package_selection:Skipping not selected package 'floor_plane_ceres_base' in 'src/floor_plane_ceres_base'
[0.522s] INFO:colcon.colcon_core.package_selection:Skipping not selected package 'floor_plane_hough_base' in 'src/floor_plane_hough_base'
[0.522s] INFO:colcon.colcon_core.package_selection:Skipping not selected package 'floor_plane_ransac_base' in 'src/floor_plane_ransac_base'
[0.522s] INFO:colcon.colcon_core.package_selection:Skipping not selected package 'floor_plane_record_base' in 'src/floor_plane_record_base'
[0.522s] INFO:colcon.colcon_core.package_selection:Skipping not selected package 'joy_teleop' in 'src/joy_teleop'
[0.522s] INFO:colcon.colcon_core.package_selection:Skipping not selected package 'model_prediction' in 'src/model_prediction'
[0.522s] INFO:colcon.colcon_core.package_selection:Skipping not selected package 'nav2_common' in 'src/nav2_common'
[0.522s] INFO:colcon.colcon_core.package_selection:Skipping not selected package 'pytorch_models_base' in 'src/pytorch_models_base'
[0.523s] INFO:colcon.colcon_core.package_selection:Skipping not selected package 'shore_follower_observe' in 'src/shore_follower_observe'
[0.523s] INFO:colcon.colcon_core.package_selection:Skipping not selected package 'task_manager_msgs' in 'src/ros_task_manager/src/task_manager_msgs'
[0.523s] INFO:colcon.colcon_core.package_selection:Skipping not selected package 'vrep4_helpers' in 'src/vrep4_helpers'
[0.523s] INFO:colcon.colcon_core.package_selection:Skipping not selected package 'vrep_ros_teleop' in 'src/vrep_ros_teleop'
[0.524s] INFO:colcon.colcon_core.package_selection:Skipping not selected package 'vrep_vsv_driver' in 'src/vrep_vsv_driver'
[0.524s] INFO:colcon.colcon_core.package_selection:Skipping not selected package 'floor_plane_regression_base' in 'src/floor_plane_regression_base'
[0.524s] INFO:colcon.colcon_core.package_selection:Skipping not selected package 'nav2_msgs' in 'src/nav2_msgs'
[0.525s] INFO:colcon.colcon_core.package_selection:Skipping not selected package 'task_manager_client_py' in 'src/ros_task_manager/src/task_manager_client_py'
[0.525s] INFO:colcon.colcon_core.package_selection:Skipping not selected package 'task_manager_lib' in 'src/ros_task_manager/src/task_manager_lib'
[0.525s] INFO:colcon.colcon_core.package_selection:Skipping not selected package 'task_manager_nav2' in 'src/ros_task_manager/src/task_manager_nav2'
[0.525s] INFO:colcon.colcon_core.package_selection:Skipping not selected package 'task_manager_sync' in 'src/ros_task_manager/src/task_manager_sync'
[0.526s] Level 1:colcon.colcon_core.package_discovery:discover_packages(prefix_path) check parameters
[0.526s] Level 1:colcon.colcon_core.package_discovery:discover_packages(prefix_path) discover
[0.540s] DEBUG:colcon.colcon_installed_package_information.package_discovery:Found 16 installed packages in /home/GTL/asacks/ros_workspace/install
[0.541s] DEBUG:colcon.colcon_installed_package_information.package_discovery:Found 358 installed packages in /opt/ros/kilted
[0.541s] Level 1:colcon.colcon_core.package_discovery:discover_packages(prefix_path) using defaults
[0.586s] Level 5:colcon.colcon_core.verb:set package 'cylinder_detector' build argument 'cmake_args' from command line to 'None'
[0.586s] Level 5:colcon.colcon_core.verb:set package 'cylinder_detector' build argument 'cmake_target' from command line to 'None'
[0.586s] Level 5:colcon.colcon_core.verb:set package 'cylinder_detector' build argument 'cmake_target_skip_unavailable' from command line to 'False'
[0.586s] Level 5:colcon.colcon_core.verb:set package 'cylinder_detector' build argument 'cmake_clean_cache' from command line to 'False'
[0.586s] Level 5:colcon.colcon_core.verb:set package 'cylinder_detector' build argument 'cmake_clean_first' from command line to 'False'
[0.587s] Level 5:colcon.colcon_core.verb:set package 'cylinder_detector' build argument 'cmake_force_configure' from command line to 'False'
[0.587s] Level 5:colcon.colcon_core.verb:set package 'cylinder_detector' build argument 'ament_cmake_args' from command line to 'None'
[0.588s] Level 5:colcon.colcon_core.verb:set package 'cylinder_detector' build argument 'catkin_cmake_args' from command line to 'None'
[0.588s] Level 5:colcon.colcon_core.verb:set package 'cylinder_detector' build argument 'catkin_skip_building_tests' from command line to 'False'
[0.589s] DEBUG:colcon.colcon_core.verb:Building package 'cylinder_detector' with the following arguments: {'ament_cmake_args': None, 'build_base': '/home/GTL/asacks/ros_workspace/build/cylinder_detector', 'catkin_cmake_args': None, 'catkin_skip_building_tests': False, 'cmake_args': None, 'cmake_clean_cache': False, 'cmake_clean_first': False, 'cmake_force_configure': False, 'cmake_target': None, 'cmake_target_skip_unavailable': False, 'install_base': '/home/GTL/asacks/ros_workspace/install/cylinder_detector', 'merge_install': False, 'path': '/home/GTL/asacks/ros_workspace/src/cylinder_detector', 'symlink_install': True, 'test_result_base': None}
[0.590s] Level 5:colcon.colcon_core.verb:set package 'floor_plane_mapping' build argument 'cmake_args' from command line to 'None'
[0.590s] Level 5:colcon.colcon_core.verb:set package 'floor_plane_mapping' build argument 'cmake_target' from command line to 'None'
[0.591s] Level 5:colcon.colcon_core.verb:set package 'floor_plane_mapping' build argument 'cmake_target_skip_unavailable' from command line to 'False'
[0.591s] Level 5:colcon.colcon_core.verb:set package 'floor_plane_mapping' build argument 'cmake_clean_cache' from command line to 'False'
[0.591s] Level 5:colcon.colcon_core.verb:set package 'floor_plane_mapping' build argument 'cmake_clean_first' from command line to 'False'
[0.592s] Level 5:colcon.colcon_core.verb:set package 'floor_plane_mapping' build argument 'cmake_force_configure' from command line to 'False'
[0.592s] Level 5:colcon.colcon_core.verb:set package 'floor_plane_mapping' build argument 'ament_cmake_args' from command line to 'None'
[0.593s] Level 5:colcon.colcon_core.verb:set package 'floor_plane_mapping' build argument 'catkin_cmake_args' from command line to 'None'
[0.593s] Level 5:colcon.colcon_core.verb:set package 'floor_plane_mapping' build argument 'catkin_skip_building_tests' from command line to 'False'
[0.594s] DEBUG:colcon.colcon_core.verb:Building package 'floor_plane_mapping' with the following arguments: {'ament_cmake_args': None, 'build_base': '/home/GTL/asacks/ros_workspace/build/floor_plane_mapping', 'catkin_cmake_args': None, 'catkin_skip_building_tests': False, 'cmake_args': None, 'cmake_clean_cache': False, 'cmake_clean_first': False, 'cmake_force_configure': False, 'cmake_target': None, 'cmake_target_skip_unavailable': False, 'install_base': '/home/GTL/asacks/ros_workspace/install/floor_plane_mapping', 'merge_install': False, 'path': '/home/GTL/asacks/ros_workspace/src/floor_plane_mapping', 'symlink_install': True, 'test_result_base': None}
[0.595s] Level 5:colcon.colcon_core.verb:set package 'floor_nav' build argument 'cmake_args' from command line to 'None'
[0.595s] Level 5:colcon.colcon_core.verb:set package 'floor_nav' build argument 'cmake_target' from command line to 'None'
[0.596s] Level 5:colcon.colcon_core.verb:set package 'floor_nav' build argument 'cmake_target_skip_unavailable' from command line to 'False'
[0.596s] Level 5:colcon.colcon_core.verb:set package 'floor_nav' build argument 'cmake_clean_cache' from command line to 'False'
[0.596s] Level 5:colcon.colcon_core.verb:set package 'floor_nav' build argument 'cmake_clean_first' from command line to 'False'
[0.597s] Level 5:colcon.colcon_core.verb:set package 'floor_nav' build argument 'cmake_force_configure' from command line to 'False'
[0.597s] Level 5:colcon.colcon_core.verb:set package 'floor_nav' build argument 'ament_cmake_args' from command line to 'None'
[0.598s] Level 5:colcon.colcon_core.verb:set package 'floor_nav' build argument 'catkin_cmake_args' from command line to 'None'
[0.598s] Level 5:colcon.colcon_core.verb:set package 'floor_nav' build argument 'catkin_skip_building_tests' from command line to 'False'
[0.599s] DEBUG:colcon.colcon_core.verb:Building package 'floor_nav' with the following arguments: {'ament_cmake_args': None, 'build_base': '/home/GTL/asacks/ros_workspace/build/floor_nav', 'catkin_cmake_args': None, 'catkin_skip_building_tests': False, 'cmake_args': None, 'cmake_clean_cache': False, 'cmake_clean_first': False, 'cmake_force_configure': False, 'cmake_target': None, 'cmake_target_skip_unavailable': False, 'install_base': '/home/GTL/asacks/ros_workspace/install/floor_nav', 'merge_install': False, 'path': '/home/GTL/asacks/ros_workspace/src/floor_nav', 'symlink_install': True, 'test_result_base': None}
[0.599s] INFO:colcon.colcon_core.executor:Executing jobs using 'parallel' executor
[0.600s] DEBUG:colcon.colcon_parallel_executor.executor.parallel:run_until_complete
[0.600s] INFO:colcon.colcon_ros.task.ament_cmake.build:Building ROS package in '/home/GTL/asacks/ros_workspace/src/cylinder_detector' with build type 'ament_cmake'
[0.601s] INFO:colcon.colcon_cmake.task.cmake.build:Building CMake package in '/home/GTL/asacks/ros_workspace/src/cylinder_detector'
[0.603s] INFO:colcon.colcon_core.plugin_system:Skipping extension 'colcon_core.shell.bat': Not used on non-Windows systems
[0.603s] INFO:colcon.colcon_core.shell:Skip shell extension 'powershell' for command environment: Not usable outside of PowerShell
[0.604s] DEBUG:colcon.colcon_core.shell:Skip shell extension 'dsv' for command environment
[0.620s] INFO:colcon.colcon_ros.task.ament_cmake.build:Building ROS package in '/home/GTL/asacks/ros_workspace/src/floor_plane_mapping' with build type 'ament_cmake'
[0.620s] INFO:colcon.colcon_cmake.task.cmake.build:Building CMake package in '/home/GTL/asacks/ros_workspace/src/floor_plane_mapping'
[0.620s] INFO:colcon.colcon_core.shell:Skip shell extension 'powershell' for command environment: Not usable outside of PowerShell
[0.620s] DEBUG:colcon.colcon_core.shell:Skip shell extension 'dsv' for command environment
[0.633s] INFO:colcon.colcon_ros.task.ament_cmake.build:Building ROS package in '/home/GTL/asacks/ros_workspace/src/floor_nav' with build type 'ament_cmake'
[0.633s] INFO:colcon.colcon_cmake.task.cmake.build:Building CMake package in '/home/GTL/asacks/ros_workspace/src/floor_nav'
[0.634s] INFO:colcon.colcon_core.shell:Skip shell extension 'powershell' for command environment: Not usable outside of PowerShell
[0.634s] DEBUG:colcon.colcon_core.shell:Skip shell extension 'dsv' for command environment
[0.662s] DEBUG:colcon.colcon_core.event_handler.log_command:Invoking command in '/home/GTL/asacks/ros_workspace/build/cylinder_detector': CMAKE_PREFIX_PATH=${CMAKE_PREFIX_PATH}:/home/GTL/asacks/ros_workspace/install/vrep_ros_teleop:/home/GTL/asacks/ros_workspace/install/task_manager_client_py:/home/GTL/asacks/ros_workspace/install/model_prediction:/home/GTL/asacks/ros_workspace/install/joy_teleop:/home/GTL/asacks/ros_workspace/install/floor_graph:/opt/ros/kilted DEBUGINFOD_URLS=https://debuginfod.ubuntu.com /usr/bin/cmake /home/GTL/asacks/ros_workspace/src/cylinder_detector -DAMENT_CMAKE_SYMLINK_INSTALL=1 -DCMAKE_INSTALL_PREFIX=/home/GTL/asacks/ros_workspace/install/cylinder_detector
[0.670s] DEBUG:colcon.colcon_core.event_handler.log_command:Invoking command in '/home/GTL/asacks/ros_workspace/build/floor_plane_mapping': CMAKE_PREFIX_PATH=${CMAKE_PREFIX_PATH}:/home/GTL/asacks/ros_workspace/install/vrep_ros_teleop:/home/GTL/asacks/ros_workspace/install/task_manager_client_py:/home/GTL/asacks/ros_workspace/install/model_prediction:/home/GTL/asacks/ros_workspace/install/joy_teleop:/home/GTL/asacks/ros_workspace/install/floor_graph:/opt/ros/kilted DEBUGINFOD_URLS=https://debuginfod.ubuntu.com /usr/bin/cmake /home/GTL/asacks/ros_workspace/src/floor_plane_mapping -DAMENT_CMAKE_SYMLINK_INSTALL=1 -DCMAKE_INSTALL_PREFIX=/home/GTL/asacks/ros_workspace/install/floor_plane_mapping
[0.714s] DEBUG:colcon.colcon_core.event_handler.log_command:Invoking command in '/home/GTL/asacks/ros_workspace/build/floor_nav': CMAKE_PREFIX_PATH=/home/GTL/asacks/ros_workspace/install/task_manager_nav2:/home/GTL/asacks/ros_workspace/install/task_manager_lib:/home/GTL/asacks/ros_workspace/install/nav2_msgs:/home/GTL/asacks/ros_workspace/install/task_manager_msgs:/home/GTL/asacks/ros_workspace/install/nav2_common:/home/GTL/asacks/ros_workspace/install/cs7630_msgs:/home/GTL/asacks/ros_workspace/install/vrep4_helpers:/home/GTL/asacks/ros_workspace/install/floor_nav:/home/GTL/asacks/ros_workspace/install/floor_plane_regression_base:/home/GTL/asacks/ros_workspace/install/floor_plane_ransac_base:/home/GTL/asacks/ros_workspace/install/floor_plane_hough_base:/opt/ros/kilted/opt/gz_sim_vendor:/opt/ros/kilted/opt/gz_sensors_vendor:/opt/ros/kilted/opt/gz_physics_vendor:/opt/ros/kilted/opt/sdformat_vendor:/opt/ros/kilted/opt/gz_gui_vendor:/opt/ros/kilted/opt/gz_transport_vendor:/opt/ros/kilted/opt/gz_rendering_vendor:/opt/ros/kilted/opt/gz_plugin_vendor:/opt/ros/kilted/opt/gz_fuel_tools_vendor:/opt/ros/kilted/opt/gz_msgs_vendor:/opt/ros/kilted/opt/gz_common_vendor:/opt/ros/kilted/opt/gz_math_vendor:/opt/ros/kilted/opt/gz_utils_vendor:/opt/ros/kilted/opt/gz_tools_vendor:/opt/ros/kilted/opt/gz_ogre_next_vendor:/opt/ros/kilted/opt/gz_dartsim_vendor:/opt/ros/kilted/opt/gz_cmake_vendor:/home/GTL/asacks/ros_workspace/install/vrep_ros_teleop:/home/GTL/asacks/ros_workspace/install/task_manager_client_py:/home/GTL/asacks/ros_workspace/install/model_prediction:/home/GTL/asacks/ros_workspace/install/joy_teleop:/home/GTL/asacks/ros_workspace/install/floor_graph:/opt/ros/kilted DEBUGINFOD_URLS=https://debuginfod.ubuntu.com LD_LIBRARY_PATH=/home/GTL/asacks/ros_workspace/install/task_manager_lib/lib:/home/GTL/asacks/ros_workspace/install/nav2_msgs/lib:/home/GTL/asacks/ros_workspace/install/task_manager_msgs/lib:/home/GTL/asacks/ros_workspace/install/cs7630_msgs/lib:/opt/ros/kilted/opt/zenoh_cpp_vendor/lib:/opt/ros/kilted/opt/gz_sim_vendor/lib:/opt/ros/kilted/opt/gz_sensors_vendor/lib:/opt/ros/kilted/opt/gz_physics_vendor/lib:/opt/ros/kilted/opt/sdformat_vendor/lib:/opt/ros/kilted/opt/gz_gui_vendor/lib:/opt/ros/kilted/opt/gz_transport_vendor/lib:/opt/ros/kilted/opt/gz_rendering_vendor/lib:/opt/ros/kilted/opt/gz_plugin_vendor/lib:/opt/ros/kilted/opt/gz_fuel_tools_vendor/lib:/opt/ros/kilted/opt/gz_msgs_vendor/lib:/opt/ros/kilted/opt/gz_common_vendor/lib:/opt/ros/kilted/opt/gz_math_vendor/lib:/opt/ros/kilted/opt/gz_utils_vendor/lib:/opt/ros/kilted/opt/rviz_ogre_vendor/lib:/opt/ros/kilted/lib/x86_64-linux-gnu:/opt/ros/kilted/opt/gz_tools_vendor/lib:/opt/ros/kilted/opt/gz_ogre_next_vendor/lib:/opt/ros/kilted/opt/gz_dartsim_vendor/lib:/opt/ros/kilted/opt/gz_cmake_vendor/lib:/opt/ros/kilted/lib PYTHONPATH=/home/GTL/asacks/ros_workspace/install/nav2_msgs/lib/python3.12/site-packages:/home/GTL/asacks/ros_workspace/install/task_manager_msgs/lib/python3.12/site-packages:/home/GTL/asacks/ros_workspace/install/nav2_common/lib/python3.12/site-packages:/home/GTL/asacks/ros_workspace/install/cs7630_msgs/lib/python3.12/site-packages:/home/GTL/asacks/ros_workspace/build/vrep_ros_teleop:/home/GTL/asacks/ros_workspace/install/vrep_ros_teleop/lib/python3.12/site-packages:/home/GTL/asacks/ros_workspace/build/task_manager_client_py:/home/GTL/asacks/ros_workspace/install/task_manager_client_py/lib/python3.12/site-packages:/home/GTL/asacks/ros_workspace/build/model_prediction:/home/GTL/asacks/ros_workspace/install/model_prediction/lib/python3.12/site-packages:/home/GTL/asacks/ros_workspace/build/joy_teleop:/home/GTL/asacks/ros_workspace/install/joy_teleop/lib/python3.12/site-packages:/home/GTL/asacks/ros_workspace/build/floor_graph:/home/GTL/asacks/ros_workspace/install/floor_graph/lib/python3.12/site-packages:/opt/ros/kilted/lib/python3.12/site-packages /usr/bin/cmake --build /home/GTL/asacks/ros_workspace/build/floor_nav -- -j16 -l16
[10.569s] DEBUG:colcon.colcon_core.event_handler.log_command:Invoked command in '/home/GTL/asacks/ros_workspace/build/floor_plane_mapping' returned '0': CMAKE_PREFIX_PATH=${CMAKE_PREFIX_PATH}:/home/GTL/asacks/ros_workspace/install/vrep_ros_teleop:/home/GTL/asacks/ros_workspace/install/task_manager_client_py:/home/GTL/asacks/ros_workspace/install/model_prediction:/home/GTL/asacks/ros_workspace/install/joy_teleop:/home/GTL/asacks/ros_workspace/install/floor_graph:/opt/ros/kilted DEBUGINFOD_URLS=https://debuginfod.ubuntu.com /usr/bin/cmake /home/GTL/asacks/ros_workspace/src/floor_plane_mapping -DAMENT_CMAKE_SYMLINK_INSTALL=1 -DCMAKE_INSTALL_PREFIX=/home/GTL/asacks/ros_workspace/install/floor_plane_mapping
[10.571s] DEBUG:colcon.colcon_core.event_handler.log_command:Invoking command in '/home/GTL/asacks/ros_workspace/build/floor_plane_mapping': CMAKE_PREFIX_PATH=${CMAKE_PREFIX_PATH}:/home/GTL/asacks/ros_workspace/install/vrep_ros_teleop:/home/GTL/asacks/ros_workspace/install/task_manager_client_py:/home/GTL/asacks/ros_workspace/install/model_prediction:/home/GTL/asacks/ros_workspace/install/joy_teleop:/home/GTL/asacks/ros_workspace/install/floor_graph:/opt/ros/kilted DEBUGINFOD_URLS=https://debuginfod.ubuntu.com /usr/bin/cmake --build /home/GTL/asacks/ros_workspace/build/floor_plane_mapping -- -j16 -l16
[10.573s] DEBUG:colcon.colcon_core.event_handler.log_command:Invoked command in '/home/GTL/asacks/ros_workspace/build/cylinder_detector' returned '0': CMAKE_PREFIX_PATH=${CMAKE_PREFIX_PATH}:/home/GTL/asacks/ros_workspace/install/vrep_ros_teleop:/home/GTL/asacks/ros_workspace/install/task_manager_client_py:/home/GTL/asacks/ros_workspace/install/model_prediction:/home/GTL/asacks/ros_workspace/install/joy_teleop:/home/GTL/asacks/ros_workspace/install/floor_graph:/opt/ros/kilted DEBUGINFOD_URLS=https://debuginfod.ubuntu.com /usr/bin/cmake /home/GTL/asacks/ros_workspace/src/cylinder_detector -DAMENT_CMAKE_SYMLINK_INSTALL=1 -DCMAKE_INSTALL_PREFIX=/home/GTL/asacks/ros_workspace/install/cylinder_detector
[10.574s] DEBUG:colcon.colcon_core.event_handler.log_command:Invoking command in '/home/GTL/asacks/ros_workspace/build/cylinder_detector': CMAKE_PREFIX_PATH=${CMAKE_PREFIX_PATH}:/home/GTL/asacks/ros_workspace/install/vrep_ros_teleop:/home/GTL/asacks/ros_workspace/install/task_manager_client_py:/home/GTL/asacks/ros_workspace/install/model_prediction:/home/GTL/asacks/ros_workspace/install/joy_teleop:/home/GTL/asacks/ros_workspace/install/floor_graph:/opt/ros/kilted DEBUGINFOD_URLS=https://debuginfod.ubuntu.com /usr/bin/cmake --build /home/GTL/asacks/ros_workspace/build/cylinder_detector -- -j16 -l16
[26.297s] DEBUG:colcon.colcon_core.event_handler.log_command:Invoked command in '/home/GTL/asacks/ros_workspace/build/floor_plane_mapping' returned '0': CMAKE_PREFIX_PATH=${CMAKE_PREFIX_PATH}:/home/GTL/asacks/ros_workspace/install/vrep_ros_teleop:/home/GTL/asacks/ros_workspace/install/task_manager_client_py:/home/GTL/asacks/ros_workspace/install/model_prediction:/home/GTL/asacks/ros_workspace/install/joy_teleop:/home/GTL/asacks/ros_workspace/install/floor_graph:/opt/ros/kilted DEBUGINFOD_URLS=https://debuginfod.ubuntu.com /usr/bin/cmake --build /home/GTL/asacks/ros_workspace/build/floor_plane_mapping -- -j16 -l16
[26.308s] DEBUG:colcon.colcon_core.event_handler.log_command:Invoking command in '/home/GTL/asacks/ros_workspace/build/floor_plane_mapping': CMAKE_PREFIX_PATH=${CMAKE_PREFIX_PATH}:/home/GTL/asacks/ros_workspace/install/vrep_ros_teleop:/home/GTL/asacks/ros_workspace/install/task_manager_client_py:/home/GTL/asacks/ros_workspace/install/model_prediction:/home/GTL/asacks/ros_workspace/install/joy_teleop:/home/GTL/asacks/ros_workspace/install/floor_graph:/opt/ros/kilted DEBUGINFOD_URLS=https://debuginfod.ubuntu.com /usr/bin/cmake --install /home/GTL/asacks/ros_workspace/build/floor_plane_mapping
[26.530s] Level 1:colcon.colcon_core.environment:create_environment_scripts_only(floor_plane_mapping)
[26.531s] DEBUG:colcon.colcon_core.event_handler.log_command:Invoked command in '/home/GTL/asacks/ros_workspace/build/floor_plane_mapping' returned '0': CMAKE_PREFIX_PATH=${CMAKE_PREFIX_PATH}:/home/GTL/asacks/ros_workspace/install/vrep_ros_teleop:/home/GTL/asacks/ros_workspace/install/task_manager_client_py:/home/GTL/asacks/ros_workspace/install/model_prediction:/home/GTL/asacks/ros_workspace/install/joy_teleop:/home/GTL/asacks/ros_workspace/install/floor_graph:/opt/ros/kilted DEBUGINFOD_URLS=https://debuginfod.ubuntu.com /usr/bin/cmake --install /home/GTL/asacks/ros_workspace/build/floor_plane_mapping
[26.534s] Level 1:colcon.colcon_core.environment:checking '/home/GTL/asacks/ros_workspace/install/floor_plane_mapping' for CMake module files
[26.539s] Level 1:colcon.colcon_core.environment:checking '/home/GTL/asacks/ros_workspace/install/floor_plane_mapping' for CMake config files
[26.543s] Level 1:colcon.colcon_core.shell:create_environment_hook('floor_plane_mapping', 'cmake_prefix_path')
[26.543s] INFO:colcon.colcon_core.shell:Creating environment hook '/home/GTL/asacks/ros_workspace/install/floor_plane_mapping/share/floor_plane_mapping/hook/cmake_prefix_path.ps1'
[26.546s] INFO:colcon.colcon_core.shell:Creating environment descriptor '/home/GTL/asacks/ros_workspace/install/floor_plane_mapping/share/floor_plane_mapping/hook/cmake_prefix_path.dsv'
[26.548s] INFO:colcon.colcon_core.shell:Creating environment hook '/home/GTL/asacks/ros_workspace/install/floor_plane_mapping/share/floor_plane_mapping/hook/cmake_prefix_path.sh'
[26.550s] Level 1:colcon.colcon_core.environment:checking '/home/GTL/asacks/ros_workspace/install/floor_plane_mapping/lib'
[26.551s] Level 1:colcon.colcon_core.environment:checking '/home/GTL/asacks/ros_workspace/install/floor_plane_mapping/bin'
[26.551s] Level 1:colcon.colcon_core.environment:checking '/home/GTL/asacks/ros_workspace/install/floor_plane_mapping/lib/pkgconfig/floor_plane_mapping.pc'
[26.552s] Level 1:colcon.colcon_core.environment:checking '/home/GTL/asacks/ros_workspace/install/floor_plane_mapping/lib/python3.12/site-packages'
[26.552s] Level 1:colcon.colcon_core.environment:checking '/home/GTL/asacks/ros_workspace/install/floor_plane_mapping/bin'
[26.553s] INFO:colcon.colcon_core.shell:Creating package script '/home/GTL/asacks/ros_workspace/install/floor_plane_mapping/share/floor_plane_mapping/package.ps1'
[26.555s] INFO:colcon.colcon_core.shell:Creating package descriptor '/home/GTL/asacks/ros_workspace/install/floor_plane_mapping/share/floor_plane_mapping/package.dsv'
[26.557s] INFO:colcon.colcon_core.shell:Creating package script '/home/GTL/asacks/ros_workspace/install/floor_plane_mapping/share/floor_plane_mapping/package.sh'
[26.559s] INFO:colcon.colcon_core.shell:Creating package script '/home/GTL/asacks/ros_workspace/install/floor_plane_mapping/share/floor_plane_mapping/package.bash'
[26.562s] INFO:colcon.colcon_core.shell:Creating package script '/home/GTL/asacks/ros_workspace/install/floor_plane_mapping/share/floor_plane_mapping/package.zsh'
[26.563s] Level 1:colcon.colcon_core.environment:create_file_with_runtime_dependencies(/home/GTL/asacks/ros_workspace/install/floor_plane_mapping/share/colcon-core/packages/floor_plane_mapping)
[26.582s] Level 1:colcon.colcon_core.environment:create_environment_scripts_only(floor_plane_mapping)
[26.582s] Level 1:colcon.colcon_core.environment:checking '/home/GTL/asacks/ros_workspace/install/floor_plane_mapping' for CMake module files
[26.584s] Level 1:colcon.colcon_core.environment:checking '/home/GTL/asacks/ros_workspace/install/floor_plane_mapping' for CMake config files
[26.587s] Level 1:colcon.colcon_core.shell:create_environment_hook('floor_plane_mapping', 'cmake_prefix_path')
[26.587s] INFO:colcon.colcon_core.shell:Creating environment hook '/home/GTL/asacks/ros_workspace/install/floor_plane_mapping/share/floor_plane_mapping/hook/cmake_prefix_path.ps1'
[26.589s] INFO:colcon.colcon_core.shell:Creating environment descriptor '/home/GTL/asacks/ros_workspace/install/floor_plane_mapping/share/floor_plane_mapping/hook/cmake_prefix_path.dsv'
[26.591s] INFO:colcon.colcon_core.shell:Creating environment hook '/home/GTL/asacks/ros_workspace/install/floor_plane_mapping/share/floor_plane_mapping/hook/cmake_prefix_path.sh'
[26.593s] Level 1:colcon.colcon_core.environment:checking '/home/GTL/asacks/ros_workspace/install/floor_plane_mapping/lib'
[26.593s] Level 1:colcon.colcon_core.environment:checking '/home/GTL/asacks/ros_workspace/install/floor_plane_mapping/bin'
[26.593s] Level 1:colcon.colcon_core.environment:checking '/home/GTL/asacks/ros_workspace/install/floor_plane_mapping/lib/pkgconfig/floor_plane_mapping.pc'
[26.594s] Level 1:colcon.colcon_core.environment:checking '/home/GTL/asacks/ros_workspace/install/floor_plane_mapping/lib/python3.12/site-packages'
[26.594s] Level 1:colcon.colcon_core.environment:checking '/home/GTL/asacks/ros_workspace/install/floor_plane_mapping/bin'
[26.594s] INFO:colcon.colcon_core.shell:Creating package script '/home/GTL/asacks/ros_workspace/install/floor_plane_mapping/share/floor_plane_mapping/package.ps1'
[26.597s] INFO:colcon.colcon_core.shell:Creating package descriptor '/home/GTL/asacks/ros_workspace/install/floor_plane_mapping/share/floor_plane_mapping/package.dsv'
[26.598s] INFO:colcon.colcon_core.shell:Creating package script '/home/GTL/asacks/ros_workspace/install/floor_plane_mapping/share/floor_plane_mapping/package.sh'
[26.600s] INFO:colcon.colcon_core.shell:Creating package script '/home/GTL/asacks/ros_workspace/install/floor_plane_mapping/share/floor_plane_mapping/package.bash'
[26.602s] INFO:colcon.colcon_core.shell:Creating package script '/home/GTL/asacks/ros_workspace/install/floor_plane_mapping/share/floor_plane_mapping/package.zsh'
[26.604s] Level 1:colcon.colcon_core.environment:create_file_with_runtime_dependencies(/home/GTL/asacks/ros_workspace/install/floor_plane_mapping/share/colcon-core/packages/floor_plane_mapping)
[29.224s] DEBUG:colcon.colcon_core.event_handler.log_command:Invoked command in '/home/GTL/asacks/ros_workspace/build/cylinder_detector' returned '0': CMAKE_PREFIX_PATH=${CMAKE_PREFIX_PATH}:/home/GTL/asacks/ros_workspace/install/vrep_ros_teleop:/home/GTL/asacks/ros_workspace/install/task_manager_client_py:/home/GTL/asacks/ros_workspace/install/model_prediction:/home/GTL/asacks/ros_workspace/install/joy_teleop:/home/GTL/asacks/ros_workspace/install/floor_graph:/opt/ros/kilted DEBUGINFOD_URLS=https://debuginfod.ubuntu.com /usr/bin/cmake --build /home/GTL/asacks/ros_workspace/build/cylinder_detector -- -j16 -l16
[29.226s] DEBUG:colcon.colcon_core.event_handler.log_command:Invoking command in '/home/GTL/asacks/ros_workspace/build/cylinder_detector': CMAKE_PREFIX_PATH=${CMAKE_PREFIX_PATH}:/home/GTL/asacks/ros_workspace/install/vrep_ros_teleop:/home/GTL/asacks/ros_workspace/install/task_manager_client_py:/home/GTL/asacks/ros_workspace/install/model_prediction:/home/GTL/asacks/ros_workspace/install/joy_teleop:/home/GTL/asacks/ros_workspace/install/floor_graph:/opt/ros/kilted DEBUGINFOD_URLS=https://debuginfod.ubuntu.com /usr/bin/cmake --install /home/GTL/asacks/ros_workspace/build/cylinder_detector
[29.423s] Level 1:colcon.colcon_core.environment:create_environment_scripts_only(cylinder_detector)
[29.423s] Level 1:colcon.colcon_core.environment:checking '/home/GTL/asacks/ros_workspace/install/cylinder_detector' for CMake module files
[29.424s] DEBUG:colcon.colcon_core.event_handler.log_command:Invoked command in '/home/GTL/asacks/ros_workspace/build/cylinder_detector' returned '0': CMAKE_PREFIX_PATH=${CMAKE_PREFIX_PATH}:/home/GTL/asacks/ros_workspace/install/vrep_ros_teleop:/home/GTL/asacks/ros_workspace/install/task_manager_client_py:/home/GTL/asacks/ros_workspace/install/model_prediction:/home/GTL/asacks/ros_workspace/install/joy_teleop:/home/GTL/asacks/ros_workspace/install/floor_graph:/opt/ros/kilted DEBUGINFOD_URLS=https://debuginfod.ubuntu.com /usr/bin/cmake --install /home/GTL/asacks/ros_workspace/build/cylinder_detector
[29.427s] Level 1:colcon.colcon_core.environment:checking '/home/GTL/asacks/ros_workspace/install/cylinder_detector' for CMake config files
[29.429s] Level 1:colcon.colcon_core.shell:create_environment_hook('cylinder_detector', 'cmake_prefix_path')
[29.429s] INFO:colcon.colcon_core.shell:Creating environment hook '/home/GTL/asacks/ros_workspace/install/cylinder_detector/share/cylinder_detector/hook/cmake_prefix_path.ps1'
[29.432s] INFO:colcon.colcon_core.shell:Creating environment descriptor '/home/GTL/asacks/ros_workspace/install/cylinder_detector/share/cylinder_detector/hook/cmake_prefix_path.dsv'
[29.433s] INFO:colcon.colcon_core.shell:Creating environment hook '/home/GTL/asacks/ros_workspace/install/cylinder_detector/share/cylinder_detector/hook/cmake_prefix_path.sh'
[29.436s] Level 1:colcon.colcon_core.environment:checking '/home/GTL/asacks/ros_workspace/install/cylinder_detector/lib'
[29.436s] Level 1:colcon.colcon_core.environment:checking '/home/GTL/asacks/ros_workspace/install/cylinder_detector/bin'
[29.436s] Level 1:colcon.colcon_core.environment:checking '/home/GTL/asacks/ros_workspace/install/cylinder_detector/lib/pkgconfig/cylinder_detector.pc'
[29.437s] Level 1:colcon.colcon_core.environment:checking '/home/GTL/asacks/ros_workspace/install/cylinder_detector/lib/python3.12/site-packages'
[29.437s] Level 1:colcon.colcon_core.environment:checking '/home/GTL/asacks/ros_workspace/install/cylinder_detector/bin'
[29.438s] INFO:colcon.colcon_core.shell:Creating package script '/home/GTL/asacks/ros_workspace/install/cylinder_detector/share/cylinder_detector/package.ps1'
[29.440s] INFO:colcon.colcon_core.shell:Creating package descriptor '/home/GTL/asacks/ros_workspace/install/cylinder_detector/share/cylinder_detector/package.dsv'
[29.441s] INFO:colcon.colcon_core.shell:Creating package script '/home/GTL/asacks/ros_workspace/install/cylinder_detector/share/cylinder_detector/package.sh'
[29.442s] INFO:colcon.colcon_core.shell:Creating package script '/home/GTL/asacks/ros_workspace/install/cylinder_detector/share/cylinder_detector/package.bash'
[29.444s] INFO:colcon.colcon_core.shell:Creating package script '/home/GTL/asacks/ros_workspace/install/cylinder_detector/share/cylinder_detector/package.zsh'
[29.446s] Level 1:colcon.colcon_core.environment:create_file_with_runtime_dependencies(/home/GTL/asacks/ros_workspace/install/cylinder_detector/share/colcon-core/packages/cylinder_detector)
[29.450s] Level 1:colcon.colcon_core.environment:create_environment_scripts_only(cylinder_detector)
[29.450s] Level 1:colcon.colcon_core.environment:checking '/home/GTL/asacks/ros_workspace/install/cylinder_detector' for CMake module files
[29.452s] Level 1:colcon.colcon_core.environment:checking '/home/GTL/asacks/ros_workspace/install/cylinder_detector' for CMake config files
[29.455s] Level 1:colcon.colcon_core.shell:create_environment_hook('cylinder_detector', 'cmake_prefix_path')
[29.455s] INFO:colcon.colcon_core.shell:Creating environment hook '/home/GTL/asacks/ros_workspace/install/cylinder_detector/share/cylinder_detector/hook/cmake_prefix_path.ps1'
[29.458s] INFO:colcon.colcon_core.shell:Creating environment descriptor '/home/GTL/asacks/ros_workspace/install/cylinder_detector/share/cylinder_detector/hook/cmake_prefix_path.dsv'
[29.459s] INFO:colcon.colcon_core.shell:Creating environment hook '/home/GTL/asacks/ros_workspace/install/cylinder_detector/share/cylinder_detector/hook/cmake_prefix_path.sh'
[29.461s] Level 1:colcon.colcon_core.environment:checking '/home/GTL/asacks/ros_workspace/install/cylinder_detector/lib'
[29.462s] Level 1:colcon.colcon_core.environment:checking '/home/GTL/asacks/ros_workspace/install/cylinder_detector/bin'
[29.462s] Level 1:colcon.colcon_core.environment:checking '/home/GTL/asacks/ros_workspace/install/cylinder_detector/lib/pkgconfig/cylinder_detector.pc'
[29.462s] Level 1:colcon.colcon_core.environment:checking '/home/GTL/asacks/ros_workspace/install/cylinder_detector/lib/python3.12/site-packages'
[29.463s] Level 1:colcon.colcon_core.environment:checking '/home/GTL/asacks/ros_workspace/install/cylinder_detector/bin'
[29.463s] INFO:colcon.colcon_core.shell:Creating package script '/home/GTL/asacks/ros_workspace/install/cylinder_detector/share/cylinder_detector/package.ps1'
[29.465s] INFO:colcon.colcon_core.shell:Creating package descriptor '/home/GTL/asacks/ros_workspace/install/cylinder_detector/share/cylinder_detector/package.dsv'
[29.466s] INFO:colcon.colcon_core.shell:Creating package script '/home/GTL/asacks/ros_workspace/install/cylinder_detector/share/cylinder_detector/package.sh'
[29.468s] INFO:colcon.colcon_core.shell:Creating package script '/home/GTL/asacks/ros_workspace/install/cylinder_detector/share/cylinder_detector/package.bash'
[29.469s] INFO:colcon.colcon_core.shell:Creating package script '/home/GTL/asacks/ros_workspace/install/cylinder_detector/share/cylinder_detector/package.zsh'
[29.471s] Level 1:colcon.colcon_core.environment:create_file_with_runtime_dependencies(/home/GTL/asacks/ros_workspace/install/cylinder_detector/share/colcon-core/packages/cylinder_detector)
[34.414s] DEBUG:colcon.colcon_core.event_handler.log_command:Invoked command in '/home/GTL/asacks/ros_workspace/build/floor_nav' returned '0': CMAKE_PREFIX_PATH=/home/GTL/asacks/ros_workspace/install/task_manager_nav2:/home/GTL/asacks/ros_workspace/install/task_manager_lib:/home/GTL/asacks/ros_workspace/install/nav2_msgs:/home/GTL/asacks/ros_workspace/install/task_manager_msgs:/home/GTL/asacks/ros_workspace/install/nav2_common:/home/GTL/asacks/ros_workspace/install/cs7630_msgs:/home/GTL/asacks/ros_workspace/install/vrep4_helpers:/home/GTL/asacks/ros_workspace/install/floor_nav:/home/GTL/asacks/ros_workspace/install/floor_plane_regression_base:/home/GTL/asacks/ros_workspace/install/floor_plane_ransac_base:/home/GTL/asacks/ros_workspace/install/floor_plane_hough_base:/opt/ros/kilted/opt/gz_sim_vendor:/opt/ros/kilted/opt/gz_sensors_vendor:/opt/ros/kilted/opt/gz_physics_vendor:/opt/ros/kilted/opt/sdformat_vendor:/opt/ros/kilted/opt/gz_gui_vendor:/opt/ros/kilted/opt/gz_transport_vendor:/opt/ros/kilted/opt/gz_rendering_vendor:/opt/ros/kilted/opt/gz_plugin_vendor:/opt/ros/kilted/opt/gz_fuel_tools_vendor:/opt/ros/kilted/opt/gz_msgs_vendor:/opt/ros/kilted/opt/gz_common_vendor:/opt/ros/kilted/opt/gz_math_vendor:/opt/ros/kilted/opt/gz_utils_vendor:/opt/ros/kilted/opt/gz_tools_vendor:/opt/ros/kilted/opt/gz_ogre_next_vendor:/opt/ros/kilted/opt/gz_dartsim_vendor:/opt/ros/kilted/opt/gz_cmake_vendor:/home/GTL/asacks/ros_workspace/install/vrep_ros_teleop:/home/GTL/asacks/ros_workspace/install/task_manager_client_py:/home/GTL/asacks/ros_workspace/install/model_prediction:/home/GTL/asacks/ros_workspace/install/joy_teleop:/home/GTL/asacks/ros_workspace/install/floor_graph:/opt/ros/kilted DEBUGINFOD_URLS=https://debuginfod.ubuntu.com LD_LIBRARY_PATH=/home/GTL/asacks/ros_workspace/install/task_manager_lib/lib:/home/GTL/asacks/ros_workspace/install/nav2_msgs/lib:/home/GTL/asacks/ros_workspace/install/task_manager_msgs/lib:/home/GTL/asacks/ros_workspace/install/cs7630_msgs/lib:/opt/ros/kilted/opt/zenoh_cpp_vendor/lib:/opt/ros/kilted/opt/gz_sim_vendor/lib:/opt/ros/kilted/opt/gz_sensors_vendor/lib:/opt/ros/kilted/opt/gz_physics_vendor/lib:/opt/ros/kilted/opt/sdformat_vendor/lib:/opt/ros/kilted/opt/gz_gui_vendor/lib:/opt/ros/kilted/opt/gz_transport_vendor/lib:/opt/ros/kilted/opt/gz_rendering_vendor/lib:/opt/ros/kilted/opt/gz_plugin_vendor/lib:/opt/ros/kilted/opt/gz_fuel_tools_vendor/lib:/opt/ros/kilted/opt/gz_msgs_vendor/lib:/opt/ros/kilted/opt/gz_common_vendor/lib:/opt/ros/kilted/opt/gz_math_vendor/lib:/opt/ros/kilted/opt/gz_utils_vendor/lib:/opt/ros/kilted/opt/rviz_ogre_vendor/lib:/opt/ros/kilted/lib/x86_64-linux-gnu:/opt/ros/kilted/opt/gz_tools_vendor/lib:/opt/ros/kilted/opt/gz_ogre_next_vendor/lib:/opt/ros/kilted/opt/gz_dartsim_vendor/lib:/opt/ros/kilted/opt/gz_cmake_vendor/lib:/opt/ros/kilted/lib PYTHONPATH=/home/GTL/asacks/ros_workspace/install/nav2_msgs/lib/python3.12/site-packages:/home/GTL/asacks/ros_workspace/install/task_manager_msgs/lib/python3.12/site-packages:/home/GTL/asacks/ros_workspace/install/nav2_common/lib/python3.12/site-packages:/home/GTL/asacks/ros_workspace/install/cs7630_msgs/lib/python3.12/site-packages:/home/GTL/asacks/ros_workspace/build/vrep_ros_teleop:/home/GTL/asacks/ros_workspace/install/vrep_ros_teleop/lib/python3.12/site-packages:/home/GTL/asacks/ros_workspace/build/task_manager_client_py:/home/GTL/asacks/ros_workspace/install/task_manager_client_py/lib/python3.12/site-packages:/home/GTL/asacks/ros_workspace/build/model_prediction:/home/GTL/asacks/ros_workspace/install/model_prediction/lib/python3.12/site-packages:/home/GTL/asacks/ros_workspace/build/joy_teleop:/home/GTL/asacks/ros_workspace/install/joy_teleop/lib/python3.12/site-packages:/home/GTL/asacks/ros_workspace/build/floor_graph:/home/GTL/asacks/ros_workspace/install/floor_graph/lib/python3.12/site-packages:/opt/ros/kilted/lib/python3.12/site-packages /usr/bin/cmake --build /home/GTL/asacks/ros_workspace/build/floor_nav -- -j16 -l16
[34.428s] DEBUG:colcon.colcon_core.event_handler.log_command:Invoking command in '/home/GTL/asacks/ros_workspace/build/floor_nav': CMAKE_PREFIX_PATH=/home/GTL/asacks/ros_workspace/install/task_manager_nav2:/home/GTL/asacks/ros_workspace/install/task_manager_lib:/home/GTL/asacks/ros_workspace/install/nav2_msgs:/home/GTL/asacks/ros_workspace/install/task_manager_msgs:/home/GTL/asacks/ros_workspace/install/nav2_common:/home/GTL/asacks/ros_workspace/install/cs7630_msgs:/home/GTL/asacks/ros_workspace/install/vrep4_helpers:/home/GTL/asacks/ros_workspace/install/floor_nav:/home/GTL/asacks/ros_workspace/install/floor_plane_regression_base:/home/GTL/asacks/ros_workspace/install/floor_plane_ransac_base:/home/GTL/asacks/ros_workspace/install/floor_plane_hough_base:/opt/ros/kilted/opt/gz_sim_vendor:/opt/ros/kilted/opt/gz_sensors_vendor:/opt/ros/kilted/opt/gz_physics_vendor:/opt/ros/kilted/opt/sdformat_vendor:/opt/ros/kilted/opt/gz_gui_vendor:/opt/ros/kilted/opt/gz_transport_vendor:/opt/ros/kilted/opt/gz_rendering_vendor:/opt/ros/kilted/opt/gz_plugin_vendor:/opt/ros/kilted/opt/gz_fuel_tools_vendor:/opt/ros/kilted/opt/gz_msgs_vendor:/opt/ros/kilted/opt/gz_common_vendor:/opt/ros/kilted/opt/gz_math_vendor:/opt/ros/kilted/opt/gz_utils_vendor:/opt/ros/kilted/opt/gz_tools_vendor:/opt/ros/kilted/opt/gz_ogre_next_vendor:/opt/ros/kilted/opt/gz_dartsim_vendor:/opt/ros/kilted/opt/gz_cmake_vendor:/home/GTL/asacks/ros_workspace/install/vrep_ros_teleop:/home/GTL/asacks/ros_workspace/install/task_manager_client_py:/home/GTL/asacks/ros_workspace/install/model_prediction:/home/GTL/asacks/ros_workspace/install/joy_teleop:/home/GTL/asacks/ros_workspace/install/floor_graph:/opt/ros/kilted DEBUGINFOD_URLS=https://debuginfod.ubuntu.com LD_LIBRARY_PATH=/home/GTL/asacks/ros_workspace/install/task_manager_lib/lib:/home/GTL/asacks/ros_workspace/install/nav2_msgs/lib:/home/GTL/asacks/ros_workspace/install/task_manager_msgs/lib:/home/GTL/asacks/ros_workspace/install/cs7630_msgs/lib:/opt/ros/kilted/opt/zenoh_cpp_vendor/lib:/opt/ros/kilted/opt/gz_sim_vendor/lib:/opt/ros/kilted/opt/gz_sensors_vendor/lib:/opt/ros/kilted/opt/gz_physics_vendor/lib:/opt/ros/kilted/opt/sdformat_vendor/lib:/opt/ros/kilted/opt/gz_gui_vendor/lib:/opt/ros/kilted/opt/gz_transport_vendor/lib:/opt/ros/kilted/opt/gz_rendering_vendor/lib:/opt/ros/kilted/opt/gz_plugin_vendor/lib:/opt/ros/kilted/opt/gz_fuel_tools_vendor/lib:/opt/ros/kilted/opt/gz_msgs_vendor/lib:/opt/ros/kilted/opt/gz_common_vendor/lib:/opt/ros/kilted/opt/gz_math_vendor/lib:/opt/ros/kilted/opt/gz_utils_vendor/lib:/opt/ros/kilted/opt/rviz_ogre_vendor/lib:/opt/ros/kilted/lib/x86_64-linux-gnu:/opt/ros/kilted/opt/gz_tools_vendor/lib:/opt/ros/kilted/opt/gz_ogre_next_vendor/lib:/opt/ros/kilted/opt/gz_dartsim_vendor/lib:/opt/ros/kilted/opt/gz_cmake_vendor/lib:/opt/ros/kilted/lib PYTHONPATH=/home/GTL/asacks/ros_workspace/install/nav2_msgs/lib/python3.12/site-packages:/home/GTL/asacks/ros_workspace/install/task_manager_msgs/lib/python3.12/site-packages:/home/GTL/asacks/ros_workspace/install/nav2_common/lib/python3.12/site-packages:/home/GTL/asacks/ros_workspace/install/cs7630_msgs/lib/python3.12/site-packages:/home/GTL/asacks/ros_workspace/build/vrep_ros_teleop:/home/GTL/asacks/ros_workspace/install/vrep_ros_teleop/lib/python3.12/site-packages:/home/GTL/asacks/ros_workspace/build/task_manager_client_py:/home/GTL/asacks/ros_workspace/install/task_manager_client_py/lib/python3.12/site-packages:/home/GTL/asacks/ros_workspace/build/model_prediction:/home/GTL/asacks/ros_workspace/install/model_prediction/lib/python3.12/site-packages:/home/GTL/asacks/ros_workspace/build/joy_teleop:/home/GTL/asacks/ros_workspace/install/joy_teleop/lib/python3.12/site-packages:/home/GTL/asacks/ros_workspace/build/floor_graph:/home/GTL/asacks/ros_workspace/install/floor_graph/lib/python3.12/site-packages:/opt/ros/kilted/lib/python3.12/site-packages /usr/bin/cmake --install /home/GTL/asacks/ros_workspace/build/floor_nav
[34.491s] Level 1:colcon.colcon_core.environment:create_environment_scripts_only(floor_nav)
[34.491s] Level 1:colcon.colcon_core.environment:checking '/home/GTL/asacks/ros_workspace/install/floor_nav' for CMake module files
[34.491s] DEBUG:colcon.colcon_core.event_handler.log_command:Invoked command in '/home/GTL/asacks/ros_workspace/build/floor_nav' returned '0': CMAKE_PREFIX_PATH=/home/GTL/asacks/ros_workspace/install/task_manager_nav2:/home/GTL/asacks/ros_workspace/install/task_manager_lib:/home/GTL/asacks/ros_workspace/install/nav2_msgs:/home/GTL/asacks/ros_workspace/install/task_manager_msgs:/home/GTL/asacks/ros_workspace/install/nav2_common:/home/GTL/asacks/ros_workspace/install/cs7630_msgs:/home/GTL/asacks/ros_workspace/install/vrep4_helpers:/home/GTL/asacks/ros_workspace/install/floor_nav:/home/GTL/asacks/ros_workspace/install/floor_plane_regression_base:/home/GTL/asacks/ros_workspace/install/floor_plane_ransac_base:/home/GTL/asacks/ros_workspace/install/floor_plane_hough_base:/opt/ros/kilted/opt/gz_sim_vendor:/opt/ros/kilted/opt/gz_sensors_vendor:/opt/ros/kilted/opt/gz_physics_vendor:/opt/ros/kilted/opt/sdformat_vendor:/opt/ros/kilted/opt/gz_gui_vendor:/opt/ros/kilted/opt/gz_transport_vendor:/opt/ros/kilted/opt/gz_rendering_vendor:/opt/ros/kilted/opt/gz_plugin_vendor:/opt/ros/kilted/opt/gz_fuel_tools_vendor:/opt/ros/kilted/opt/gz_msgs_vendor:/opt/ros/kilted/opt/gz_common_vendor:/opt/ros/kilted/opt/gz_math_vendor:/opt/ros/kilted/opt/gz_utils_vendor:/opt/ros/kilted/opt/gz_tools_vendor:/opt/ros/kilted/opt/gz_ogre_next_vendor:/opt/ros/kilted/opt/gz_dartsim_vendor:/opt/ros/kilted/opt/gz_cmake_vendor:/home/GTL/asacks/ros_workspace/install/vrep_ros_teleop:/home/GTL/asacks/ros_workspace/install/task_manager_client_py:/home/GTL/asacks/ros_workspace/install/model_prediction:/home/GTL/asacks/ros_workspace/install/joy_teleop:/home/GTL/asacks/ros_workspace/install/floor_graph:/opt/ros/kilted DEBUGINFOD_URLS=https://debuginfod.ubuntu.com LD_LIBRARY_PATH=/home/GTL/asacks/ros_workspace/install/task_manager_lib/lib:/home/GTL/asacks/ros_workspace/install/nav2_msgs/lib:/home/GTL/asacks/ros_workspace/install/task_manager_msgs/lib:/home/GTL/asacks/ros_workspace/install/cs7630_msgs/lib:/opt/ros/kilted/opt/zenoh_cpp_vendor/lib:/opt/ros/kilted/opt/gz_sim_vendor/lib:/opt/ros/kilted/opt/gz_sensors_vendor/lib:/opt/ros/kilted/opt/gz_physics_vendor/lib:/opt/ros/kilted/opt/sdformat_vendor/lib:/opt/ros/kilted/opt/gz_gui_vendor/lib:/opt/ros/kilted/opt/gz_transport_vendor/lib:/opt/ros/kilted/opt/gz_rendering_vendor/lib:/opt/ros/kilted/opt/gz_plugin_vendor/lib:/opt/ros/kilted/opt/gz_fuel_tools_vendor/lib:/opt/ros/kilted/opt/gz_msgs_vendor/lib:/opt/ros/kilted/opt/gz_common_vendor/lib:/opt/ros/kilted/opt/gz_math_vendor/lib:/opt/ros/kilted/opt/gz_utils_vendor/lib:/opt/ros/kilted/opt/rviz_ogre_vendor/lib:/opt/ros/kilted/lib/x86_64-linux-gnu:/opt/ros/kilted/opt/gz_tools_vendor/lib:/opt/ros/kilted/opt/gz_ogre_next_vendor/lib:/opt/ros/kilted/opt/gz_dartsim_vendor/lib:/opt/ros/kilted/opt/gz_cmake_vendor/lib:/opt/ros/kilted/lib PYTHONPATH=/home/GTL/asacks/ros_workspace/install/nav2_msgs/lib/python3.12/site-packages:/home/GTL/asacks/ros_workspace/install/task_manager_msgs/lib/python3.12/site-packages:/home/GTL/asacks/ros_workspace/install/nav2_common/lib/python3.12/site-packages:/home/GTL/asacks/ros_workspace/install/cs7630_msgs/lib/python3.12/site-packages:/home/GTL/asacks/ros_workspace/build/vrep_ros_teleop:/home/GTL/asacks/ros_workspace/install/vrep_ros_teleop/lib/python3.12/site-packages:/home/GTL/asacks/ros_workspace/build/task_manager_client_py:/home/GTL/asacks/ros_workspace/install/task_manager_client_py/lib/python3.12/site-packages:/home/GTL/asacks/ros_workspace/build/model_prediction:/home/GTL/asacks/ros_workspace/install/model_prediction/lib/python3.12/site-packages:/home/GTL/asacks/ros_workspace/build/joy_teleop:/home/GTL/asacks/ros_workspace/install/joy_teleop/lib/python3.12/site-packages:/home/GTL/asacks/ros_workspace/build/floor_graph:/home/GTL/asacks/ros_workspace/install/floor_graph/lib/python3.12/site-packages:/opt/ros/kilted/lib/python3.12/site-packages /usr/bin/cmake --install /home/GTL/asacks/ros_workspace/build/floor_nav
[34.493s] Level 1:colcon.colcon_core.environment:checking '/home/GTL/asacks/ros_workspace/install/floor_nav' for CMake config files
[34.496s] Level 1:colcon.colcon_core.shell:create_environment_hook('floor_nav', 'cmake_prefix_path')
[34.496s] INFO:colcon.colcon_core.shell:Creating environment hook '/home/GTL/asacks/ros_workspace/install/floor_nav/share/floor_nav/hook/cmake_prefix_path.ps1'
[34.498s] INFO:colcon.colcon_core.shell:Creating environment descriptor '/home/GTL/asacks/ros_workspace/install/floor_nav/share/floor_nav/hook/cmake_prefix_path.dsv'
[34.499s] INFO:colcon.colcon_core.shell:Creating environment hook '/home/GTL/asacks/ros_workspace/install/floor_nav/share/floor_nav/hook/cmake_prefix_path.sh'
[34.501s] Level 1:colcon.colcon_core.environment:checking '/home/GTL/asacks/ros_workspace/install/floor_nav/lib'
[34.501s] Level 1:colcon.colcon_core.environment:checking '/home/GTL/asacks/ros_workspace/install/floor_nav/bin'
[34.501s] Level 1:colcon.colcon_core.environment:checking '/home/GTL/asacks/ros_workspace/install/floor_nav/lib/pkgconfig/floor_nav.pc'
[34.502s] Level 1:colcon.colcon_core.environment:checking '/home/GTL/asacks/ros_workspace/install/floor_nav/lib/python3.12/site-packages'
[34.502s] Level 1:colcon.colcon_core.environment:checking '/home/GTL/asacks/ros_workspace/install/floor_nav/bin'
[34.502s] INFO:colcon.colcon_core.shell:Creating package script '/home/GTL/asacks/ros_workspace/install/floor_nav/share/floor_nav/package.ps1'
[34.504s] INFO:colcon.colcon_core.shell:Creating package descriptor '/home/GTL/asacks/ros_workspace/install/floor_nav/share/floor_nav/package.dsv'
[34.506s] INFO:colcon.colcon_core.shell:Creating package script '/home/GTL/asacks/ros_workspace/install/floor_nav/share/floor_nav/package.sh'
[34.507s] INFO:colcon.colcon_core.shell:Creating package script '/home/GTL/asacks/ros_workspace/install/floor_nav/share/floor_nav/package.bash'
[34.508s] INFO:colcon.colcon_core.shell:Creating package script '/home/GTL/asacks/ros_workspace/install/floor_nav/share/floor_nav/package.zsh'
[34.509s] Level 1:colcon.colcon_core.environment:create_file_with_runtime_dependencies(/home/GTL/asacks/ros_workspace/install/floor_nav/share/colcon-core/packages/floor_nav)
[34.512s] Level 1:colcon.colcon_core.environment:create_environment_scripts_only(floor_nav)
[34.512s] Level 1:colcon.colcon_core.environment:checking '/home/GTL/asacks/ros_workspace/install/floor_nav' for CMake module files
[34.514s] Level 1:colcon.colcon_core.environment:checking '/home/GTL/asacks/ros_workspace/install/floor_nav' for CMake config files
[34.516s] Level 1:colcon.colcon_core.shell:create_environment_hook('floor_nav', 'cmake_prefix_path')
[34.516s] INFO:colcon.colcon_core.shell:Creating environment hook '/home/GTL/asacks/ros_workspace/install/floor_nav/share/floor_nav/hook/cmake_prefix_path.ps1'
[34.518s] INFO:colcon.colcon_core.shell:Creating environment descriptor '/home/GTL/asacks/ros_workspace/install/floor_nav/share/floor_nav/hook/cmake_prefix_path.dsv'
[34.519s] INFO:colcon.colcon_core.shell:Creating environment hook '/home/GTL/asacks/ros_workspace/install/floor_nav/share/floor_nav/hook/cmake_prefix_path.sh'
[34.520s] Level 1:colcon.colcon_core.environment:checking '/home/GTL/asacks/ros_workspace/install/floor_nav/lib'
[34.521s] Level 1:colcon.colcon_core.environment:checking '/home/GTL/asacks/ros_workspace/install/floor_nav/bin'
[34.521s] Level 1:colcon.colcon_core.environment:checking '/home/GTL/asacks/ros_workspace/install/floor_nav/lib/pkgconfig/floor_nav.pc'
[34.521s] Level 1:colcon.colcon_core.environment:checking '/home/GTL/asacks/ros_workspace/install/floor_nav/lib/python3.12/site-packages'
[34.522s] Level 1:colcon.colcon_core.environment:checking '/home/GTL/asacks/ros_workspace/install/floor_nav/bin'
[34.522s] INFO:colcon.colcon_core.shell:Creating package script '/home/GTL/asacks/ros_workspace/install/floor_nav/share/floor_nav/package.ps1'
[34.524s] INFO:colcon.colcon_core.shell:Creating package descriptor '/home/GTL/asacks/ros_workspace/install/floor_nav/share/floor_nav/package.dsv'
[34.525s] INFO:colcon.colcon_core.shell:Creating package script '/home/GTL/asacks/ros_workspace/install/floor_nav/share/floor_nav/package.sh'
[34.527s] INFO:colcon.colcon_core.shell:Creating package script '/home/GTL/asacks/ros_workspace/install/floor_nav/share/floor_nav/package.bash'
[34.528s] INFO:colcon.colcon_core.shell:Creating package script '/home/GTL/asacks/ros_workspace/install/floor_nav/share/floor_nav/package.zsh'
[34.529s] Level 1:colcon.colcon_core.environment:create_file_with_runtime_dependencies(/home/GTL/asacks/ros_workspace/install/floor_nav/share/colcon-core/packages/floor_nav)
[34.530s] DEBUG:colcon.colcon_parallel_executor.executor.parallel:closing loop
[34.530s] DEBUG:colcon.colcon_parallel_executor.executor.parallel:loop closed
[34.530s] DEBUG:colcon.colcon_parallel_executor.executor.parallel:run_until_complete finished with '0'
[34.530s] DEBUG:colcon.colcon_core.event_reactor:joining thread
[34.536s] INFO:colcon.colcon_core.plugin_system:Skipping extension 'colcon_notification.desktop_notification.terminal_notifier': Not used on non-Darwin systems
[34.536s] INFO:colcon.colcon_core.plugin_system:Skipping extension 'colcon_notification.desktop_notification.win32': Not used on non-Windows systems
[34.536s] INFO:colcon.colcon_notification.desktop_notification:Sending desktop notification using 'notify2'
[34.546s] DEBUG:colcon.colcon_core.event_reactor:joined thread
[34.546s] INFO:colcon.colcon_core.shell:Creating prefix script '/home/GTL/asacks/ros_workspace/install/local_setup.ps1'
[34.548s] INFO:colcon.colcon_core.shell:Creating prefix util module '/home/GTL/asacks/ros_workspace/install/_local_setup_util_ps1.py'
[34.550s] INFO:colcon.colcon_core.shell:Creating prefix chain script '/home/GTL/asacks/ros_workspace/install/setup.ps1'
[34.561s] INFO:colcon.colcon_core.shell:Creating prefix script '/home/GTL/asacks/ros_workspace/install/local_setup.sh'
[34.562s] INFO:colcon.colcon_core.shell:Creating prefix util module '/home/GTL/asacks/ros_workspace/install/_local_setup_util_sh.py'
[34.564s] INFO:colcon.colcon_core.shell:Creating prefix chain script '/home/GTL/asacks/ros_workspace/install/setup.sh'
[34.573s] INFO:colcon.colcon_core.shell:Creating prefix script '/home/GTL/asacks/ros_workspace/install/local_setup.bash'
[34.574s] INFO:colcon.colcon_core.shell:Creating prefix chain script '/home/GTL/asacks/ros_workspace/install/setup.bash'
[34.583s] INFO:colcon.colcon_core.shell:Creating prefix script '/home/GTL/asacks/ros_workspace/install/local_setup.zsh'
[34.584s] INFO:colcon.colcon_core.shell:Creating prefix chain script '/home/GTL/asacks/ros_workspace/install/setup.zsh'
