[0.119s] DEBUG:colcon:Command line arguments: ['/usr/bin/colcon', 'build', '--symlink-install', '--parallel-workers', '8', '--packages-up-to', 'floor_nav', 'floor_graph', 'vrep_ros_teleop', 'task_manager_client_py']
[0.119s] DEBUG:colcon:Parsed command line arguments: Namespace(log_base=None, log_level=None, verb_name='build', build_base='build', install_base='install', merge_install=False, symlink_install=True, test_result_base=None, continue_on_error=False, executor='parallel', parallel_workers=8, event_handlers=None, ignore_user_meta=False, metas=['./colcon.meta'], base_paths=['.'], packages_ignore=None, packages_ignore_regex=None, paths=None, packages_up_to=['floor_nav', 'floor_graph', 'vrep_ros_teleop', 'task_manager_client_py'], packages_up_to_regex=None, packages_above=None, packages_above_and_dependencies=None, packages_above_depth=None, packages_select_by_dep=None, packages_skip_by_dep=None, packages_skip_up_to=None, packages_select_build_failed=False, packages_skip_build_finished=False, packages_select_test_failures=False, packages_skip_test_passed=False, packages_select=None, packages_skip=None, packages_select_regex=None, packages_skip_regex=None, packages_start=None, packages_end=None, allow_overriding=[], cmake_args=None, cmake_target=None, cmake_target_skip_unavailable=False, cmake_clean_cache=False, cmake_clean_first=False, cmake_force_configure=False, ament_cmake_args=None, catkin_cmake_args=None, catkin_skip_building_tests=False, verb_parser=<colcon_defaults.argument_parser.defaults.DefaultArgumentsDecorator object at 0x7f0e3a04bda0>, verb_extension=<colcon_core.verb.build.BuildVerb object at 0x7f0e39fa8c80>, main=<bound method BuildVerb.main of <colcon_core.verb.build.BuildVerb object at 0x7f0e39fa8c80>>)
[0.556s] Level 1:colcon.colcon_core.package_discovery:discover_packages(colcon_meta) check parameters
[0.557s] Level 1:colcon.colcon_core.package_discovery:discover_packages(recursive) check parameters
[0.557s] Level 1:colcon.colcon_core.package_discovery:discover_packages(ignore) check parameters
[0.558s] Level 1:colcon.colcon_core.package_discovery:discover_packages(path) check parameters
[0.558s] Level 1:colcon.colcon_core.package_discovery:discover_packages(colcon_meta) discover
[0.559s] Level 1:colcon.colcon_core.package_discovery:discover_packages(recursive) discover
[0.560s] INFO:colcon.colcon_core.package_discovery:Crawling recursively for packages in '/home/GTL/asacks/ros_workspace'
[0.560s] Level 1:colcon.colcon_core.package_identification:_identify(.) by extensions ['ignore', 'ignore_ament_install']
[0.560s] Level 1:colcon.colcon_core.package_identification:_identify(.) by extension 'ignore'
[0.560s] Level 1:colcon.colcon_core.package_identification:_identify(.) by extension 'ignore_ament_install'
[0.561s] Level 1:colcon.colcon_core.package_identification:_identify(.) by extensions ['colcon_pkg']
[0.561s] Level 1:colcon.colcon_core.package_identification:_identify(.) by extension 'colcon_pkg'
[0.561s] Level 1:colcon.colcon_core.package_identification:_identify(.) by extensions ['colcon_meta']
[0.562s] Level 1:colcon.colcon_core.package_identification:_identify(.) by extension 'colcon_meta'
[0.562s] Level 1:colcon.colcon_core.package_identification:_identify(.) by extensions ['ros']
[0.562s] Level 1:colcon.colcon_core.package_identification:_identify(.) by extension 'ros'
[0.579s] Level 1:colcon.colcon_core.package_identification:_identify(.) by extensions ['cmake', 'python']
[0.579s] Level 1:colcon.colcon_core.package_identification:_identify(.) by extension 'cmake'
[0.579s] Level 1:colcon.colcon_core.package_identification:_identify(.) by extension 'python'
[0.579s] Level 1:colcon.colcon_core.package_identification:_identify(.) by extensions ['python_setup_py']
[0.580s] Level 1:colcon.colcon_core.package_identification:_identify(.) by extension 'python_setup_py'
[0.580s] Level 1:colcon.colcon_core.package_identification:_identify(bags) by extensions ['ignore', 'ignore_ament_install']
[0.581s] Level 1:colcon.colcon_core.package_identification:_identify(bags) by extension 'ignore'
[0.581s] Level 1:colcon.colcon_core.package_identification:_identify(bags) by extension 'ignore_ament_install'
[0.581s] Level 1:colcon.colcon_core.package_identification:_identify(bags) by extensions ['colcon_pkg']
[0.582s] Level 1:colcon.colcon_core.package_identification:_identify(bags) by extension 'colcon_pkg'
[0.582s] Level 1:colcon.colcon_core.package_identification:_identify(bags) by extensions ['colcon_meta']
[0.583s] Level 1:colcon.colcon_core.package_identification:_identify(bags) by extension 'colcon_meta'
[0.583s] Level 1:colcon.colcon_core.package_identification:_identify(bags) by extensions ['ros']
[0.583s] Level 1:colcon.colcon_core.package_identification:_identify(bags) by extension 'ros'
[0.583s] Level 1:colcon.colcon_core.package_identification:_identify(bags) by extensions ['cmake', 'python']
[0.584s] Level 1:colcon.colcon_core.package_identification:_identify(bags) by extension 'cmake'
[0.584s] Level 1:colcon.colcon_core.package_identification:_identify(bags) by extension 'python'
[0.584s] Level 1:colcon.colcon_core.package_identification:_identify(bags) by extensions ['python_setup_py']
[0.584s] Level 1:colcon.colcon_core.package_identification:_identify(bags) by extension 'python_setup_py'
[0.584s] Level 1:colcon.colcon_core.package_identification:_identify(bags/test) by extensions ['ignore', 'ignore_ament_install']
[0.585s] Level 1:colcon.colcon_core.package_identification:_identify(bags/test) by extension 'ignore'
[0.585s] Level 1:colcon.colcon_core.package_identification:_identify(bags/test) by extension 'ignore_ament_install'
[0.585s] Level 1:colcon.colcon_core.package_identification:_identify(bags/test) by extensions ['colcon_pkg']
[0.586s] Level 1:colcon.colcon_core.package_identification:_identify(bags/test) by extension 'colcon_pkg'
[0.586s] Level 1:colcon.colcon_core.package_identification:_identify(bags/test) by extensions ['colcon_meta']
[0.586s] Level 1:colcon.colcon_core.package_identification:_identify(bags/test) by extension 'colcon_meta'
[0.586s] Level 1:colcon.colcon_core.package_identification:_identify(bags/test) by extensions ['ros']
[0.586s] Level 1:colcon.colcon_core.package_identification:_identify(bags/test) by extension 'ros'
[0.587s] Level 1:colcon.colcon_core.package_identification:_identify(bags/test) by extensions ['cmake', 'python']
[0.587s] Level 1:colcon.colcon_core.package_identification:_identify(bags/test) by extension 'cmake'
[0.587s] Level 1:colcon.colcon_core.package_identification:_identify(bags/test) by extension 'python'
[0.587s] Level 1:colcon.colcon_core.package_identification:_identify(bags/test) by extensions ['python_setup_py']
[0.588s] Level 1:colcon.colcon_core.package_identification:_identify(bags/test) by extension 'python_setup_py'
[0.588s] Level 1:colcon.colcon_core.package_identification:_identify(bags/train) by extensions ['ignore', 'ignore_ament_install']
[0.588s] Level 1:colcon.colcon_core.package_identification:_identify(bags/train) by extension 'ignore'
[0.589s] Level 1:colcon.colcon_core.package_identification:_identify(bags/train) by extension 'ignore_ament_install'
[0.589s] Level 1:colcon.colcon_core.package_identification:_identify(bags/train) by extensions ['colcon_pkg']
[0.589s] Level 1:colcon.colcon_core.package_identification:_identify(bags/train) by extension 'colcon_pkg'
[0.590s] Level 1:colcon.colcon_core.package_identification:_identify(bags/train) by extensions ['colcon_meta']
[0.590s] Level 1:colcon.colcon_core.package_identification:_identify(bags/train) by extension 'colcon_meta'
[0.590s] Level 1:colcon.colcon_core.package_identification:_identify(bags/train) by extensions ['ros']
[0.590s] Level 1:colcon.colcon_core.package_identification:_identify(bags/train) by extension 'ros'
[0.590s] Level 1:colcon.colcon_core.package_identification:_identify(bags/train) by extensions ['cmake', 'python']
[0.591s] Level 1:colcon.colcon_core.package_identification:_identify(bags/train) by extension 'cmake'
[0.591s] Level 1:colcon.colcon_core.package_identification:_identify(bags/train) by extension 'python'
[0.591s] Level 1:colcon.colcon_core.package_identification:_identify(bags/train) by extensions ['python_setup_py']
[0.591s] Level 1:colcon.colcon_core.package_identification:_identify(bags/train) by extension 'python_setup_py'
[0.592s] Level 1:colcon.colcon_core.package_identification:_identify(build) by extensions ['ignore', 'ignore_ament_install']
[0.592s] Level 1:colcon.colcon_core.package_identification:_identify(build) by extension 'ignore'
[0.592s] Level 1:colcon.colcon_core.package_identification:_identify(build) ignored
[0.593s] Level 1:colcon.colcon_core.package_identification:_identify(install) by extensions ['ignore', 'ignore_ament_install']
[0.593s] Level 1:colcon.colcon_core.package_identification:_identify(install) by extension 'ignore'
[0.593s] Level 1:colcon.colcon_core.package_identification:_identify(install) ignored
[0.594s] Level 1:colcon.colcon_core.package_identification:_identify(log) by extensions ['ignore', 'ignore_ament_install']
[0.594s] Level 1:colcon.colcon_core.package_identification:_identify(log) by extension 'ignore'
[0.595s] Level 1:colcon.colcon_core.package_identification:_identify(log) ignored
[0.595s] Level 1:colcon.colcon_core.package_identification:_identify(src) by extensions ['ignore', 'ignore_ament_install']
[0.595s] Level 1:colcon.colcon_core.package_identification:_identify(src) by extension 'ignore'
[0.595s] Level 1:colcon.colcon_core.package_identification:_identify(src) by extension 'ignore_ament_install'
[0.596s] Level 1:colcon.colcon_core.package_identification:_identify(src) by extensions ['colcon_pkg']
[0.596s] Level 1:colcon.colcon_core.package_identification:_identify(src) by extension 'colcon_pkg'
[0.596s] Level 1:colcon.colcon_core.package_identification:_identify(src) by extensions ['colcon_meta']
[0.597s] Level 1:colcon.colcon_core.package_identification:_identify(src) by extension 'colcon_meta'
[0.597s] Level 1:colcon.colcon_core.package_identification:_identify(src) by extensions ['ros']
[0.597s] Level 1:colcon.colcon_core.package_identification:_identify(src) by extension 'ros'
[0.597s] Level 1:colcon.colcon_core.package_identification:_identify(src) by extensions ['cmake', 'python']
[0.598s] Level 1:colcon.colcon_core.package_identification:_identify(src) by extension 'cmake'
[0.598s] Level 1:colcon.colcon_core.package_identification:_identify(src) by extension 'python'
[0.598s] Level 1:colcon.colcon_core.package_identification:_identify(src) by extensions ['python_setup_py']
[0.599s] Level 1:colcon.colcon_core.package_identification:_identify(src) by extension 'python_setup_py'
[0.599s] Level 1:colcon.colcon_core.package_identification:_identify(src/cs7630_msgs) by extensions ['ignore', 'ignore_ament_install']
[0.599s] Level 1:colcon.colcon_core.package_identification:_identify(src/cs7630_msgs) by extension 'ignore'
[0.600s] Level 1:colcon.colcon_core.package_identification:_identify(src/cs7630_msgs) by extension 'ignore_ament_install'
[0.600s] Level 1:colcon.colcon_core.package_identification:_identify(src/cs7630_msgs) by extensions ['colcon_pkg']
[0.600s] Level 1:colcon.colcon_core.package_identification:_identify(src/cs7630_msgs) by extension 'colcon_pkg'
[0.601s] Level 1:colcon.colcon_core.package_identification:_identify(src/cs7630_msgs) by extensions ['colcon_meta']
[0.601s] Level 1:colcon.colcon_core.package_identification:_identify(src/cs7630_msgs) by extension 'colcon_meta'
[0.601s] Level 1:colcon.colcon_core.package_identification:_identify(src/cs7630_msgs) by extensions ['ros']
[0.602s] Level 1:colcon.colcon_core.package_identification:_identify(src/cs7630_msgs) by extension 'ros'
[0.604s] DEBUG:colcon.colcon_core.package_identification:Package 'src/cs7630_msgs' with type 'ros.ament_cmake' and name 'cs7630_msgs'
[0.604s] Level 1:colcon.colcon_core.package_identification:_identify(src/cv_bridge2) by extensions ['ignore', 'ignore_ament_install']
[0.604s] Level 1:colcon.colcon_core.package_identification:_identify(src/cv_bridge2) by extension 'ignore'
[0.605s] Level 1:colcon.colcon_core.package_identification:_identify(src/cv_bridge2) by extension 'ignore_ament_install'
[0.605s] Level 1:colcon.colcon_core.package_identification:_identify(src/cv_bridge2) by extensions ['colcon_pkg']
[0.605s] Level 1:colcon.colcon_core.package_identification:_identify(src/cv_bridge2) by extension 'colcon_pkg'
[0.606s] Level 1:colcon.colcon_core.package_identification:_identify(src/cv_bridge2) by extensions ['colcon_meta']
[0.606s] Level 1:colcon.colcon_core.package_identification:_identify(src/cv_bridge2) by extension 'colcon_meta'
[0.606s] Level 1:colcon.colcon_core.package_identification:_identify(src/cv_bridge2) by extensions ['ros']
[0.607s] Level 1:colcon.colcon_core.package_identification:_identify(src/cv_bridge2) by extension 'ros'
[0.608s] DEBUG:colcon.colcon_core.package_identification:Package 'src/cv_bridge2' with type 'ros.ament_cmake' and name 'cv_bridge2'
[0.608s] Level 1:colcon.colcon_core.package_identification:_identify(src/floor_graph) by extensions ['ignore', 'ignore_ament_install']
[0.608s] Level 1:colcon.colcon_core.package_identification:_identify(src/floor_graph) by extension 'ignore'
[0.608s] Level 1:colcon.colcon_core.package_identification:_identify(src/floor_graph) by extension 'ignore_ament_install'
[0.609s] Level 1:colcon.colcon_core.package_identification:_identify(src/floor_graph) by extensions ['colcon_pkg']
[0.609s] Level 1:colcon.colcon_core.package_identification:_identify(src/floor_graph) by extension 'colcon_pkg'
[0.609s] Level 1:colcon.colcon_core.package_identification:_identify(src/floor_graph) by extensions ['colcon_meta']
[0.609s] Level 1:colcon.colcon_core.package_identification:_identify(src/floor_graph) by extension 'colcon_meta'
[0.610s] Level 1:colcon.colcon_core.package_identification:_identify(src/floor_graph) by extensions ['ros']
[0.610s] Level 1:colcon.colcon_core.package_identification:_identify(src/floor_graph) by extension 'ros'
[0.611s] DEBUG:colcon.colcon_core.package_identification:Package 'src/floor_graph' with type 'ros.ament_python' and name 'floor_graph'
[0.611s] Level 1:colcon.colcon_core.package_identification:_identify(src/floor_nav) by extensions ['ignore', 'ignore_ament_install']
[0.611s] Level 1:colcon.colcon_core.package_identification:_identify(src/floor_nav) by extension 'ignore'
[0.612s] Level 1:colcon.colcon_core.package_identification:_identify(src/floor_nav) by extension 'ignore_ament_install'
[0.612s] Level 1:colcon.colcon_core.package_identification:_identify(src/floor_nav) by extensions ['colcon_pkg']
[0.612s] Level 1:colcon.colcon_core.package_identification:_identify(src/floor_nav) by extension 'colcon_pkg'
[0.613s] Level 1:colcon.colcon_core.package_identification:_identify(src/floor_nav) by extensions ['colcon_meta']
[0.613s] Level 1:colcon.colcon_core.package_identification:_identify(src/floor_nav) by extension 'colcon_meta'
[0.613s] Level 1:colcon.colcon_core.package_identification:_identify(src/floor_nav) by extensions ['ros']
[0.614s] Level 1:colcon.colcon_core.package_identification:_identify(src/floor_nav) by extension 'ros'
[0.615s] DEBUG:colcon.colcon_core.package_identification:Package 'src/floor_nav' with type 'ros.ament_cmake' and name 'floor_nav'
[0.616s] Level 1:colcon.colcon_core.package_identification:_identify(src/floor_plane_ceres_base) by extensions ['ignore', 'ignore_ament_install']
[0.616s] Level 1:colcon.colcon_core.package_identification:_identify(src/floor_plane_ceres_base) by extension 'ignore'
[0.616s] Level 1:colcon.colcon_core.package_identification:_identify(src/floor_plane_ceres_base) by extension 'ignore_ament_install'
[0.616s] Level 1:colcon.colcon_core.package_identification:_identify(src/floor_plane_ceres_base) by extensions ['colcon_pkg']
[0.617s] Level 1:colcon.colcon_core.package_identification:_identify(src/floor_plane_ceres_base) by extension 'colcon_pkg'
[0.617s] Level 1:colcon.colcon_core.package_identification:_identify(src/floor_plane_ceres_base) by extensions ['colcon_meta']
[0.617s] Level 1:colcon.colcon_core.package_identification:_identify(src/floor_plane_ceres_base) by extension 'colcon_meta'
[0.618s] Level 1:colcon.colcon_core.package_identification:_identify(src/floor_plane_ceres_base) by extensions ['ros']
[0.618s] Level 1:colcon.colcon_core.package_identification:_identify(src/floor_plane_ceres_base) by extension 'ros'
[0.619s] DEBUG:colcon.colcon_core.package_identification:Package 'src/floor_plane_ceres_base' with type 'ros.ament_cmake' and name 'floor_plane_ceres_base'
[0.620s] Level 1:colcon.colcon_core.package_identification:_identify(src/floor_plane_classify_base) by extensions ['ignore', 'ignore_ament_install']
[0.620s] Level 1:colcon.colcon_core.package_identification:_identify(src/floor_plane_classify_base) by extension 'ignore'
[0.620s] Level 1:colcon.colcon_core.package_identification:_identify(src/floor_plane_classify_base) by extension 'ignore_ament_install'
[0.620s] Level 1:colcon.colcon_core.package_identification:_identify(src/floor_plane_classify_base) by extensions ['colcon_pkg']
[0.621s] Level 1:colcon.colcon_core.package_identification:_identify(src/floor_plane_classify_base) by extension 'colcon_pkg'
[0.621s] Level 1:colcon.colcon_core.package_identification:_identify(src/floor_plane_classify_base) by extensions ['colcon_meta']
[0.621s] Level 1:colcon.colcon_core.package_identification:_identify(src/floor_plane_classify_base) by extension 'colcon_meta'
[0.622s] Level 1:colcon.colcon_core.package_identification:_identify(src/floor_plane_classify_base) by extensions ['ros']
[0.622s] Level 1:colcon.colcon_core.package_identification:_identify(src/floor_plane_classify_base) by extension 'ros'
[0.622s] Level 1:colcon.colcon_core.package_identification:_identify(src/floor_plane_classify_base) by extensions ['cmake', 'python']
[0.622s] Level 1:colcon.colcon_core.package_identification:_identify(src/floor_plane_classify_base) by extension 'cmake'
[0.623s] Level 1:colcon.colcon_core.package_identification:_identify(src/floor_plane_classify_base) by extension 'python'
[0.623s] Level 1:colcon.colcon_core.package_identification:_identify(src/floor_plane_classify_base) by extensions ['python_setup_py']
[0.623s] Level 1:colcon.colcon_core.package_identification:_identify(src/floor_plane_classify_base) by extension 'python_setup_py'
[0.624s] Level 1:colcon.colcon_core.package_identification:_identify(src/floor_plane_classify_base/floor_plane_classify_base) by extensions ['ignore', 'ignore_ament_install']
[0.624s] Level 1:colcon.colcon_core.package_identification:_identify(src/floor_plane_classify_base/floor_plane_classify_base) by extension 'ignore'
[0.624s] Level 1:colcon.colcon_core.package_identification:_identify(src/floor_plane_classify_base/floor_plane_classify_base) by extension 'ignore_ament_install'
[0.624s] Level 1:colcon.colcon_core.package_identification:_identify(src/floor_plane_classify_base/floor_plane_classify_base) by extensions ['colcon_pkg']
[0.625s] Level 1:colcon.colcon_core.package_identification:_identify(src/floor_plane_classify_base/floor_plane_classify_base) by extension 'colcon_pkg'
[0.625s] Level 1:colcon.colcon_core.package_identification:_identify(src/floor_plane_classify_base/floor_plane_classify_base) by extensions ['colcon_meta']
[0.625s] Level 1:colcon.colcon_core.package_identification:_identify(src/floor_plane_classify_base/floor_plane_classify_base) by extension 'colcon_meta'
[0.626s] Level 1:colcon.colcon_core.package_identification:_identify(src/floor_plane_classify_base/floor_plane_classify_base) by extensions ['ros']
[0.626s] Level 1:colcon.colcon_core.package_identification:_identify(src/floor_plane_classify_base/floor_plane_classify_base) by extension 'ros'
[0.627s] Level 1:colcon.colcon_core.package_identification:_identify(src/floor_plane_classify_base/floor_plane_classify_base) by extensions ['cmake', 'python']
[0.627s] Level 1:colcon.colcon_core.package_identification:_identify(src/floor_plane_classify_base/floor_plane_classify_base) by extension 'cmake'
[0.627s] Level 1:colcon.colcon_core.package_identification:_identify(src/floor_plane_classify_base/floor_plane_classify_base) by extension 'python'
[0.627s] Level 1:colcon.colcon_core.package_identification:_identify(src/floor_plane_classify_base/floor_plane_classify_base) by extensions ['python_setup_py']
[0.628s] Level 1:colcon.colcon_core.package_identification:_identify(src/floor_plane_classify_base/floor_plane_classify_base) by extension 'python_setup_py'
[0.629s] Level 1:colcon.colcon_core.package_identification:_identify(src/floor_plane_classify_base/floor_plane_classify_base/__pycache__) by extensions ['ignore', 'ignore_ament_install']
[0.629s] Level 1:colcon.colcon_core.package_identification:_identify(src/floor_plane_classify_base/floor_plane_classify_base/__pycache__) by extension 'ignore'
[0.629s] Level 1:colcon.colcon_core.package_identification:_identify(src/floor_plane_classify_base/floor_plane_classify_base/__pycache__) by extension 'ignore_ament_install'
[0.629s] Level 1:colcon.colcon_core.package_identification:_identify(src/floor_plane_classify_base/floor_plane_classify_base/__pycache__) by extensions ['colcon_pkg']
[0.629s] Level 1:colcon.colcon_core.package_identification:_identify(src/floor_plane_classify_base/floor_plane_classify_base/__pycache__) by extension 'colcon_pkg'
[0.630s] Level 1:colcon.colcon_core.package_identification:_identify(src/floor_plane_classify_base/floor_plane_classify_base/__pycache__) by extensions ['colcon_meta']
[0.630s] Level 1:colcon.colcon_core.package_identification:_identify(src/floor_plane_classify_base/floor_plane_classify_base/__pycache__) by extension 'colcon_meta'
[0.630s] Level 1:colcon.colcon_core.package_identification:_identify(src/floor_plane_classify_base/floor_plane_classify_base/__pycache__) by extensions ['ros']
[0.631s] Level 1:colcon.colcon_core.package_identification:_identify(src/floor_plane_classify_base/floor_plane_classify_base/__pycache__) by extension 'ros'
[0.631s] Level 1:colcon.colcon_core.package_identification:_identify(src/floor_plane_classify_base/floor_plane_classify_base/__pycache__) by extensions ['cmake', 'python']
[0.631s] Level 1:colcon.colcon_core.package_identification:_identify(src/floor_plane_classify_base/floor_plane_classify_base/__pycache__) by extension 'cmake'
[0.632s] Level 1:colcon.colcon_core.package_identification:_identify(src/floor_plane_classify_base/floor_plane_classify_base/__pycache__) by extension 'python'
[0.632s] Level 1:colcon.colcon_core.package_identification:_identify(src/floor_plane_classify_base/floor_plane_classify_base/__pycache__) by extensions ['python_setup_py']
[0.632s] Level 1:colcon.colcon_core.package_identification:_identify(src/floor_plane_classify_base/floor_plane_classify_base/__pycache__) by extension 'python_setup_py'
[0.633s] Level 1:colcon.colcon_core.package_identification:_identify(src/floor_plane_hough_base) by extensions ['ignore', 'ignore_ament_install']
[0.633s] Level 1:colcon.colcon_core.package_identification:_identify(src/floor_plane_hough_base) by extension 'ignore'
[0.633s] Level 1:colcon.colcon_core.package_identification:_identify(src/floor_plane_hough_base) by extension 'ignore_ament_install'
[0.634s] Level 1:colcon.colcon_core.package_identification:_identify(src/floor_plane_hough_base) by extensions ['colcon_pkg']
[0.634s] Level 1:colcon.colcon_core.package_identification:_identify(src/floor_plane_hough_base) by extension 'colcon_pkg'
[0.634s] Level 1:colcon.colcon_core.package_identification:_identify(src/floor_plane_hough_base) by extensions ['colcon_meta']
[0.635s] Level 1:colcon.colcon_core.package_identification:_identify(src/floor_plane_hough_base) by extension 'colcon_meta'
[0.635s] Level 1:colcon.colcon_core.package_identification:_identify(src/floor_plane_hough_base) by extensions ['ros']
[0.635s] Level 1:colcon.colcon_core.package_identification:_identify(src/floor_plane_hough_base) by extension 'ros'
[0.637s] DEBUG:colcon.colcon_core.package_identification:Package 'src/floor_plane_hough_base' with type 'ros.ament_cmake' and name 'floor_plane_hough_base'
[0.638s] Level 1:colcon.colcon_core.package_identification:_identify(src/floor_plane_ransac_base) by extensions ['ignore', 'ignore_ament_install']
[0.638s] Level 1:colcon.colcon_core.package_identification:_identify(src/floor_plane_ransac_base) by extension 'ignore'
[0.638s] Level 1:colcon.colcon_core.package_identification:_identify(src/floor_plane_ransac_base) by extension 'ignore_ament_install'
[0.639s] Level 1:colcon.colcon_core.package_identification:_identify(src/floor_plane_ransac_base) by extensions ['colcon_pkg']
[0.640s] Level 1:colcon.colcon_core.package_identification:_identify(src/floor_plane_ransac_base) by extension 'colcon_pkg'
[0.640s] Level 1:colcon.colcon_core.package_identification:_identify(src/floor_plane_ransac_base) by extensions ['colcon_meta']
[0.641s] Level 1:colcon.colcon_core.package_identification:_identify(src/floor_plane_ransac_base) by extension 'colcon_meta'
[0.642s] Level 1:colcon.colcon_core.package_identification:_identify(src/floor_plane_ransac_base) by extensions ['ros']
[0.642s] Level 1:colcon.colcon_core.package_identification:_identify(src/floor_plane_ransac_base) by extension 'ros'
[0.643s] DEBUG:colcon.colcon_core.package_identification:Package 'src/floor_plane_ransac_base' with type 'ros.ament_cmake' and name 'floor_plane_ransac_base'
[0.643s] Level 1:colcon.colcon_core.package_identification:_identify(src/floor_plane_record_base) by extensions ['ignore', 'ignore_ament_install']
[0.643s] Level 1:colcon.colcon_core.package_identification:_identify(src/floor_plane_record_base) by extension 'ignore'
[0.644s] Level 1:colcon.colcon_core.package_identification:_identify(src/floor_plane_record_base) by extension 'ignore_ament_install'
[0.644s] Level 1:colcon.colcon_core.package_identification:_identify(src/floor_plane_record_base) by extensions ['colcon_pkg']
[0.644s] Level 1:colcon.colcon_core.package_identification:_identify(src/floor_plane_record_base) by extension 'colcon_pkg'
[0.645s] Level 1:colcon.colcon_core.package_identification:_identify(src/floor_plane_record_base) by extensions ['colcon_meta']
[0.645s] Level 1:colcon.colcon_core.package_identification:_identify(src/floor_plane_record_base) by extension 'colcon_meta'
[0.645s] Level 1:colcon.colcon_core.package_identification:_identify(src/floor_plane_record_base) by extensions ['ros']
[0.645s] Level 1:colcon.colcon_core.package_identification:_identify(src/floor_plane_record_base) by extension 'ros'
[0.646s] DEBUG:colcon.colcon_core.package_identification:Package 'src/floor_plane_record_base' with type 'ros.ament_cmake' and name 'floor_plane_record_base'
[0.647s] Level 1:colcon.colcon_core.package_identification:_identify(src/floor_plane_regression_base) by extensions ['ignore', 'ignore_ament_install']
[0.647s] Level 1:colcon.colcon_core.package_identification:_identify(src/floor_plane_regression_base) by extension 'ignore'
[0.647s] Level 1:colcon.colcon_core.package_identification:_identify(src/floor_plane_regression_base) by extension 'ignore_ament_install'
[0.647s] Level 1:colcon.colcon_core.package_identification:_identify(src/floor_plane_regression_base) by extensions ['colcon_pkg']
[0.648s] Level 1:colcon.colcon_core.package_identification:_identify(src/floor_plane_regression_base) by extension 'colcon_pkg'
[0.648s] Level 1:colcon.colcon_core.package_identification:_identify(src/floor_plane_regression_base) by extensions ['colcon_meta']
[0.648s] Level 1:colcon.colcon_core.package_identification:_identify(src/floor_plane_regression_base) by extension 'colcon_meta'
[0.648s] Level 1:colcon.colcon_core.package_identification:_identify(src/floor_plane_regression_base) by extensions ['ros']
[0.649s] Level 1:colcon.colcon_core.package_identification:_identify(src/floor_plane_regression_base) by extension 'ros'
[0.649s] DEBUG:colcon.colcon_core.package_identification:Package 'src/floor_plane_regression_base' with type 'ros.ament_cmake' and name 'floor_plane_regression_base'
[0.650s] Level 1:colcon.colcon_core.package_identification:_identify(src/joy_teleop) by extensions ['ignore', 'ignore_ament_install']
[0.650s] Level 1:colcon.colcon_core.package_identification:_identify(src/joy_teleop) by extension 'ignore'
[0.650s] Level 1:colcon.colcon_core.package_identification:_identify(src/joy_teleop) by extension 'ignore_ament_install'
[0.650s] Level 1:colcon.colcon_core.package_identification:_identify(src/joy_teleop) by extensions ['colcon_pkg']
[0.651s] Level 1:colcon.colcon_core.package_identification:_identify(src/joy_teleop) by extension 'colcon_pkg'
[0.651s] Level 1:colcon.colcon_core.package_identification:_identify(src/joy_teleop) by extensions ['colcon_meta']
[0.651s] Level 1:colcon.colcon_core.package_identification:_identify(src/joy_teleop) by extension 'colcon_meta'
[0.651s] Level 1:colcon.colcon_core.package_identification:_identify(src/joy_teleop) by extensions ['ros']
[0.652s] Level 1:colcon.colcon_core.package_identification:_identify(src/joy_teleop) by extension 'ros'
[0.652s] DEBUG:colcon.colcon_core.package_identification:Package 'src/joy_teleop' with type 'ros.ament_python' and name 'joy_teleop'
[0.653s] Level 1:colcon.colcon_core.package_identification:_identify(src/model_prediction) by extensions ['ignore', 'ignore_ament_install']
[0.653s] Level 1:colcon.colcon_core.package_identification:_identify(src/model_prediction) by extension 'ignore'
[0.653s] Level 1:colcon.colcon_core.package_identification:_identify(src/model_prediction) by extension 'ignore_ament_install'
[0.653s] Level 1:colcon.colcon_core.package_identification:_identify(src/model_prediction) by extensions ['colcon_pkg']
[0.654s] Level 1:colcon.colcon_core.package_identification:_identify(src/model_prediction) by extension 'colcon_pkg'
[0.654s] Level 1:colcon.colcon_core.package_identification:_identify(src/model_prediction) by extensions ['colcon_meta']
[0.654s] Level 1:colcon.colcon_core.package_identification:_identify(src/model_prediction) by extension 'colcon_meta'
[0.654s] Level 1:colcon.colcon_core.package_identification:_identify(src/model_prediction) by extensions ['ros']
[0.655s] Level 1:colcon.colcon_core.package_identification:_identify(src/model_prediction) by extension 'ros'
[0.656s] DEBUG:colcon.colcon_core.package_identification:Package 'src/model_prediction' with type 'ros.ament_python' and name 'model_prediction'
[0.656s] Level 1:colcon.colcon_core.package_identification:_identify(src/nav2_common) by extensions ['ignore', 'ignore_ament_install']
[0.656s] Level 1:colcon.colcon_core.package_identification:_identify(src/nav2_common) by extension 'ignore'
[0.656s] Level 1:colcon.colcon_core.package_identification:_identify(src/nav2_common) by extension 'ignore_ament_install'
[0.657s] Level 1:colcon.colcon_core.package_identification:_identify(src/nav2_common) by extensions ['colcon_pkg']
[0.657s] Level 1:colcon.colcon_core.package_identification:_identify(src/nav2_common) by extension 'colcon_pkg'
[0.657s] Level 1:colcon.colcon_core.package_identification:_identify(src/nav2_common) by extensions ['colcon_meta']
[0.658s] Level 1:colcon.colcon_core.package_identification:_identify(src/nav2_common) by extension 'colcon_meta'
[0.658s] Level 1:colcon.colcon_core.package_identification:_identify(src/nav2_common) by extensions ['ros']
[0.658s] Level 1:colcon.colcon_core.package_identification:_identify(src/nav2_common) by extension 'ros'
[0.659s] DEBUG:colcon.colcon_core.package_identification:Package 'src/nav2_common' with type 'ros.ament_cmake' and name 'nav2_common'
[0.660s] Level 1:colcon.colcon_core.package_identification:_identify(src/nav2_msgs) by extensions ['ignore', 'ignore_ament_install']
[0.660s] Level 1:colcon.colcon_core.package_identification:_identify(src/nav2_msgs) by extension 'ignore'
[0.660s] Level 1:colcon.colcon_core.package_identification:_identify(src/nav2_msgs) by extension 'ignore_ament_install'
[0.660s] Level 1:colcon.colcon_core.package_identification:_identify(src/nav2_msgs) by extensions ['colcon_pkg']
[0.661s] Level 1:colcon.colcon_core.package_identification:_identify(src/nav2_msgs) by extension 'colcon_pkg'
[0.661s] Level 1:colcon.colcon_core.package_identification:_identify(src/nav2_msgs) by extensions ['colcon_meta']
[0.661s] Level 1:colcon.colcon_core.package_identification:_identify(src/nav2_msgs) by extension 'colcon_meta'
[0.661s] Level 1:colcon.colcon_core.package_identification:_identify(src/nav2_msgs) by extensions ['ros']
[0.662s] Level 1:colcon.colcon_core.package_identification:_identify(src/nav2_msgs) by extension 'ros'
[0.663s] DEBUG:colcon.colcon_core.package_identification:Package 'src/nav2_msgs' with type 'ros.ament_cmake' and name 'nav2_msgs'
[0.663s] Level 1:colcon.colcon_core.package_identification:_identify(src/pytorch_models_base) by extensions ['ignore', 'ignore_ament_install']
[0.663s] Level 1:colcon.colcon_core.package_identification:_identify(src/pytorch_models_base) by extension 'ignore'
[0.664s] Level 1:colcon.colcon_core.package_identification:_identify(src/pytorch_models_base) by extension 'ignore_ament_install'
[0.664s] Level 1:colcon.colcon_core.package_identification:_identify(src/pytorch_models_base) by extensions ['colcon_pkg']
[0.664s] Level 1:colcon.colcon_core.package_identification:_identify(src/pytorch_models_base) by extension 'colcon_pkg'
[0.664s] Level 1:colcon.colcon_core.package_identification:_identify(src/pytorch_models_base) by extensions ['colcon_meta']
[0.665s] Level 1:colcon.colcon_core.package_identification:_identify(src/pytorch_models_base) by extension 'colcon_meta'
[0.665s] Level 1:colcon.colcon_core.package_identification:_identify(src/pytorch_models_base) by extensions ['ros']
[0.665s] Level 1:colcon.colcon_core.package_identification:_identify(src/pytorch_models_base) by extension 'ros'
[0.666s] DEBUG:colcon.colcon_core.package_identification:Package 'src/pytorch_models_base' with type 'ros.ament_python' and name 'pytorch_models_base'
[0.667s] Level 1:colcon.colcon_core.package_identification:_identify(src/ros_task_manager) by extensions ['ignore', 'ignore_ament_install']
[0.667s] Level 1:colcon.colcon_core.package_identification:_identify(src/ros_task_manager) by extension 'ignore'
[0.667s] Level 1:colcon.colcon_core.package_identification:_identify(src/ros_task_manager) by extension 'ignore_ament_install'
[0.667s] Level 1:colcon.colcon_core.package_identification:_identify(src/ros_task_manager) by extensions ['colcon_pkg']
[0.668s] Level 1:colcon.colcon_core.package_identification:_identify(src/ros_task_manager) by extension 'colcon_pkg'
[0.668s] Level 1:colcon.colcon_core.package_identification:_identify(src/ros_task_manager) by extensions ['colcon_meta']
[0.668s] Level 1:colcon.colcon_core.package_identification:_identify(src/ros_task_manager) by extension 'colcon_meta'
[0.668s] Level 1:colcon.colcon_core.package_identification:_identify(src/ros_task_manager) by extensions ['ros']
[0.669s] Level 1:colcon.colcon_core.package_identification:_identify(src/ros_task_manager) by extension 'ros'
[0.669s] Level 1:colcon.colcon_core.package_identification:_identify(src/ros_task_manager) by extensions ['cmake', 'python']
[0.669s] Level 1:colcon.colcon_core.package_identification:_identify(src/ros_task_manager) by extension 'cmake'
[0.669s] Level 1:colcon.colcon_core.package_identification:_identify(src/ros_task_manager) by extension 'python'
[0.670s] Level 1:colcon.colcon_core.package_identification:_identify(src/ros_task_manager) by extensions ['python_setup_py']
[0.670s] Level 1:colcon.colcon_core.package_identification:_identify(src/ros_task_manager) by extension 'python_setup_py'
[0.671s] Level 1:colcon.colcon_core.package_identification:_identify(src/ros_task_manager/src) by extensions ['ignore', 'ignore_ament_install']
[0.671s] Level 1:colcon.colcon_core.package_identification:_identify(src/ros_task_manager/src) by extension 'ignore'
[0.671s] Level 1:colcon.colcon_core.package_identification:_identify(src/ros_task_manager/src) by extension 'ignore_ament_install'
[0.672s] Level 1:colcon.colcon_core.package_identification:_identify(src/ros_task_manager/src) by extensions ['colcon_pkg']
[0.672s] Level 1:colcon.colcon_core.package_identification:_identify(src/ros_task_manager/src) by extension 'colcon_pkg'
[0.672s] Level 1:colcon.colcon_core.package_identification:_identify(src/ros_task_manager/src) by extensions ['colcon_meta']
[0.672s] Level 1:colcon.colcon_core.package_identification:_identify(src/ros_task_manager/src) by extension 'colcon_meta'
[0.672s] Level 1:colcon.colcon_core.package_identification:_identify(src/ros_task_manager/src) by extensions ['ros']
[0.673s] Level 1:colcon.colcon_core.package_identification:_identify(src/ros_task_manager/src) by extension 'ros'
[0.673s] Level 1:colcon.colcon_core.package_identification:_identify(src/ros_task_manager/src) by extensions ['cmake', 'python']
[0.673s] Level 1:colcon.colcon_core.package_identification:_identify(src/ros_task_manager/src) by extension 'cmake'
[0.673s] Level 1:colcon.colcon_core.package_identification:_identify(src/ros_task_manager/src) by extension 'python'
[0.673s] Level 1:colcon.colcon_core.package_identification:_identify(src/ros_task_manager/src) by extensions ['python_setup_py']
[0.673s] Level 1:colcon.colcon_core.package_identification:_identify(src/ros_task_manager/src) by extension 'python_setup_py'
[0.674s] Level 1:colcon.colcon_core.package_identification:_identify(src/ros_task_manager/src/button_server) by extensions ['ignore', 'ignore_ament_install']
[0.674s] Level 1:colcon.colcon_core.package_identification:_identify(src/ros_task_manager/src/button_server) by extension 'ignore'
[0.675s] Level 1:colcon.colcon_core.package_identification:_identify(src/ros_task_manager/src/button_server) by extension 'ignore_ament_install'
[0.675s] Level 1:colcon.colcon_core.package_identification:_identify(src/ros_task_manager/src/button_server) by extensions ['colcon_pkg']
[0.675s] Level 1:colcon.colcon_core.package_identification:_identify(src/ros_task_manager/src/button_server) by extension 'colcon_pkg'
[0.675s] Level 1:colcon.colcon_core.package_identification:_identify(src/ros_task_manager/src/button_server) by extensions ['colcon_meta']
[0.676s] Level 1:colcon.colcon_core.package_identification:_identify(src/ros_task_manager/src/button_server) by extension 'colcon_meta'
[0.676s] Level 1:colcon.colcon_core.package_identification:_identify(src/ros_task_manager/src/button_server) by extensions ['ros']
[0.676s] Level 1:colcon.colcon_core.package_identification:_identify(src/ros_task_manager/src/button_server) by extension 'ros'
[0.677s] DEBUG:colcon.colcon_core.package_identification:Package 'src/ros_task_manager/src/button_server' with type 'ros.ament_python' and name 'button_server'
[0.677s] Level 1:colcon.colcon_core.package_identification:_identify(src/ros_task_manager/src/task_manager_client_py) by extensions ['ignore', 'ignore_ament_install']
[0.677s] Level 1:colcon.colcon_core.package_identification:_identify(src/ros_task_manager/src/task_manager_client_py) by extension 'ignore'
[0.677s] Level 1:colcon.colcon_core.package_identification:_identify(src/ros_task_manager/src/task_manager_client_py) by extension 'ignore_ament_install'
[0.678s] Level 1:colcon.colcon_core.package_identification:_identify(src/ros_task_manager/src/task_manager_client_py) by extensions ['colcon_pkg']
[0.678s] Level 1:colcon.colcon_core.package_identification:_identify(src/ros_task_manager/src/task_manager_client_py) by extension 'colcon_pkg'
[0.678s] Level 1:colcon.colcon_core.package_identification:_identify(src/ros_task_manager/src/task_manager_client_py) by extensions ['colcon_meta']
[0.679s] Level 1:colcon.colcon_core.package_identification:_identify(src/ros_task_manager/src/task_manager_client_py) by extension 'colcon_meta'
[0.679s] Level 1:colcon.colcon_core.package_identification:_identify(src/ros_task_manager/src/task_manager_client_py) by extensions ['ros']
[0.679s] Level 1:colcon.colcon_core.package_identification:_identify(src/ros_task_manager/src/task_manager_client_py) by extension 'ros'
[0.680s] DEBUG:colcon.colcon_core.package_identification:Package 'src/ros_task_manager/src/task_manager_client_py' with type 'ros.ament_python' and name 'task_manager_client_py'
[0.680s] Level 1:colcon.colcon_core.package_identification:_identify(src/ros_task_manager/src/task_manager_lib) by extensions ['ignore', 'ignore_ament_install']
[0.680s] Level 1:colcon.colcon_core.package_identification:_identify(src/ros_task_manager/src/task_manager_lib) by extension 'ignore'
[0.681s] Level 1:colcon.colcon_core.package_identification:_identify(src/ros_task_manager/src/task_manager_lib) by extension 'ignore_ament_install'
[0.681s] Level 1:colcon.colcon_core.package_identification:_identify(src/ros_task_manager/src/task_manager_lib) by extensions ['colcon_pkg']
[0.681s] Level 1:colcon.colcon_core.package_identification:_identify(src/ros_task_manager/src/task_manager_lib) by extension 'colcon_pkg'
[0.681s] Level 1:colcon.colcon_core.package_identification:_identify(src/ros_task_manager/src/task_manager_lib) by extensions ['colcon_meta']
[0.682s] Level 1:colcon.colcon_core.package_identification:_identify(src/ros_task_manager/src/task_manager_lib) by extension 'colcon_meta'
[0.682s] Level 1:colcon.colcon_core.package_identification:_identify(src/ros_task_manager/src/task_manager_lib) by extensions ['ros']
[0.682s] Level 1:colcon.colcon_core.package_identification:_identify(src/ros_task_manager/src/task_manager_lib) by extension 'ros'
[0.683s] DEBUG:colcon.colcon_core.package_identification:Package 'src/ros_task_manager/src/task_manager_lib' with type 'ros.ament_cmake' and name 'task_manager_lib'
[0.683s] Level 1:colcon.colcon_core.package_identification:_identify(src/ros_task_manager/src/task_manager_move_base) by extensions ['ignore', 'ignore_ament_install']
[0.684s] Level 1:colcon.colcon_core.package_identification:_identify(src/ros_task_manager/src/task_manager_move_base) by extension 'ignore'
[0.684s] Level 1:colcon.colcon_core.package_identification:_identify(src/ros_task_manager/src/task_manager_move_base) ignored
[0.684s] Level 1:colcon.colcon_core.package_identification:_identify(src/ros_task_manager/src/task_manager_msgs) by extensions ['ignore', 'ignore_ament_install']
[0.685s] Level 1:colcon.colcon_core.package_identification:_identify(src/ros_task_manager/src/task_manager_msgs) by extension 'ignore'
[0.685s] Level 1:colcon.colcon_core.package_identification:_identify(src/ros_task_manager/src/task_manager_msgs) by extension 'ignore_ament_install'
[0.685s] Level 1:colcon.colcon_core.package_identification:_identify(src/ros_task_manager/src/task_manager_msgs) by extensions ['colcon_pkg']
[0.686s] Level 1:colcon.colcon_core.package_identification:_identify(src/ros_task_manager/src/task_manager_msgs) by extension 'colcon_pkg'
[0.686s] Level 1:colcon.colcon_core.package_identification:_identify(src/ros_task_manager/src/task_manager_msgs) by extensions ['colcon_meta']
[0.686s] Level 1:colcon.colcon_core.package_identification:_identify(src/ros_task_manager/src/task_manager_msgs) by extension 'colcon_meta'
[0.686s] Level 1:colcon.colcon_core.package_identification:_identify(src/ros_task_manager/src/task_manager_msgs) by extensions ['ros']
[0.686s] Level 1:colcon.colcon_core.package_identification:_identify(src/ros_task_manager/src/task_manager_msgs) by extension 'ros'
[0.687s] DEBUG:colcon.colcon_core.package_identification:Package 'src/ros_task_manager/src/task_manager_msgs' with type 'ros.ament_cmake' and name 'task_manager_msgs'
[0.687s] Level 1:colcon.colcon_core.package_identification:_identify(src/ros_task_manager/src/task_manager_nav2) by extensions ['ignore', 'ignore_ament_install']
[0.687s] Level 1:colcon.colcon_core.package_identification:_identify(src/ros_task_manager/src/task_manager_nav2) by extension 'ignore'
[0.688s] Level 1:colcon.colcon_core.package_identification:_identify(src/ros_task_manager/src/task_manager_nav2) by extension 'ignore_ament_install'
[0.688s] Level 1:colcon.colcon_core.package_identification:_identify(src/ros_task_manager/src/task_manager_nav2) by extensions ['colcon_pkg']
[0.688s] Level 1:colcon.colcon_core.package_identification:_identify(src/ros_task_manager/src/task_manager_nav2) by extension 'colcon_pkg'
[0.688s] Level 1:colcon.colcon_core.package_identification:_identify(src/ros_task_manager/src/task_manager_nav2) by extensions ['colcon_meta']
[0.689s] Level 1:colcon.colcon_core.package_identification:_identify(src/ros_task_manager/src/task_manager_nav2) by extension 'colcon_meta'
[0.689s] Level 1:colcon.colcon_core.package_identification:_identify(src/ros_task_manager/src/task_manager_nav2) by extensions ['ros']
[0.689s] Level 1:colcon.colcon_core.package_identification:_identify(src/ros_task_manager/src/task_manager_nav2) by extension 'ros'
[0.690s] DEBUG:colcon.colcon_core.package_identification:Package 'src/ros_task_manager/src/task_manager_nav2' with type 'ros.ament_cmake' and name 'task_manager_nav2'
[0.690s] Level 1:colcon.colcon_core.package_identification:_identify(src/ros_task_manager/src/task_manager_sync) by extensions ['ignore', 'ignore_ament_install']
[0.691s] Level 1:colcon.colcon_core.package_identification:_identify(src/ros_task_manager/src/task_manager_sync) by extension 'ignore'
[0.691s] Level 1:colcon.colcon_core.package_identification:_identify(src/ros_task_manager/src/task_manager_sync) by extension 'ignore_ament_install'
[0.691s] Level 1:colcon.colcon_core.package_identification:_identify(src/ros_task_manager/src/task_manager_sync) by extensions ['colcon_pkg']
[0.691s] Level 1:colcon.colcon_core.package_identification:_identify(src/ros_task_manager/src/task_manager_sync) by extension 'colcon_pkg'
[0.692s] Level 1:colcon.colcon_core.package_identification:_identify(src/ros_task_manager/src/task_manager_sync) by extensions ['colcon_meta']
[0.692s] Level 1:colcon.colcon_core.package_identification:_identify(src/ros_task_manager/src/task_manager_sync) by extension 'colcon_meta'
[0.692s] Level 1:colcon.colcon_core.package_identification:_identify(src/ros_task_manager/src/task_manager_sync) by extensions ['ros']
[0.692s] Level 1:colcon.colcon_core.package_identification:_identify(src/ros_task_manager/src/task_manager_sync) by extension 'ros'
[0.693s] DEBUG:colcon.colcon_core.package_identification:Package 'src/ros_task_manager/src/task_manager_sync' with type 'ros.ament_cmake' and name 'task_manager_sync'
[0.693s] Level 1:colcon.colcon_core.package_identification:_identify(src/ros_task_manager/src/task_manager_turtlesim) by extensions ['ignore', 'ignore_ament_install']
[0.693s] Level 1:colcon.colcon_core.package_identification:_identify(src/ros_task_manager/src/task_manager_turtlesim) by extension 'ignore'
[0.694s] Level 1:colcon.colcon_core.package_identification:_identify(src/ros_task_manager/src/task_manager_turtlesim) ignored
[0.694s] Level 1:colcon.colcon_core.package_identification:_identify(src/ros_task_manager/src/task_manager_turtlesim_smach) by extensions ['ignore', 'ignore_ament_install']
[0.695s] Level 1:colcon.colcon_core.package_identification:_identify(src/ros_task_manager/src/task_manager_turtlesim_smach) by extension 'ignore'
[0.695s] Level 1:colcon.colcon_core.package_identification:_identify(src/ros_task_manager/src/task_manager_turtlesim_smach) ignored
[0.695s] Level 1:colcon.colcon_core.package_identification:_identify(src/ros_task_manager/src/task_manager_turtlesim_sync) by extensions ['ignore', 'ignore_ament_install']
[0.696s] Level 1:colcon.colcon_core.package_identification:_identify(src/ros_task_manager/src/task_manager_turtlesim_sync) by extension 'ignore'
[0.696s] Level 1:colcon.colcon_core.package_identification:_identify(src/ros_task_manager/src/task_manager_turtlesim_sync) ignored
[0.697s] Level 1:colcon.colcon_core.package_identification:_identify(src/ros_task_manager/src/turtlesim_logo) by extensions ['ignore', 'ignore_ament_install']
[0.697s] Level 1:colcon.colcon_core.package_identification:_identify(src/ros_task_manager/src/turtlesim_logo) by extension 'ignore'
[0.697s] Level 1:colcon.colcon_core.package_identification:_identify(src/ros_task_manager/src/turtlesim_logo) ignored
[0.698s] Level 1:colcon.colcon_core.package_identification:_identify(src/scenes) by extensions ['ignore', 'ignore_ament_install']
[0.698s] Level 1:colcon.colcon_core.package_identification:_identify(src/scenes) by extension 'ignore'
[0.698s] Level 1:colcon.colcon_core.package_identification:_identify(src/scenes) ignored
[0.699s] Level 1:colcon.colcon_core.package_identification:_identify(src/shore_follower_drive_base) by extensions ['ignore', 'ignore_ament_install']
[0.699s] Level 1:colcon.colcon_core.package_identification:_identify(src/shore_follower_drive_base) by extension 'ignore'
[0.699s] Level 1:colcon.colcon_core.package_identification:_identify(src/shore_follower_drive_base) by extension 'ignore_ament_install'
[0.699s] Level 1:colcon.colcon_core.package_identification:_identify(src/shore_follower_drive_base) by extensions ['colcon_pkg']
[0.700s] Level 1:colcon.colcon_core.package_identification:_identify(src/shore_follower_drive_base) by extension 'colcon_pkg'
[0.700s] Level 1:colcon.colcon_core.package_identification:_identify(src/shore_follower_drive_base) by extensions ['colcon_meta']
[0.700s] Level 1:colcon.colcon_core.package_identification:_identify(src/shore_follower_drive_base) by extension 'colcon_meta'
[0.700s] Level 1:colcon.colcon_core.package_identification:_identify(src/shore_follower_drive_base) by extensions ['ros']
[0.701s] Level 1:colcon.colcon_core.package_identification:_identify(src/shore_follower_drive_base) by extension 'ros'
[0.701s] Level 1:colcon.colcon_core.package_identification:_identify(src/shore_follower_drive_base) by extensions ['cmake', 'python']
[0.701s] Level 1:colcon.colcon_core.package_identification:_identify(src/shore_follower_drive_base) by extension 'cmake'
[0.701s] Level 1:colcon.colcon_core.package_identification:_identify(src/shore_follower_drive_base) by extension 'python'
[0.702s] Level 1:colcon.colcon_core.package_identification:_identify(src/shore_follower_drive_base) by extensions ['python_setup_py']
[0.702s] Level 1:colcon.colcon_core.package_identification:_identify(src/shore_follower_drive_base) by extension 'python_setup_py'
[0.703s] Level 1:colcon.colcon_core.package_identification:_identify(src/shore_follower_drive_base/shore_follower_drive_base) by extensions ['ignore', 'ignore_ament_install']
[0.703s] Level 1:colcon.colcon_core.package_identification:_identify(src/shore_follower_drive_base/shore_follower_drive_base) by extension 'ignore'
[0.703s] Level 1:colcon.colcon_core.package_identification:_identify(src/shore_follower_drive_base/shore_follower_drive_base) by extension 'ignore_ament_install'
[0.703s] Level 1:colcon.colcon_core.package_identification:_identify(src/shore_follower_drive_base/shore_follower_drive_base) by extensions ['colcon_pkg']
[0.703s] Level 1:colcon.colcon_core.package_identification:_identify(src/shore_follower_drive_base/shore_follower_drive_base) by extension 'colcon_pkg'
[0.704s] Level 1:colcon.colcon_core.package_identification:_identify(src/shore_follower_drive_base/shore_follower_drive_base) by extensions ['colcon_meta']
[0.704s] Level 1:colcon.colcon_core.package_identification:_identify(src/shore_follower_drive_base/shore_follower_drive_base) by extension 'colcon_meta'
[0.704s] Level 1:colcon.colcon_core.package_identification:_identify(src/shore_follower_drive_base/shore_follower_drive_base) by extensions ['ros']
[0.704s] Level 1:colcon.colcon_core.package_identification:_identify(src/shore_follower_drive_base/shore_follower_drive_base) by extension 'ros'
[0.705s] Level 1:colcon.colcon_core.package_identification:_identify(src/shore_follower_drive_base/shore_follower_drive_base) by extensions ['cmake', 'python']
[0.705s] Level 1:colcon.colcon_core.package_identification:_identify(src/shore_follower_drive_base/shore_follower_drive_base) by extension 'cmake'
[0.705s] Level 1:colcon.colcon_core.package_identification:_identify(src/shore_follower_drive_base/shore_follower_drive_base) by extension 'python'
[0.706s] Level 1:colcon.colcon_core.package_identification:_identify(src/shore_follower_drive_base/shore_follower_drive_base) by extensions ['python_setup_py']
[0.706s] Level 1:colcon.colcon_core.package_identification:_identify(src/shore_follower_drive_base/shore_follower_drive_base) by extension 'python_setup_py'
[0.707s] Level 1:colcon.colcon_core.package_identification:_identify(src/shore_follower_drive_base/shore_follower_drive_base/__pycache__) by extensions ['ignore', 'ignore_ament_install']
[0.707s] Level 1:colcon.colcon_core.package_identification:_identify(src/shore_follower_drive_base/shore_follower_drive_base/__pycache__) by extension 'ignore'
[0.707s] Level 1:colcon.colcon_core.package_identification:_identify(src/shore_follower_drive_base/shore_follower_drive_base/__pycache__) by extension 'ignore_ament_install'
[0.708s] Level 1:colcon.colcon_core.package_identification:_identify(src/shore_follower_drive_base/shore_follower_drive_base/__pycache__) by extensions ['colcon_pkg']
[0.708s] Level 1:colcon.colcon_core.package_identification:_identify(src/shore_follower_drive_base/shore_follower_drive_base/__pycache__) by extension 'colcon_pkg'
[0.709s] Level 1:colcon.colcon_core.package_identification:_identify(src/shore_follower_drive_base/shore_follower_drive_base/__pycache__) by extensions ['colcon_meta']
[0.709s] Level 1:colcon.colcon_core.package_identification:_identify(src/shore_follower_drive_base/shore_follower_drive_base/__pycache__) by extension 'colcon_meta'
[0.709s] Level 1:colcon.colcon_core.package_identification:_identify(src/shore_follower_drive_base/shore_follower_drive_base/__pycache__) by extensions ['ros']
[0.709s] Level 1:colcon.colcon_core.package_identification:_identify(src/shore_follower_drive_base/shore_follower_drive_base/__pycache__) by extension 'ros'
[0.710s] Level 1:colcon.colcon_core.package_identification:_identify(src/shore_follower_drive_base/shore_follower_drive_base/__pycache__) by extensions ['cmake', 'python']
[0.710s] Level 1:colcon.colcon_core.package_identification:_identify(src/shore_follower_drive_base/shore_follower_drive_base/__pycache__) by extension 'cmake'
[0.710s] Level 1:colcon.colcon_core.package_identification:_identify(src/shore_follower_drive_base/shore_follower_drive_base/__pycache__) by extension 'python'
[0.711s] Level 1:colcon.colcon_core.package_identification:_identify(src/shore_follower_drive_base/shore_follower_drive_base/__pycache__) by extensions ['python_setup_py']
[0.711s] Level 1:colcon.colcon_core.package_identification:_identify(src/shore_follower_drive_base/shore_follower_drive_base/__pycache__) by extension 'python_setup_py'
[0.712s] Level 1:colcon.colcon_core.package_identification:_identify(src/shore_follower_observe) by extensions ['ignore', 'ignore_ament_install']
[0.712s] Level 1:colcon.colcon_core.package_identification:_identify(src/shore_follower_observe) by extension 'ignore'
[0.712s] Level 1:colcon.colcon_core.package_identification:_identify(src/shore_follower_observe) by extension 'ignore_ament_install'
[0.712s] Level 1:colcon.colcon_core.package_identification:_identify(src/shore_follower_observe) by extensions ['colcon_pkg']
[0.713s] Level 1:colcon.colcon_core.package_identification:_identify(src/shore_follower_observe) by extension 'colcon_pkg'
[0.713s] Level 1:colcon.colcon_core.package_identification:_identify(src/shore_follower_observe) by extensions ['colcon_meta']
[0.713s] Level 1:colcon.colcon_core.package_identification:_identify(src/shore_follower_observe) by extension 'colcon_meta'
[0.713s] Level 1:colcon.colcon_core.package_identification:_identify(src/shore_follower_observe) by extensions ['ros']
[0.714s] Level 1:colcon.colcon_core.package_identification:_identify(src/shore_follower_observe) by extension 'ros'
[0.715s] DEBUG:colcon.colcon_core.package_identification:Package 'src/shore_follower_observe' with type 'ros.ament_cmake' and name 'shore_follower_observe'
[0.715s] Level 1:colcon.colcon_core.package_identification:_identify(src/vrep4_helpers) by extensions ['ignore', 'ignore_ament_install']
[0.715s] Level 1:colcon.colcon_core.package_identification:_identify(src/vrep4_helpers) by extension 'ignore'
[0.716s] Level 1:colcon.colcon_core.package_identification:_identify(src/vrep4_helpers) by extension 'ignore_ament_install'
[0.716s] Level 1:colcon.colcon_core.package_identification:_identify(src/vrep4_helpers) by extensions ['colcon_pkg']
[0.716s] Level 1:colcon.colcon_core.package_identification:_identify(src/vrep4_helpers) by extension 'colcon_pkg'
[0.717s] Level 1:colcon.colcon_core.package_identification:_identify(src/vrep4_helpers) by extensions ['colcon_meta']
[0.717s] Level 1:colcon.colcon_core.package_identification:_identify(src/vrep4_helpers) by extension 'colcon_meta'
[0.717s] Level 1:colcon.colcon_core.package_identification:_identify(src/vrep4_helpers) by extensions ['ros']
[0.718s] Level 1:colcon.colcon_core.package_identification:_identify(src/vrep4_helpers) by extension 'ros'
[0.719s] DEBUG:colcon.colcon_core.package_identification:Package 'src/vrep4_helpers' with type 'ros.ament_cmake' and name 'vrep4_helpers'
[0.719s] Level 1:colcon.colcon_core.package_identification:_identify(src/vrep_ros_teleop) by extensions ['ignore', 'ignore_ament_install']
[0.719s] Level 1:colcon.colcon_core.package_identification:_identify(src/vrep_ros_teleop) by extension 'ignore'
[0.719s] Level 1:colcon.colcon_core.package_identification:_identify(src/vrep_ros_teleop) by extension 'ignore_ament_install'
[0.720s] Level 1:colcon.colcon_core.package_identification:_identify(src/vrep_ros_teleop) by extensions ['colcon_pkg']
[0.720s] Level 1:colcon.colcon_core.package_identification:_identify(src/vrep_ros_teleop) by extension 'colcon_pkg'
[0.720s] Level 1:colcon.colcon_core.package_identification:_identify(src/vrep_ros_teleop) by extensions ['colcon_meta']
[0.721s] Level 1:colcon.colcon_core.package_identification:_identify(src/vrep_ros_teleop) by extension 'colcon_meta'
[0.721s] Level 1:colcon.colcon_core.package_identification:_identify(src/vrep_ros_teleop) by extensions ['ros']
[0.721s] Level 1:colcon.colcon_core.package_identification:_identify(src/vrep_ros_teleop) by extension 'ros'
[0.722s] DEBUG:colcon.colcon_core.package_identification:Package 'src/vrep_ros_teleop' with type 'ros.ament_python' and name 'vrep_ros_teleop'
[0.723s] Level 1:colcon.colcon_core.package_identification:_identify(src/vrep_vsv_driver) by extensions ['ignore', 'ignore_ament_install']
[0.723s] Level 1:colcon.colcon_core.package_identification:_identify(src/vrep_vsv_driver) by extension 'ignore'
[0.723s] Level 1:colcon.colcon_core.package_identification:_identify(src/vrep_vsv_driver) by extension 'ignore_ament_install'
[0.723s] Level 1:colcon.colcon_core.package_identification:_identify(src/vrep_vsv_driver) by extensions ['colcon_pkg']
[0.724s] Level 1:colcon.colcon_core.package_identification:_identify(src/vrep_vsv_driver) by extension 'colcon_pkg'
[0.724s] Level 1:colcon.colcon_core.package_identification:_identify(src/vrep_vsv_driver) by extensions ['colcon_meta']
[0.724s] Level 1:colcon.colcon_core.package_identification:_identify(src/vrep_vsv_driver) by extension 'colcon_meta'
[0.725s] Level 1:colcon.colcon_core.package_identification:_identify(src/vrep_vsv_driver) by extensions ['ros']
[0.725s] Level 1:colcon.colcon_core.package_identification:_identify(src/vrep_vsv_driver) by extension 'ros'
[0.726s] DEBUG:colcon.colcon_core.package_identification:Package 'src/vrep_vsv_driver' with type 'ros.ament_python' and name 'vrep_vsv_driver'
[0.727s] Level 1:colcon.colcon_core.package_identification:_identify(sysid) by extensions ['ignore', 'ignore_ament_install']
[0.727s] Level 1:colcon.colcon_core.package_identification:_identify(sysid) by extension 'ignore'
[0.727s] Level 1:colcon.colcon_core.package_identification:_identify(sysid) by extension 'ignore_ament_install'
[0.727s] Level 1:colcon.colcon_core.package_identification:_identify(sysid) by extensions ['colcon_pkg']
[0.728s] Level 1:colcon.colcon_core.package_identification:_identify(sysid) by extension 'colcon_pkg'
[0.728s] Level 1:colcon.colcon_core.package_identification:_identify(sysid) by extensions ['colcon_meta']
[0.728s] Level 1:colcon.colcon_core.package_identification:_identify(sysid) by extension 'colcon_meta'
[0.729s] Level 1:colcon.colcon_core.package_identification:_identify(sysid) by extensions ['ros']
[0.729s] Level 1:colcon.colcon_core.package_identification:_identify(sysid) by extension 'ros'
[0.729s] Level 1:colcon.colcon_core.package_identification:_identify(sysid) by extensions ['cmake', 'python']
[0.730s] Level 1:colcon.colcon_core.package_identification:_identify(sysid) by extension 'cmake'
[0.730s] Level 1:colcon.colcon_core.package_identification:_identify(sysid) by extension 'python'
[0.731s] Level 1:colcon.colcon_core.package_identification:_identify(sysid) by extensions ['python_setup_py']
[0.731s] Level 1:colcon.colcon_core.package_identification:_identify(sysid) by extension 'python_setup_py'
[0.732s] Level 1:colcon.colcon_core.package_identification:_identify(sysid/data) by extensions ['ignore', 'ignore_ament_install']
[0.732s] Level 1:colcon.colcon_core.package_identification:_identify(sysid/data) by extension 'ignore'
[0.732s] Level 1:colcon.colcon_core.package_identification:_identify(sysid/data) by extension 'ignore_ament_install'
[0.732s] Level 1:colcon.colcon_core.package_identification:_identify(sysid/data) by extensions ['colcon_pkg']
[0.732s] Level 1:colcon.colcon_core.package_identification:_identify(sysid/data) by extension 'colcon_pkg'
[0.733s] Level 1:colcon.colcon_core.package_identification:_identify(sysid/data) by extensions ['colcon_meta']
[0.733s] Level 1:colcon.colcon_core.package_identification:_identify(sysid/data) by extension 'colcon_meta'
[0.733s] Level 1:colcon.colcon_core.package_identification:_identify(sysid/data) by extensions ['ros']
[0.734s] Level 1:colcon.colcon_core.package_identification:_identify(sysid/data) by extension 'ros'
[0.734s] Level 1:colcon.colcon_core.package_identification:_identify(sysid/data) by extensions ['cmake', 'python']
[0.734s] Level 1:colcon.colcon_core.package_identification:_identify(sysid/data) by extension 'cmake'
[0.735s] Level 1:colcon.colcon_core.package_identification:_identify(sysid/data) by extension 'python'
[0.735s] Level 1:colcon.colcon_core.package_identification:_identify(sysid/data) by extensions ['python_setup_py']
[0.735s] Level 1:colcon.colcon_core.package_identification:_identify(sysid/data) by extension 'python_setup_py'
[0.736s] Level 1:colcon.colcon_core.package_identification:_identify(sysid/figures) by extensions ['ignore', 'ignore_ament_install']
[0.736s] Level 1:colcon.colcon_core.package_identification:_identify(sysid/figures) by extension 'ignore'
[0.736s] Level 1:colcon.colcon_core.package_identification:_identify(sysid/figures) by extension 'ignore_ament_install'
[0.737s] Level 1:colcon.colcon_core.package_identification:_identify(sysid/figures) by extensions ['colcon_pkg']
[0.737s] Level 1:colcon.colcon_core.package_identification:_identify(sysid/figures) by extension 'colcon_pkg'
[0.737s] Level 1:colcon.colcon_core.package_identification:_identify(sysid/figures) by extensions ['colcon_meta']
[0.737s] Level 1:colcon.colcon_core.package_identification:_identify(sysid/figures) by extension 'colcon_meta'
[0.738s] Level 1:colcon.colcon_core.package_identification:_identify(sysid/figures) by extensions ['ros']
[0.738s] Level 1:colcon.colcon_core.package_identification:_identify(sysid/figures) by extension 'ros'
[0.739s] Level 1:colcon.colcon_core.package_identification:_identify(sysid/figures) by extensions ['cmake', 'python']
[0.739s] Level 1:colcon.colcon_core.package_identification:_identify(sysid/figures) by extension 'cmake'
[0.739s] Level 1:colcon.colcon_core.package_identification:_identify(sysid/figures) by extension 'python'
[0.739s] Level 1:colcon.colcon_core.package_identification:_identify(sysid/figures) by extensions ['python_setup_py']
[0.740s] Level 1:colcon.colcon_core.package_identification:_identify(sysid/figures) by extension 'python_setup_py'
[0.740s] Level 1:colcon.colcon_core.package_discovery:discover_packages(recursive) using defaults
[0.740s] Level 1:colcon.colcon_core.package_discovery:discover_packages(ignore) discover
[0.741s] Level 1:colcon.colcon_core.package_discovery:discover_packages(ignore) using defaults
[0.741s] Level 1:colcon.colcon_core.package_discovery:discover_packages(path) discover
[0.741s] Level 1:colcon.colcon_core.package_discovery:discover_packages(path) using defaults
[0.761s] INFO:colcon.colcon_core.package_selection:Skipping package 'task_manager_sync' in 'src/ros_task_manager/src/task_manager_sync'
[0.761s] INFO:colcon.colcon_core.package_selection:Skipping package 'floor_plane_regression_base' in 'src/floor_plane_regression_base'
[0.761s] INFO:colcon.colcon_core.package_selection:Skipping package 'vrep_vsv_driver' in 'src/vrep_vsv_driver'
[0.761s] INFO:colcon.colcon_core.package_selection:Skipping package 'vrep4_helpers' in 'src/vrep4_helpers'
[0.761s] INFO:colcon.colcon_core.package_selection:Skipping package 'shore_follower_observe' in 'src/shore_follower_observe'
[0.761s] INFO:colcon.colcon_core.package_selection:Skipping package 'pytorch_models_base' in 'src/pytorch_models_base'
[0.761s] INFO:colcon.colcon_core.package_selection:Skipping package 'model_prediction' in 'src/model_prediction'
[0.761s] INFO:colcon.colcon_core.package_selection:Skipping package 'joy_teleop' in 'src/joy_teleop'
[0.762s] INFO:colcon.colcon_core.package_selection:Skipping package 'floor_plane_record_base' in 'src/floor_plane_record_base'
[0.762s] INFO:colcon.colcon_core.package_selection:Skipping package 'floor_plane_ransac_base' in 'src/floor_plane_ransac_base'
[0.762s] INFO:colcon.colcon_core.package_selection:Skipping package 'floor_plane_hough_base' in 'src/floor_plane_hough_base'
[0.762s] INFO:colcon.colcon_core.package_selection:Skipping package 'floor_plane_ceres_base' in 'src/floor_plane_ceres_base'
[0.762s] INFO:colcon.colcon_core.package_selection:Skipping package 'cv_bridge2' in 'src/cv_bridge2'
[0.763s] INFO:colcon.colcon_core.package_selection:Skipping package 'button_server' in 'src/ros_task_manager/src/button_server'
[0.764s] Level 1:colcon.colcon_core.package_discovery:discover_packages(prefix_path) check parameters
[0.764s] Level 1:colcon.colcon_core.package_discovery:discover_packages(prefix_path) discover
[0.772s] DEBUG:colcon.colcon_installed_package_information.package_discovery:Found 6 installed packages in /home/GTL/asacks/ros_workspace/install
[0.773s] DEBUG:colcon.colcon_installed_package_information.package_discovery:Found 358 installed packages in /opt/ros/kilted
[0.773s] Level 1:colcon.colcon_core.package_discovery:discover_packages(prefix_path) using defaults
[0.870s] Level 5:colcon.colcon_core.verb:set package 'cs7630_msgs' build argument 'cmake_args' from command line to 'None'
[0.870s] Level 5:colcon.colcon_core.verb:set package 'cs7630_msgs' build argument 'cmake_target' from command line to 'None'
[0.870s] Level 5:colcon.colcon_core.verb:set package 'cs7630_msgs' build argument 'cmake_target_skip_unavailable' from command line to 'False'
[0.870s] Level 5:colcon.colcon_core.verb:set package 'cs7630_msgs' build argument 'cmake_clean_cache' from command line to 'False'
[0.870s] Level 5:colcon.colcon_core.verb:set package 'cs7630_msgs' build argument 'cmake_clean_first' from command line to 'False'
[0.871s] Level 5:colcon.colcon_core.verb:set package 'cs7630_msgs' build argument 'cmake_force_configure' from command line to 'False'
[0.872s] Level 5:colcon.colcon_core.verb:set package 'cs7630_msgs' build argument 'ament_cmake_args' from command line to 'None'
[0.872s] Level 5:colcon.colcon_core.verb:set package 'cs7630_msgs' build argument 'catkin_cmake_args' from command line to 'None'
[0.873s] Level 5:colcon.colcon_core.verb:set package 'cs7630_msgs' build argument 'catkin_skip_building_tests' from command line to 'False'
[0.873s] DEBUG:colcon.colcon_core.verb:Building package 'cs7630_msgs' with the following arguments: {'ament_cmake_args': None, 'build_base': '/home/GTL/asacks/ros_workspace/build/cs7630_msgs', 'catkin_cmake_args': None, 'catkin_skip_building_tests': False, 'cmake_args': None, 'cmake_clean_cache': False, 'cmake_clean_first': False, 'cmake_force_configure': False, 'cmake_target': None, 'cmake_target_skip_unavailable': False, 'install_base': '/home/GTL/asacks/ros_workspace/install/cs7630_msgs', 'merge_install': False, 'path': '/home/GTL/asacks/ros_workspace/src/cs7630_msgs', 'symlink_install': True, 'test_result_base': None}
[0.874s] Level 5:colcon.colcon_core.verb:set package 'floor_graph' build argument 'cmake_args' from command line to 'None'
[0.874s] Level 5:colcon.colcon_core.verb:set package 'floor_graph' build argument 'cmake_target' from command line to 'None'
[0.875s] Level 5:colcon.colcon_core.verb:set package 'floor_graph' build argument 'cmake_target_skip_unavailable' from command line to 'False'
[0.875s] Level 5:colcon.colcon_core.verb:set package 'floor_graph' build argument 'cmake_clean_cache' from command line to 'False'
[0.876s] Level 5:colcon.colcon_core.verb:set package 'floor_graph' build argument 'cmake_clean_first' from command line to 'False'
[0.876s] Level 5:colcon.colcon_core.verb:set package 'floor_graph' build argument 'cmake_force_configure' from command line to 'False'
[0.876s] Level 5:colcon.colcon_core.verb:set package 'floor_graph' build argument 'ament_cmake_args' from command line to 'None'
[0.876s] Level 5:colcon.colcon_core.verb:set package 'floor_graph' build argument 'catkin_cmake_args' from command line to 'None'
[0.877s] Level 5:colcon.colcon_core.verb:set package 'floor_graph' build argument 'catkin_skip_building_tests' from command line to 'False'
[0.877s] DEBUG:colcon.colcon_core.verb:Building package 'floor_graph' with the following arguments: {'ament_cmake_args': None, 'build_base': '/home/GTL/asacks/ros_workspace/build/floor_graph', 'catkin_cmake_args': None, 'catkin_skip_building_tests': False, 'cmake_args': None, 'cmake_clean_cache': False, 'cmake_clean_first': False, 'cmake_force_configure': False, 'cmake_target': None, 'cmake_target_skip_unavailable': False, 'install_base': '/home/GTL/asacks/ros_workspace/install/floor_graph', 'merge_install': False, 'path': '/home/GTL/asacks/ros_workspace/src/floor_graph', 'symlink_install': True, 'test_result_base': None}
[0.877s] Level 5:colcon.colcon_core.verb:set package 'nav2_common' build argument 'cmake_args' from command line to 'None'
[0.878s] Level 5:colcon.colcon_core.verb:set package 'nav2_common' build argument 'cmake_target' from command line to 'None'
[0.878s] Level 5:colcon.colcon_core.verb:set package 'nav2_common' build argument 'cmake_target_skip_unavailable' from command line to 'False'
[0.878s] Level 5:colcon.colcon_core.verb:set package 'nav2_common' build argument 'cmake_clean_cache' from command line to 'False'
[0.878s] Level 5:colcon.colcon_core.verb:set package 'nav2_common' build argument 'cmake_clean_first' from command line to 'False'
[0.879s] Level 5:colcon.colcon_core.verb:set package 'nav2_common' build argument 'cmake_force_configure' from command line to 'False'
[0.879s] Level 5:colcon.colcon_core.verb:set package 'nav2_common' build argument 'ament_cmake_args' from command line to 'None'
[0.879s] Level 5:colcon.colcon_core.verb:set package 'nav2_common' build argument 'catkin_cmake_args' from command line to 'None'
[0.880s] Level 5:colcon.colcon_core.verb:set package 'nav2_common' build argument 'catkin_skip_building_tests' from command line to 'False'
[0.880s] DEBUG:colcon.colcon_core.verb:Building package 'nav2_common' with the following arguments: {'ament_cmake_args': None, 'build_base': '/home/GTL/asacks/ros_workspace/build/nav2_common', 'catkin_cmake_args': None, 'catkin_skip_building_tests': False, 'cmake_args': None, 'cmake_clean_cache': False, 'cmake_clean_first': False, 'cmake_force_configure': False, 'cmake_target': None, 'cmake_target_skip_unavailable': False, 'install_base': '/home/GTL/asacks/ros_workspace/install/nav2_common', 'merge_install': False, 'path': '/home/GTL/asacks/ros_workspace/src/nav2_common', 'symlink_install': True, 'test_result_base': None}
[0.881s] Level 5:colcon.colcon_core.verb:set package 'task_manager_msgs' build argument 'cmake_args' from command line to 'None'
[0.881s] Level 5:colcon.colcon_core.verb:set package 'task_manager_msgs' build argument 'cmake_target' from command line to 'None'
[0.881s] Level 5:colcon.colcon_core.verb:set package 'task_manager_msgs' build argument 'cmake_target_skip_unavailable' from command line to 'False'
[0.882s] Level 5:colcon.colcon_core.verb:set package 'task_manager_msgs' build argument 'cmake_clean_cache' from command line to 'False'
[0.882s] Level 5:colcon.colcon_core.verb:set package 'task_manager_msgs' build argument 'cmake_clean_first' from command line to 'False'
[0.883s] Level 5:colcon.colcon_core.verb:set package 'task_manager_msgs' build argument 'cmake_force_configure' from command line to 'False'
[0.883s] Level 5:colcon.colcon_core.verb:set package 'task_manager_msgs' build argument 'ament_cmake_args' from command line to 'None'
[0.883s] Level 5:colcon.colcon_core.verb:set package 'task_manager_msgs' build argument 'catkin_cmake_args' from command line to 'None'
[0.884s] Level 5:colcon.colcon_core.verb:set package 'task_manager_msgs' build argument 'catkin_skip_building_tests' from command line to 'False'
[0.884s] DEBUG:colcon.colcon_core.verb:Building package 'task_manager_msgs' with the following arguments: {'ament_cmake_args': None, 'build_base': '/home/GTL/asacks/ros_workspace/build/task_manager_msgs', 'catkin_cmake_args': None, 'catkin_skip_building_tests': False, 'cmake_args': None, 'cmake_clean_cache': False, 'cmake_clean_first': False, 'cmake_force_configure': False, 'cmake_target': None, 'cmake_target_skip_unavailable': False, 'install_base': '/home/GTL/asacks/ros_workspace/install/task_manager_msgs', 'merge_install': False, 'path': '/home/GTL/asacks/ros_workspace/src/ros_task_manager/src/task_manager_msgs', 'symlink_install': True, 'test_result_base': None}
[0.885s] Level 5:colcon.colcon_core.verb:set package 'vrep_ros_teleop' build argument 'cmake_args' from command line to 'None'
[0.885s] Level 5:colcon.colcon_core.verb:set package 'vrep_ros_teleop' build argument 'cmake_target' from command line to 'None'
[0.885s] Level 5:colcon.colcon_core.verb:set package 'vrep_ros_teleop' build argument 'cmake_target_skip_unavailable' from command line to 'False'
[0.886s] Level 5:colcon.colcon_core.verb:set package 'vrep_ros_teleop' build argument 'cmake_clean_cache' from command line to 'False'
[0.886s] Level 5:colcon.colcon_core.verb:set package 'vrep_ros_teleop' build argument 'cmake_clean_first' from command line to 'False'
[0.887s] Level 5:colcon.colcon_core.verb:set package 'vrep_ros_teleop' build argument 'cmake_force_configure' from command line to 'False'
[0.887s] Level 5:colcon.colcon_core.verb:set package 'vrep_ros_teleop' build argument 'ament_cmake_args' from command line to 'None'
[0.888s] Level 5:colcon.colcon_core.verb:set package 'vrep_ros_teleop' build argument 'catkin_cmake_args' from command line to 'None'
[0.888s] Level 5:colcon.colcon_core.verb:set package 'vrep_ros_teleop' build argument 'catkin_skip_building_tests' from command line to 'False'
[0.888s] DEBUG:colcon.colcon_core.verb:Building package 'vrep_ros_teleop' with the following arguments: {'ament_cmake_args': None, 'build_base': '/home/GTL/asacks/ros_workspace/build/vrep_ros_teleop', 'catkin_cmake_args': None, 'catkin_skip_building_tests': False, 'cmake_args': None, 'cmake_clean_cache': False, 'cmake_clean_first': False, 'cmake_force_configure': False, 'cmake_target': None, 'cmake_target_skip_unavailable': False, 'install_base': '/home/GTL/asacks/ros_workspace/install/vrep_ros_teleop', 'merge_install': False, 'path': '/home/GTL/asacks/ros_workspace/src/vrep_ros_teleop', 'symlink_install': True, 'test_result_base': None}
[0.889s] Level 5:colcon.colcon_core.verb:set package 'nav2_msgs' build argument 'cmake_args' from command line to 'None'
[0.889s] Level 5:colcon.colcon_core.verb:set package 'nav2_msgs' build argument 'cmake_target' from command line to 'None'
[0.890s] Level 5:colcon.colcon_core.verb:set package 'nav2_msgs' build argument 'cmake_target_skip_unavailable' from command line to 'False'
[0.890s] Level 5:colcon.colcon_core.verb:set package 'nav2_msgs' build argument 'cmake_clean_cache' from command line to 'False'
[0.890s] Level 5:colcon.colcon_core.verb:set package 'nav2_msgs' build argument 'cmake_clean_first' from command line to 'False'
[0.891s] Level 5:colcon.colcon_core.verb:set package 'nav2_msgs' build argument 'cmake_force_configure' from command line to 'False'
[0.891s] Level 5:colcon.colcon_core.verb:set package 'nav2_msgs' build argument 'ament_cmake_args' from command line to 'None'
[0.891s] Level 5:colcon.colcon_core.verb:set package 'nav2_msgs' build argument 'catkin_cmake_args' from command line to 'None'
[0.892s] Level 5:colcon.colcon_core.verb:set package 'nav2_msgs' build argument 'catkin_skip_building_tests' from command line to 'False'
[0.892s] DEBUG:colcon.colcon_core.verb:Building package 'nav2_msgs' with the following arguments: {'ament_cmake_args': None, 'build_base': '/home/GTL/asacks/ros_workspace/build/nav2_msgs', 'catkin_cmake_args': None, 'catkin_skip_building_tests': False, 'cmake_args': None, 'cmake_clean_cache': False, 'cmake_clean_first': False, 'cmake_force_configure': False, 'cmake_target': None, 'cmake_target_skip_unavailable': False, 'install_base': '/home/GTL/asacks/ros_workspace/install/nav2_msgs', 'merge_install': False, 'path': '/home/GTL/asacks/ros_workspace/src/nav2_msgs', 'symlink_install': True, 'test_result_base': None}
[0.893s] Level 5:colcon.colcon_core.verb:set package 'task_manager_client_py' build argument 'cmake_args' from command line to 'None'
[0.893s] Level 5:colcon.colcon_core.verb:set package 'task_manager_client_py' build argument 'cmake_target' from command line to 'None'
[0.894s] Level 5:colcon.colcon_core.verb:set package 'task_manager_client_py' build argument 'cmake_target_skip_unavailable' from command line to 'False'
[0.894s] Level 5:colcon.colcon_core.verb:set package 'task_manager_client_py' build argument 'cmake_clean_cache' from command line to 'False'
[0.894s] Level 5:colcon.colcon_core.verb:set package 'task_manager_client_py' build argument 'cmake_clean_first' from command line to 'False'
[0.895s] Level 5:colcon.colcon_core.verb:set package 'task_manager_client_py' build argument 'cmake_force_configure' from command line to 'False'
[0.895s] Level 5:colcon.colcon_core.verb:set package 'task_manager_client_py' build argument 'ament_cmake_args' from command line to 'None'
[0.896s] Level 5:colcon.colcon_core.verb:set package 'task_manager_client_py' build argument 'catkin_cmake_args' from command line to 'None'
[0.896s] Level 5:colcon.colcon_core.verb:set package 'task_manager_client_py' build argument 'catkin_skip_building_tests' from command line to 'False'
[0.897s] DEBUG:colcon.colcon_core.verb:Building package 'task_manager_client_py' with the following arguments: {'ament_cmake_args': None, 'build_base': '/home/GTL/asacks/ros_workspace/build/task_manager_client_py', 'catkin_cmake_args': None, 'catkin_skip_building_tests': False, 'cmake_args': None, 'cmake_clean_cache': False, 'cmake_clean_first': False, 'cmake_force_configure': False, 'cmake_target': None, 'cmake_target_skip_unavailable': False, 'install_base': '/home/GTL/asacks/ros_workspace/install/task_manager_client_py', 'merge_install': False, 'path': '/home/GTL/asacks/ros_workspace/src/ros_task_manager/src/task_manager_client_py', 'symlink_install': True, 'test_result_base': None}
[0.897s] Level 5:colcon.colcon_core.verb:set package 'task_manager_lib' build argument 'cmake_args' from command line to 'None'
[0.897s] Level 5:colcon.colcon_core.verb:set package 'task_manager_lib' build argument 'cmake_target' from command line to 'None'
[0.898s] Level 5:colcon.colcon_core.verb:set package 'task_manager_lib' build argument 'cmake_target_skip_unavailable' from command line to 'False'
[0.898s] Level 5:colcon.colcon_core.verb:set package 'task_manager_lib' build argument 'cmake_clean_cache' from command line to 'False'
[0.898s] Level 5:colcon.colcon_core.verb:set package 'task_manager_lib' build argument 'cmake_clean_first' from command line to 'False'
[0.899s] Level 5:colcon.colcon_core.verb:set package 'task_manager_lib' build argument 'cmake_force_configure' from command line to 'False'
[0.899s] Level 5:colcon.colcon_core.verb:set package 'task_manager_lib' build argument 'ament_cmake_args' from command line to 'None'
[0.899s] Level 5:colcon.colcon_core.verb:set package 'task_manager_lib' build argument 'catkin_cmake_args' from command line to 'None'
[0.900s] Level 5:colcon.colcon_core.verb:set package 'task_manager_lib' build argument 'catkin_skip_building_tests' from command line to 'False'
[0.900s] DEBUG:colcon.colcon_core.verb:Building package 'task_manager_lib' with the following arguments: {'ament_cmake_args': None, 'build_base': '/home/GTL/asacks/ros_workspace/build/task_manager_lib', 'catkin_cmake_args': None, 'catkin_skip_building_tests': False, 'cmake_args': None, 'cmake_clean_cache': False, 'cmake_clean_first': False, 'cmake_force_configure': False, 'cmake_target': None, 'cmake_target_skip_unavailable': False, 'install_base': '/home/GTL/asacks/ros_workspace/install/task_manager_lib', 'merge_install': False, 'path': '/home/GTL/asacks/ros_workspace/src/ros_task_manager/src/task_manager_lib', 'symlink_install': True, 'test_result_base': None}
[0.900s] Level 5:colcon.colcon_core.verb:set package 'task_manager_nav2' build argument 'cmake_args' from command line to 'None'
[0.901s] Level 5:colcon.colcon_core.verb:set package 'task_manager_nav2' build argument 'cmake_target' from command line to 'None'
[0.901s] Level 5:colcon.colcon_core.verb:set package 'task_manager_nav2' build argument 'cmake_target_skip_unavailable' from command line to 'False'
[0.901s] Level 5:colcon.colcon_core.verb:set package 'task_manager_nav2' build argument 'cmake_clean_cache' from command line to 'False'
[0.902s] Level 5:colcon.colcon_core.verb:set package 'task_manager_nav2' build argument 'cmake_clean_first' from command line to 'False'
[0.902s] Level 5:colcon.colcon_core.verb:set package 'task_manager_nav2' build argument 'cmake_force_configure' from command line to 'False'
[0.902s] Level 5:colcon.colcon_core.verb:set package 'task_manager_nav2' build argument 'ament_cmake_args' from command line to 'None'
[0.903s] Level 5:colcon.colcon_core.verb:set package 'task_manager_nav2' build argument 'catkin_cmake_args' from command line to 'None'
[0.903s] Level 5:colcon.colcon_core.verb:set package 'task_manager_nav2' build argument 'catkin_skip_building_tests' from command line to 'False'
[0.903s] DEBUG:colcon.colcon_core.verb:Building package 'task_manager_nav2' with the following arguments: {'ament_cmake_args': None, 'build_base': '/home/GTL/asacks/ros_workspace/build/task_manager_nav2', 'catkin_cmake_args': None, 'catkin_skip_building_tests': False, 'cmake_args': None, 'cmake_clean_cache': False, 'cmake_clean_first': False, 'cmake_force_configure': False, 'cmake_target': None, 'cmake_target_skip_unavailable': False, 'install_base': '/home/GTL/asacks/ros_workspace/install/task_manager_nav2', 'merge_install': False, 'path': '/home/GTL/asacks/ros_workspace/src/ros_task_manager/src/task_manager_nav2', 'symlink_install': True, 'test_result_base': None}
[0.904s] Level 5:colcon.colcon_core.verb:set package 'floor_nav' build argument 'cmake_args' from command line to 'None'
[0.904s] Level 5:colcon.colcon_core.verb:set package 'floor_nav' build argument 'cmake_target' from command line to 'None'
[0.904s] Level 5:colcon.colcon_core.verb:set package 'floor_nav' build argument 'cmake_target_skip_unavailable' from command line to 'False'
[0.905s] Level 5:colcon.colcon_core.verb:set package 'floor_nav' build argument 'cmake_clean_cache' from command line to 'False'
[0.905s] Level 5:colcon.colcon_core.verb:set package 'floor_nav' build argument 'cmake_clean_first' from command line to 'False'
[0.905s] Level 5:colcon.colcon_core.verb:set package 'floor_nav' build argument 'cmake_force_configure' from command line to 'False'
[0.906s] Level 5:colcon.colcon_core.verb:set package 'floor_nav' build argument 'ament_cmake_args' from command line to 'None'
[0.906s] Level 5:colcon.colcon_core.verb:set package 'floor_nav' build argument 'catkin_cmake_args' from command line to 'None'
[0.906s] Level 5:colcon.colcon_core.verb:set package 'floor_nav' build argument 'catkin_skip_building_tests' from command line to 'False'
[0.907s] DEBUG:colcon.colcon_core.verb:Building package 'floor_nav' with the following arguments: {'ament_cmake_args': None, 'build_base': '/home/GTL/asacks/ros_workspace/build/floor_nav', 'catkin_cmake_args': None, 'catkin_skip_building_tests': False, 'cmake_args': None, 'cmake_clean_cache': False, 'cmake_clean_first': False, 'cmake_force_configure': False, 'cmake_target': None, 'cmake_target_skip_unavailable': False, 'install_base': '/home/GTL/asacks/ros_workspace/install/floor_nav', 'merge_install': False, 'path': '/home/GTL/asacks/ros_workspace/src/floor_nav', 'symlink_install': True, 'test_result_base': None}
[0.907s] INFO:colcon.colcon_core.executor:Executing jobs using 'parallel' executor
[0.908s] DEBUG:colcon.colcon_parallel_executor.executor.parallel:run_until_complete
[0.908s] INFO:colcon.colcon_ros.task.ament_cmake.build:Building ROS package in '/home/GTL/asacks/ros_workspace/src/ros_task_manager/src/task_manager_msgs' with build type 'ament_cmake'
[0.909s] INFO:colcon.colcon_cmake.task.cmake.build:Building CMake package in '/home/GTL/asacks/ros_workspace/src/ros_task_manager/src/task_manager_msgs'
[0.911s] INFO:colcon.colcon_core.plugin_system:Skipping extension 'colcon_core.shell.bat': Not used on non-Windows systems
[0.911s] INFO:colcon.colcon_core.shell:Skip shell extension 'powershell' for command environment: Not usable outside of PowerShell
[0.911s] DEBUG:colcon.colcon_core.shell:Skip shell extension 'dsv' for command environment
[0.921s] INFO:colcon.colcon_ros.task.ament_cmake.build:Building ROS package in '/home/GTL/asacks/ros_workspace/src/nav2_common' with build type 'ament_cmake'
[0.921s] INFO:colcon.colcon_cmake.task.cmake.build:Building CMake package in '/home/GTL/asacks/ros_workspace/src/nav2_common'
[0.921s] INFO:colcon.colcon_core.shell:Skip shell extension 'powershell' for command environment: Not usable outside of PowerShell
[0.921s] DEBUG:colcon.colcon_core.shell:Skip shell extension 'dsv' for command environment
[0.930s] INFO:colcon.colcon_ros.task.ament_cmake.build:Building ROS package in '/home/GTL/asacks/ros_workspace/src/cs7630_msgs' with build type 'ament_cmake'
[0.930s] INFO:colcon.colcon_cmake.task.cmake.build:Building CMake package in '/home/GTL/asacks/ros_workspace/src/cs7630_msgs'
[0.930s] INFO:colcon.colcon_core.shell:Skip shell extension 'powershell' for command environment: Not usable outside of PowerShell
[0.930s] DEBUG:colcon.colcon_core.shell:Skip shell extension 'dsv' for command environment
[0.938s] INFO:colcon.colcon_ros.task.ament_python.build:Building ROS package in '/home/GTL/asacks/ros_workspace/src/floor_graph' with build type 'ament_python'
[0.938s] Level 1:colcon.colcon_core.shell:create_environment_hook('floor_graph', 'ament_prefix_path')
[0.939s] INFO:colcon.colcon_core.shell:Creating environment hook '/home/GTL/asacks/ros_workspace/install/floor_graph/share/floor_graph/hook/ament_prefix_path.ps1'
[0.945s] INFO:colcon.colcon_core.shell:Creating environment descriptor '/home/GTL/asacks/ros_workspace/install/floor_graph/share/floor_graph/hook/ament_prefix_path.dsv'
[0.947s] INFO:colcon.colcon_core.shell:Creating environment hook '/home/GTL/asacks/ros_workspace/install/floor_graph/share/floor_graph/hook/ament_prefix_path.sh'
[0.949s] INFO:colcon.colcon_core.shell:Skip shell extension 'powershell' for command environment: Not usable outside of PowerShell
[0.949s] DEBUG:colcon.colcon_core.shell:Skip shell extension 'dsv' for command environment
[1.035s] INFO:colcon.colcon_ros.task.ament_python.build:Building ROS package in '/home/GTL/asacks/ros_workspace/src/vrep_ros_teleop' with build type 'ament_python'
[1.035s] Level 1:colcon.colcon_core.shell:create_environment_hook('vrep_ros_teleop', 'ament_prefix_path')
[1.036s] INFO:colcon.colcon_core.shell:Creating environment hook '/home/GTL/asacks/ros_workspace/install/vrep_ros_teleop/share/vrep_ros_teleop/hook/ament_prefix_path.ps1'
[1.041s] INFO:colcon.colcon_core.shell:Creating environment descriptor '/home/GTL/asacks/ros_workspace/install/vrep_ros_teleop/share/vrep_ros_teleop/hook/ament_prefix_path.dsv'
[1.043s] INFO:colcon.colcon_core.shell:Creating environment hook '/home/GTL/asacks/ros_workspace/install/vrep_ros_teleop/share/vrep_ros_teleop/hook/ament_prefix_path.sh'
[1.045s] INFO:colcon.colcon_core.shell:Skip shell extension 'powershell' for command environment: Not usable outside of PowerShell
[1.045s] DEBUG:colcon.colcon_core.shell:Skip shell extension 'dsv' for command environment
[1.068s] DEBUG:colcon.colcon_core.event_handler.log_command:Invoking command in '/home/GTL/asacks/ros_workspace/build/task_manager_msgs': CMAKE_PREFIX_PATH=${CMAKE_PREFIX_PATH}:/home/GTL/asacks/ros_workspace/install/model_prediction:/home/GTL/asacks/ros_workspace/install/joy_teleop:/opt/ros/kilted DEBUGINFOD_URLS=https://debuginfod.ubuntu.com /usr/bin/cmake /home/GTL/asacks/ros_workspace/src/ros_task_manager/src/task_manager_msgs -DAMENT_CMAKE_SYMLINK_INSTALL=1 -DCMAKE_INSTALL_PREFIX=/home/GTL/asacks/ros_workspace/install/task_manager_msgs
[1.076s] DEBUG:colcon.colcon_core.event_handler.log_command:Invoking command in '/home/GTL/asacks/ros_workspace/build/nav2_common': CMAKE_PREFIX_PATH=${CMAKE_PREFIX_PATH}:/home/GTL/asacks/ros_workspace/install/model_prediction:/home/GTL/asacks/ros_workspace/install/joy_teleop:/opt/ros/kilted DEBUGINFOD_URLS=https://debuginfod.ubuntu.com /usr/bin/cmake /home/GTL/asacks/ros_workspace/src/nav2_common -DAMENT_CMAKE_SYMLINK_INSTALL=1 -DCMAKE_INSTALL_PREFIX=/home/GTL/asacks/ros_workspace/install/nav2_common
[1.086s] DEBUG:colcon.colcon_core.event_handler.log_command:Invoking command in '/home/GTL/asacks/ros_workspace/build/cs7630_msgs': CMAKE_PREFIX_PATH=${CMAKE_PREFIX_PATH}:/home/GTL/asacks/ros_workspace/install/model_prediction:/home/GTL/asacks/ros_workspace/install/joy_teleop:/opt/ros/kilted DEBUGINFOD_URLS=https://debuginfod.ubuntu.com /usr/bin/cmake /home/GTL/asacks/ros_workspace/src/cs7630_msgs -DAMENT_CMAKE_SYMLINK_INSTALL=1 -DCMAKE_INSTALL_PREFIX=/home/GTL/asacks/ros_workspace/install/cs7630_msgs
[1.307s] INFO:colcon.colcon_core.task.python.build:Building Python package in '/home/GTL/asacks/ros_workspace/src/floor_graph'
[1.307s] INFO:colcon.colcon_core.shell:Skip shell extension 'powershell' for command environment: Not usable outside of PowerShell
[1.307s] DEBUG:colcon.colcon_core.shell:Skip shell extension 'dsv' for command environment
[1.561s] INFO:colcon.colcon_core.task.python.build:Building Python package in '/home/GTL/asacks/ros_workspace/src/vrep_ros_teleop'
[1.562s] INFO:colcon.colcon_core.shell:Skip shell extension 'powershell' for command environment: Not usable outside of PowerShell
[1.562s] DEBUG:colcon.colcon_core.shell:Skip shell extension 'dsv' for command environment
[1.844s] DEBUG:colcon.colcon_core.event_handler.log_command:Invoked command in '/home/GTL/asacks/ros_workspace/build/nav2_common' returned '0': CMAKE_PREFIX_PATH=${CMAKE_PREFIX_PATH}:/home/GTL/asacks/ros_workspace/install/model_prediction:/home/GTL/asacks/ros_workspace/install/joy_teleop:/opt/ros/kilted DEBUGINFOD_URLS=https://debuginfod.ubuntu.com /usr/bin/cmake /home/GTL/asacks/ros_workspace/src/nav2_common -DAMENT_CMAKE_SYMLINK_INSTALL=1 -DCMAKE_INSTALL_PREFIX=/home/GTL/asacks/ros_workspace/install/nav2_common
[1.846s] DEBUG:colcon.colcon_core.event_handler.log_command:Invoking command in '/home/GTL/asacks/ros_workspace/build/nav2_common': CMAKE_PREFIX_PATH=${CMAKE_PREFIX_PATH}:/home/GTL/asacks/ros_workspace/install/model_prediction:/home/GTL/asacks/ros_workspace/install/joy_teleop:/opt/ros/kilted DEBUGINFOD_URLS=https://debuginfod.ubuntu.com /usr/bin/cmake --build /home/GTL/asacks/ros_workspace/build/nav2_common -- -j16 -l16
[2.233s] DEBUG:colcon.colcon_core.event_handler.log_command:Invoked command in '/home/GTL/asacks/ros_workspace/build/nav2_common' returned '0': CMAKE_PREFIX_PATH=${CMAKE_PREFIX_PATH}:/home/GTL/asacks/ros_workspace/install/model_prediction:/home/GTL/asacks/ros_workspace/install/joy_teleop:/opt/ros/kilted DEBUGINFOD_URLS=https://debuginfod.ubuntu.com /usr/bin/cmake --build /home/GTL/asacks/ros_workspace/build/nav2_common -- -j16 -l16
[2.241s] DEBUG:colcon.colcon_core.event_handler.log_command:Invoking command in '/home/GTL/asacks/ros_workspace/build/nav2_common': CMAKE_PREFIX_PATH=${CMAKE_PREFIX_PATH}:/home/GTL/asacks/ros_workspace/install/model_prediction:/home/GTL/asacks/ros_workspace/install/joy_teleop:/opt/ros/kilted DEBUGINFOD_URLS=https://debuginfod.ubuntu.com /usr/bin/cmake --install /home/GTL/asacks/ros_workspace/build/nav2_common
[2.294s] DEBUG:colcon.colcon_core.task.python.build:Available setuptools commands: install_egg_info, upload, bdist_egg, setopt, install, bdist_rpm, install_headers, install_data, develop, extract_messages, bdist, register, install_lib, init_catalog, bdist_dumb, upload_docs, build_py, update_catalog, sdist, rotate, build_ext, symlink_data, alias, clean, dist_info, test, build, saveopts, build_scripts, easy_install, bdist_wheel, egg_info, compile_catalog, check, build_clib, editable_wheel, install_scripts
[2.313s] DEBUG:colcon.colcon_core.task.python.build:Available setuptools commands: install_egg_info, upload, bdist_egg, setopt, install, bdist_rpm, install_headers, install_data, develop, extract_messages, bdist, register, install_lib, init_catalog, bdist_dumb, upload_docs, build_py, update_catalog, sdist, rotate, build_ext, symlink_data, alias, clean, dist_info, test, build, saveopts, build_scripts, easy_install, bdist_wheel, egg_info, compile_catalog, check, build_clib, editable_wheel, install_scripts
[2.561s] Level 1:colcon.colcon_core.environment:create_environment_scripts_only(nav2_common)
[2.562s] DEBUG:colcon.colcon_core.event_handler.log_command:Invoked command in '/home/GTL/asacks/ros_workspace/build/nav2_common' returned '0': CMAKE_PREFIX_PATH=${CMAKE_PREFIX_PATH}:/home/GTL/asacks/ros_workspace/install/model_prediction:/home/GTL/asacks/ros_workspace/install/joy_teleop:/opt/ros/kilted DEBUGINFOD_URLS=https://debuginfod.ubuntu.com /usr/bin/cmake --install /home/GTL/asacks/ros_workspace/build/nav2_common
[2.564s] Level 1:colcon.colcon_core.environment:checking '/home/GTL/asacks/ros_workspace/install/nav2_common' for CMake module files
[2.567s] Level 1:colcon.colcon_core.environment:checking '/home/GTL/asacks/ros_workspace/install/nav2_common' for CMake config files
[2.573s] Level 1:colcon.colcon_core.shell:create_environment_hook('nav2_common', 'cmake_prefix_path')
[2.573s] INFO:colcon.colcon_core.shell:Creating environment hook '/home/GTL/asacks/ros_workspace/install/nav2_common/share/nav2_common/hook/cmake_prefix_path.ps1'
[2.575s] INFO:colcon.colcon_core.shell:Creating environment descriptor '/home/GTL/asacks/ros_workspace/install/nav2_common/share/nav2_common/hook/cmake_prefix_path.dsv'
[2.577s] INFO:colcon.colcon_core.shell:Creating environment hook '/home/GTL/asacks/ros_workspace/install/nav2_common/share/nav2_common/hook/cmake_prefix_path.sh'
[2.579s] Level 1:colcon.colcon_core.environment:checking '/home/GTL/asacks/ros_workspace/install/nav2_common/lib'
[2.579s] Level 1:colcon.colcon_core.environment:checking '/home/GTL/asacks/ros_workspace/install/nav2_common/bin'
[2.579s] Level 1:colcon.colcon_core.environment:checking '/home/GTL/asacks/ros_workspace/install/nav2_common/lib/pkgconfig/nav2_common.pc'
[2.580s] Level 1:colcon.colcon_core.environment:checking '/home/GTL/asacks/ros_workspace/install/nav2_common/lib/python3.12/site-packages'
[2.580s] Level 1:colcon.colcon_core.shell:create_environment_hook('nav2_common', 'pythonpath')
[2.580s] INFO:colcon.colcon_core.shell:Creating environment hook '/home/GTL/asacks/ros_workspace/install/nav2_common/share/nav2_common/hook/pythonpath.ps1'
[2.582s] INFO:colcon.colcon_core.shell:Creating environment descriptor '/home/GTL/asacks/ros_workspace/install/nav2_common/share/nav2_common/hook/pythonpath.dsv'
[2.583s] INFO:colcon.colcon_core.shell:Creating environment hook '/home/GTL/asacks/ros_workspace/install/nav2_common/share/nav2_common/hook/pythonpath.sh'
[2.585s] Level 1:colcon.colcon_core.environment:checking '/home/GTL/asacks/ros_workspace/install/nav2_common/bin'
[2.585s] INFO:colcon.colcon_core.shell:Creating package script '/home/GTL/asacks/ros_workspace/install/nav2_common/share/nav2_common/package.ps1'
[2.587s] INFO:colcon.colcon_core.shell:Creating package descriptor '/home/GTL/asacks/ros_workspace/install/nav2_common/share/nav2_common/package.dsv'
[2.589s] INFO:colcon.colcon_core.shell:Creating package script '/home/GTL/asacks/ros_workspace/install/nav2_common/share/nav2_common/package.sh'
[2.591s] INFO:colcon.colcon_core.shell:Creating package script '/home/GTL/asacks/ros_workspace/install/nav2_common/share/nav2_common/package.bash'
[2.592s] INFO:colcon.colcon_core.shell:Creating package script '/home/GTL/asacks/ros_workspace/install/nav2_common/share/nav2_common/package.zsh'
[2.594s] Level 1:colcon.colcon_core.environment:create_file_with_runtime_dependencies(/home/GTL/asacks/ros_workspace/install/nav2_common/share/colcon-core/packages/nav2_common)
[2.598s] Level 1:colcon.colcon_core.environment:create_environment_scripts_only(nav2_common)
[2.598s] Level 1:colcon.colcon_core.environment:checking '/home/GTL/asacks/ros_workspace/install/nav2_common' for CMake module files
[2.600s] Level 1:colcon.colcon_core.environment:checking '/home/GTL/asacks/ros_workspace/install/nav2_common' for CMake config files
[2.604s] Level 1:colcon.colcon_core.shell:create_environment_hook('nav2_common', 'cmake_prefix_path')
[2.604s] INFO:colcon.colcon_core.shell:Creating environment hook '/home/GTL/asacks/ros_workspace/install/nav2_common/share/nav2_common/hook/cmake_prefix_path.ps1'
[2.605s] INFO:colcon.colcon_core.shell:Creating environment descriptor '/home/GTL/asacks/ros_workspace/install/nav2_common/share/nav2_common/hook/cmake_prefix_path.dsv'
[2.607s] INFO:colcon.colcon_core.shell:Creating environment hook '/home/GTL/asacks/ros_workspace/install/nav2_common/share/nav2_common/hook/cmake_prefix_path.sh'
[2.609s] Level 1:colcon.colcon_core.environment:checking '/home/GTL/asacks/ros_workspace/install/nav2_common/lib'
[2.609s] Level 1:colcon.colcon_core.environment:checking '/home/GTL/asacks/ros_workspace/install/nav2_common/bin'
[2.609s] Level 1:colcon.colcon_core.environment:checking '/home/GTL/asacks/ros_workspace/install/nav2_common/lib/pkgconfig/nav2_common.pc'
[2.609s] Level 1:colcon.colcon_core.environment:checking '/home/GTL/asacks/ros_workspace/install/nav2_common/lib/python3.12/site-packages'
[2.609s] Level 1:colcon.colcon_core.shell:create_environment_hook('nav2_common', 'pythonpath')
[2.610s] INFO:colcon.colcon_core.shell:Creating environment hook '/home/GTL/asacks/ros_workspace/install/nav2_common/share/nav2_common/hook/pythonpath.ps1'
[2.611s] INFO:colcon.colcon_core.shell:Creating environment descriptor '/home/GTL/asacks/ros_workspace/install/nav2_common/share/nav2_common/hook/pythonpath.dsv'
[2.612s] INFO:colcon.colcon_core.shell:Creating environment hook '/home/GTL/asacks/ros_workspace/install/nav2_common/share/nav2_common/hook/pythonpath.sh'
[2.614s] Level 1:colcon.colcon_core.environment:checking '/home/GTL/asacks/ros_workspace/install/nav2_common/bin'
[2.614s] INFO:colcon.colcon_core.shell:Creating package script '/home/GTL/asacks/ros_workspace/install/nav2_common/share/nav2_common/package.ps1'
[2.616s] INFO:colcon.colcon_core.shell:Creating package descriptor '/home/GTL/asacks/ros_workspace/install/nav2_common/share/nav2_common/package.dsv'
[2.618s] INFO:colcon.colcon_core.shell:Creating package script '/home/GTL/asacks/ros_workspace/install/nav2_common/share/nav2_common/package.sh'
[2.619s] INFO:colcon.colcon_core.shell:Creating package script '/home/GTL/asacks/ros_workspace/install/nav2_common/share/nav2_common/package.bash'
[2.621s] INFO:colcon.colcon_core.shell:Creating package script '/home/GTL/asacks/ros_workspace/install/nav2_common/share/nav2_common/package.zsh'
[2.622s] Level 1:colcon.colcon_core.environment:create_file_with_runtime_dependencies(/home/GTL/asacks/ros_workspace/install/nav2_common/share/colcon-core/packages/nav2_common)
[2.624s] INFO:colcon.colcon_ros.task.ament_cmake.build:Building ROS package in '/home/GTL/asacks/ros_workspace/src/nav2_msgs' with build type 'ament_cmake'
[2.625s] INFO:colcon.colcon_cmake.task.cmake.build:Building CMake package in '/home/GTL/asacks/ros_workspace/src/nav2_msgs'
[2.625s] INFO:colcon.colcon_core.shell:Skip shell extension 'powershell' for command environment: Not usable outside of PowerShell
[2.625s] DEBUG:colcon.colcon_core.shell:Skip shell extension 'dsv' for command environment
[2.635s] DEBUG:colcon.colcon_core.task.python.build:Available setuptools 'develop' options: --upgrade, --allow-hosts, --record, --site-dirs, --dry-run, --zip-ok, --local-snapshots-ok, --verbose, --quiet, --find-links, --install-layout, --build-directory, --prefix, --install-dir, --user, --uninstall, --always-copy, --force-installation-into-system-dir, --multi-version, --help, --always-unzip, --no-deps, --index-url, --script-dir, --exclude-scripts, --version, --egg-path, --no-find-links, --no-user-cfg, --optimize, --editable
[2.648s] DEBUG:colcon.colcon_core.event_handler.log_command:Invoking command in '/home/GTL/asacks/ros_workspace/build/vrep_ros_teleop': DEBUGINFOD_URLS=https://debuginfod.ubuntu.com PYTHONPATH=/home/GTL/asacks/ros_workspace/build/vrep_ros_teleop/prefix_override:/usr/lib/python3/dist-packages/colcon_core/task/python/colcon_distutils_commands:/home/GTL/asacks/ros_workspace/install/vrep_ros_teleop/lib/python3.12/site-packages:${PYTHONPATH} /usr/bin/python3 -W ignore:setup.py install is deprecated -W ignore:easy_install command is deprecated setup.py develop --editable --build-directory /home/GTL/asacks/ros_workspace/build/vrep_ros_teleop/build --no-deps symlink_data
[2.661s] DEBUG:colcon.colcon_core.task.python.build:Available setuptools 'develop' options: --upgrade, --allow-hosts, --record, --site-dirs, --dry-run, --zip-ok, --local-snapshots-ok, --verbose, --quiet, --find-links, --install-layout, --build-directory, --prefix, --install-dir, --user, --uninstall, --always-copy, --force-installation-into-system-dir, --multi-version, --help, --always-unzip, --no-deps, --index-url, --script-dir, --exclude-scripts, --version, --egg-path, --no-find-links, --no-user-cfg, --optimize, --editable
[2.663s] DEBUG:colcon.colcon_core.event_handler.log_command:Invoking command in '/home/GTL/asacks/ros_workspace/build/nav2_msgs': AMENT_PREFIX_PATH=/home/GTL/asacks/ros_workspace/install/nav2_common:${AMENT_PREFIX_PATH} CMAKE_PREFIX_PATH=/home/GTL/asacks/ros_workspace/install/nav2_common:/home/GTL/asacks/ros_workspace/install/vrep4_helpers:/home/GTL/asacks/ros_workspace/install/floor_plane_regression_base:/home/GTL/asacks/ros_workspace/install/floor_plane_ransac_base:/home/GTL/asacks/ros_workspace/install/floor_plane_hough_base:/opt/ros/kilted/opt/gz_sim_vendor:/opt/ros/kilted/opt/gz_sensors_vendor:/opt/ros/kilted/opt/gz_physics_vendor:/opt/ros/kilted/opt/sdformat_vendor:/opt/ros/kilted/opt/gz_gui_vendor:/opt/ros/kilted/opt/gz_transport_vendor:/opt/ros/kilted/opt/gz_rendering_vendor:/opt/ros/kilted/opt/gz_plugin_vendor:/opt/ros/kilted/opt/gz_fuel_tools_vendor:/opt/ros/kilted/opt/gz_msgs_vendor:/opt/ros/kilted/opt/gz_common_vendor:/opt/ros/kilted/opt/gz_math_vendor:/opt/ros/kilted/opt/gz_utils_vendor:/opt/ros/kilted/opt/gz_tools_vendor:/opt/ros/kilted/opt/gz_ogre_next_vendor:/opt/ros/kilted/opt/gz_dartsim_vendor:/opt/ros/kilted/opt/gz_cmake_vendor:/home/GTL/asacks/ros_workspace/install/model_prediction:/home/GTL/asacks/ros_workspace/install/joy_teleop:/opt/ros/kilted DEBUGINFOD_URLS=https://debuginfod.ubuntu.com PYTHONPATH=/home/GTL/asacks/ros_workspace/install/nav2_common/lib/python3.12/site-packages:${PYTHONPATH} /usr/bin/cmake /home/GTL/asacks/ros_workspace/src/nav2_msgs -DAMENT_CMAKE_SYMLINK_INSTALL=1 -DCMAKE_INSTALL_PREFIX=/home/GTL/asacks/ros_workspace/install/nav2_msgs
[2.680s] DEBUG:colcon.colcon_core.event_handler.log_command:Invoking command in '/home/GTL/asacks/ros_workspace/build/floor_graph': DEBUGINFOD_URLS=https://debuginfod.ubuntu.com PYTHONPATH=/home/GTL/asacks/ros_workspace/build/floor_graph/prefix_override:/usr/lib/python3/dist-packages/colcon_core/task/python/colcon_distutils_commands:/home/GTL/asacks/ros_workspace/install/floor_graph/lib/python3.12/site-packages:${PYTHONPATH} /usr/bin/python3 -W ignore:setup.py install is deprecated -W ignore:easy_install command is deprecated setup.py develop --editable --build-directory /home/GTL/asacks/ros_workspace/build/floor_graph/build --no-deps symlink_data
[3.396s] Level 1:colcon.colcon_core.shell:create_environment_hook('vrep_ros_teleop', 'pythonpath_develop')
[3.397s] INFO:colcon.colcon_core.shell:Creating environment hook '/home/GTL/asacks/ros_workspace/build/vrep_ros_teleop/share/vrep_ros_teleop/hook/pythonpath_develop.ps1'
[3.397s] DEBUG:colcon.colcon_core.event_handler.log_command:Invoked command in '/home/GTL/asacks/ros_workspace/build/vrep_ros_teleop' returned '0': DEBUGINFOD_URLS=https://debuginfod.ubuntu.com PYTHONPATH=/home/GTL/asacks/ros_workspace/build/vrep_ros_teleop/prefix_override:/usr/lib/python3/dist-packages/colcon_core/task/python/colcon_distutils_commands:/home/GTL/asacks/ros_workspace/install/vrep_ros_teleop/lib/python3.12/site-packages:${PYTHONPATH} /usr/bin/python3 -W ignore:setup.py install is deprecated -W ignore:easy_install command is deprecated setup.py develop --editable --build-directory /home/GTL/asacks/ros_workspace/build/vrep_ros_teleop/build --no-deps symlink_data
[3.401s] INFO:colcon.colcon_core.shell:Creating environment descriptor '/home/GTL/asacks/ros_workspace/build/vrep_ros_teleop/share/vrep_ros_teleop/hook/pythonpath_develop.dsv'
[3.403s] INFO:colcon.colcon_core.shell:Creating environment hook '/home/GTL/asacks/ros_workspace/build/vrep_ros_teleop/share/vrep_ros_teleop/hook/pythonpath_develop.sh'
[3.405s] Level 1:colcon.colcon_core.environment:checking '/home/GTL/asacks/ros_workspace/install/vrep_ros_teleop' for CMake module files
[3.409s] Level 1:colcon.colcon_core.environment:checking '/home/GTL/asacks/ros_workspace/install/vrep_ros_teleop' for CMake config files
[3.413s] Level 1:colcon.colcon_core.environment:checking '/home/GTL/asacks/ros_workspace/install/vrep_ros_teleop/lib'
[3.414s] Level 1:colcon.colcon_core.environment:checking '/home/GTL/asacks/ros_workspace/install/vrep_ros_teleop/bin'
[3.414s] Level 1:colcon.colcon_core.environment:checking '/home/GTL/asacks/ros_workspace/install/vrep_ros_teleop/lib/pkgconfig/vrep_ros_teleop.pc'
[3.414s] Level 1:colcon.colcon_core.environment:checking '/home/GTL/asacks/ros_workspace/install/vrep_ros_teleop/lib/python3.12/site-packages'
[3.414s] Level 1:colcon.colcon_core.shell:create_environment_hook('vrep_ros_teleop', 'pythonpath')
[3.415s] INFO:colcon.colcon_core.shell:Creating environment hook '/home/GTL/asacks/ros_workspace/install/vrep_ros_teleop/share/vrep_ros_teleop/hook/pythonpath.ps1'
[3.416s] INFO:colcon.colcon_core.shell:Creating environment descriptor '/home/GTL/asacks/ros_workspace/install/vrep_ros_teleop/share/vrep_ros_teleop/hook/pythonpath.dsv'
[3.418s] INFO:colcon.colcon_core.shell:Creating environment hook '/home/GTL/asacks/ros_workspace/install/vrep_ros_teleop/share/vrep_ros_teleop/hook/pythonpath.sh'
[3.419s] Level 1:colcon.colcon_core.environment:checking '/home/GTL/asacks/ros_workspace/install/vrep_ros_teleop/bin'
[3.419s] Level 1:colcon.colcon_core.environment:create_environment_scripts_only(vrep_ros_teleop)
[3.420s] INFO:colcon.colcon_core.shell:Creating package script '/home/GTL/asacks/ros_workspace/install/vrep_ros_teleop/share/vrep_ros_teleop/package.ps1'
[3.422s] INFO:colcon.colcon_core.shell:Creating package descriptor '/home/GTL/asacks/ros_workspace/install/vrep_ros_teleop/share/vrep_ros_teleop/package.dsv'
[3.423s] INFO:colcon.colcon_core.shell:Creating package script '/home/GTL/asacks/ros_workspace/install/vrep_ros_teleop/share/vrep_ros_teleop/package.sh'
[3.424s] INFO:colcon.colcon_core.shell:Creating package script '/home/GTL/asacks/ros_workspace/install/vrep_ros_teleop/share/vrep_ros_teleop/package.bash'
[3.426s] INFO:colcon.colcon_core.shell:Creating package script '/home/GTL/asacks/ros_workspace/install/vrep_ros_teleop/share/vrep_ros_teleop/package.zsh'
[3.428s] Level 1:colcon.colcon_core.environment:create_file_with_runtime_dependencies(/home/GTL/asacks/ros_workspace/install/vrep_ros_teleop/share/colcon-core/packages/vrep_ros_teleop)
[3.431s] Level 1:colcon.colcon_core.shell:create_environment_hook('floor_graph', 'pythonpath_develop')
[3.431s] INFO:colcon.colcon_core.shell:Creating environment hook '/home/GTL/asacks/ros_workspace/build/floor_graph/share/floor_graph/hook/pythonpath_develop.ps1'
[3.432s] DEBUG:colcon.colcon_core.event_handler.log_command:Invoked command in '/home/GTL/asacks/ros_workspace/build/floor_graph' returned '0': DEBUGINFOD_URLS=https://debuginfod.ubuntu.com PYTHONPATH=/home/GTL/asacks/ros_workspace/build/floor_graph/prefix_override:/usr/lib/python3/dist-packages/colcon_core/task/python/colcon_distutils_commands:/home/GTL/asacks/ros_workspace/install/floor_graph/lib/python3.12/site-packages:${PYTHONPATH} /usr/bin/python3 -W ignore:setup.py install is deprecated -W ignore:easy_install command is deprecated setup.py develop --editable --build-directory /home/GTL/asacks/ros_workspace/build/floor_graph/build --no-deps symlink_data
[3.435s] INFO:colcon.colcon_core.shell:Creating environment descriptor '/home/GTL/asacks/ros_workspace/build/floor_graph/share/floor_graph/hook/pythonpath_develop.dsv'
[3.437s] INFO:colcon.colcon_core.shell:Creating environment hook '/home/GTL/asacks/ros_workspace/build/floor_graph/share/floor_graph/hook/pythonpath_develop.sh'
[3.439s] Level 1:colcon.colcon_core.environment:checking '/home/GTL/asacks/ros_workspace/install/floor_graph' for CMake module files
[3.442s] Level 1:colcon.colcon_core.environment:checking '/home/GTL/asacks/ros_workspace/install/floor_graph' for CMake config files
[3.446s] Level 1:colcon.colcon_core.environment:checking '/home/GTL/asacks/ros_workspace/install/floor_graph/lib'
[3.446s] Level 1:colcon.colcon_core.environment:checking '/home/GTL/asacks/ros_workspace/install/floor_graph/bin'
[3.446s] Level 1:colcon.colcon_core.environment:checking '/home/GTL/asacks/ros_workspace/install/floor_graph/lib/pkgconfig/floor_graph.pc'
[3.447s] Level 1:colcon.colcon_core.environment:checking '/home/GTL/asacks/ros_workspace/install/floor_graph/lib/python3.12/site-packages'
[3.447s] Level 1:colcon.colcon_core.shell:create_environment_hook('floor_graph', 'pythonpath')
[3.447s] INFO:colcon.colcon_core.shell:Creating environment hook '/home/GTL/asacks/ros_workspace/install/floor_graph/share/floor_graph/hook/pythonpath.ps1'
[3.449s] INFO:colcon.colcon_core.shell:Creating environment descriptor '/home/GTL/asacks/ros_workspace/install/floor_graph/share/floor_graph/hook/pythonpath.dsv'
[3.450s] INFO:colcon.colcon_core.shell:Creating environment hook '/home/GTL/asacks/ros_workspace/install/floor_graph/share/floor_graph/hook/pythonpath.sh'
[3.452s] Level 1:colcon.colcon_core.environment:checking '/home/GTL/asacks/ros_workspace/install/floor_graph/bin'
[3.452s] Level 1:colcon.colcon_core.environment:create_environment_scripts_only(floor_graph)
[3.452s] INFO:colcon.colcon_core.shell:Creating package script '/home/GTL/asacks/ros_workspace/install/floor_graph/share/floor_graph/package.ps1'
[3.454s] INFO:colcon.colcon_core.shell:Creating package descriptor '/home/GTL/asacks/ros_workspace/install/floor_graph/share/floor_graph/package.dsv'
[3.455s] INFO:colcon.colcon_core.shell:Creating package script '/home/GTL/asacks/ros_workspace/install/floor_graph/share/floor_graph/package.sh'
[3.457s] INFO:colcon.colcon_core.shell:Creating package script '/home/GTL/asacks/ros_workspace/install/floor_graph/share/floor_graph/package.bash'
[3.458s] INFO:colcon.colcon_core.shell:Creating package script '/home/GTL/asacks/ros_workspace/install/floor_graph/share/floor_graph/package.zsh'
[3.459s] Level 1:colcon.colcon_core.environment:create_file_with_runtime_dependencies(/home/GTL/asacks/ros_workspace/install/floor_graph/share/colcon-core/packages/floor_graph)
[7.280s] DEBUG:colcon.colcon_core.event_handler.log_command:Invoked command in '/home/GTL/asacks/ros_workspace/build/cs7630_msgs' returned '0': CMAKE_PREFIX_PATH=${CMAKE_PREFIX_PATH}:/home/GTL/asacks/ros_workspace/install/model_prediction:/home/GTL/asacks/ros_workspace/install/joy_teleop:/opt/ros/kilted DEBUGINFOD_URLS=https://debuginfod.ubuntu.com /usr/bin/cmake /home/GTL/asacks/ros_workspace/src/cs7630_msgs -DAMENT_CMAKE_SYMLINK_INSTALL=1 -DCMAKE_INSTALL_PREFIX=/home/GTL/asacks/ros_workspace/install/cs7630_msgs
[7.281s] DEBUG:colcon.colcon_core.event_handler.log_command:Invoking command in '/home/GTL/asacks/ros_workspace/build/cs7630_msgs': CMAKE_PREFIX_PATH=${CMAKE_PREFIX_PATH}:/home/GTL/asacks/ros_workspace/install/model_prediction:/home/GTL/asacks/ros_workspace/install/joy_teleop:/opt/ros/kilted DEBUGINFOD_URLS=https://debuginfod.ubuntu.com /usr/bin/cmake --build /home/GTL/asacks/ros_workspace/build/cs7630_msgs -- -j16 -l16
[7.441s] DEBUG:colcon.colcon_core.event_handler.log_command:Invoked command in '/home/GTL/asacks/ros_workspace/build/task_manager_msgs' returned '0': CMAKE_PREFIX_PATH=${CMAKE_PREFIX_PATH}:/home/GTL/asacks/ros_workspace/install/model_prediction:/home/GTL/asacks/ros_workspace/install/joy_teleop:/opt/ros/kilted DEBUGINFOD_URLS=https://debuginfod.ubuntu.com /usr/bin/cmake /home/GTL/asacks/ros_workspace/src/ros_task_manager/src/task_manager_msgs -DAMENT_CMAKE_SYMLINK_INSTALL=1 -DCMAKE_INSTALL_PREFIX=/home/GTL/asacks/ros_workspace/install/task_manager_msgs
[7.442s] DEBUG:colcon.colcon_core.event_handler.log_command:Invoking command in '/home/GTL/asacks/ros_workspace/build/task_manager_msgs': CMAKE_PREFIX_PATH=${CMAKE_PREFIX_PATH}:/home/GTL/asacks/ros_workspace/install/model_prediction:/home/GTL/asacks/ros_workspace/install/joy_teleop:/opt/ros/kilted DEBUGINFOD_URLS=https://debuginfod.ubuntu.com /usr/bin/cmake --build /home/GTL/asacks/ros_workspace/build/task_manager_msgs -- -j16 -l16
[10.595s] DEBUG:colcon.colcon_core.event_handler.log_command:Invoked command in '/home/GTL/asacks/ros_workspace/build/cs7630_msgs' returned '0': CMAKE_PREFIX_PATH=${CMAKE_PREFIX_PATH}:/home/GTL/asacks/ros_workspace/install/model_prediction:/home/GTL/asacks/ros_workspace/install/joy_teleop:/opt/ros/kilted DEBUGINFOD_URLS=https://debuginfod.ubuntu.com /usr/bin/cmake --build /home/GTL/asacks/ros_workspace/build/cs7630_msgs -- -j16 -l16
[10.601s] DEBUG:colcon.colcon_core.event_handler.log_command:Invoking command in '/home/GTL/asacks/ros_workspace/build/cs7630_msgs': CMAKE_PREFIX_PATH=${CMAKE_PREFIX_PATH}:/home/GTL/asacks/ros_workspace/install/model_prediction:/home/GTL/asacks/ros_workspace/install/joy_teleop:/opt/ros/kilted DEBUGINFOD_URLS=https://debuginfod.ubuntu.com /usr/bin/cmake --install /home/GTL/asacks/ros_workspace/build/cs7630_msgs
[12.725s] DEBUG:colcon.colcon_core.event_handler.log_command:Invoked command in '/home/GTL/asacks/ros_workspace/build/nav2_msgs' returned '0': AMENT_PREFIX_PATH=/home/GTL/asacks/ros_workspace/install/nav2_common:${AMENT_PREFIX_PATH} CMAKE_PREFIX_PATH=/home/GTL/asacks/ros_workspace/install/nav2_common:/home/GTL/asacks/ros_workspace/install/vrep4_helpers:/home/GTL/asacks/ros_workspace/install/floor_plane_regression_base:/home/GTL/asacks/ros_workspace/install/floor_plane_ransac_base:/home/GTL/asacks/ros_workspace/install/floor_plane_hough_base:/opt/ros/kilted/opt/gz_sim_vendor:/opt/ros/kilted/opt/gz_sensors_vendor:/opt/ros/kilted/opt/gz_physics_vendor:/opt/ros/kilted/opt/sdformat_vendor:/opt/ros/kilted/opt/gz_gui_vendor:/opt/ros/kilted/opt/gz_transport_vendor:/opt/ros/kilted/opt/gz_rendering_vendor:/opt/ros/kilted/opt/gz_plugin_vendor:/opt/ros/kilted/opt/gz_fuel_tools_vendor:/opt/ros/kilted/opt/gz_msgs_vendor:/opt/ros/kilted/opt/gz_common_vendor:/opt/ros/kilted/opt/gz_math_vendor:/opt/ros/kilted/opt/gz_utils_vendor:/opt/ros/kilted/opt/gz_tools_vendor:/opt/ros/kilted/opt/gz_ogre_next_vendor:/opt/ros/kilted/opt/gz_dartsim_vendor:/opt/ros/kilted/opt/gz_cmake_vendor:/home/GTL/asacks/ros_workspace/install/model_prediction:/home/GTL/asacks/ros_workspace/install/joy_teleop:/opt/ros/kilted DEBUGINFOD_URLS=https://debuginfod.ubuntu.com PYTHONPATH=/home/GTL/asacks/ros_workspace/install/nav2_common/lib/python3.12/site-packages:${PYTHONPATH} /usr/bin/cmake /home/GTL/asacks/ros_workspace/src/nav2_msgs -DAMENT_CMAKE_SYMLINK_INSTALL=1 -DCMAKE_INSTALL_PREFIX=/home/GTL/asacks/ros_workspace/install/nav2_msgs
[12.726s] DEBUG:colcon.colcon_core.event_handler.log_command:Invoking command in '/home/GTL/asacks/ros_workspace/build/nav2_msgs': AMENT_PREFIX_PATH=/home/GTL/asacks/ros_workspace/install/nav2_common:${AMENT_PREFIX_PATH} CMAKE_PREFIX_PATH=/home/GTL/asacks/ros_workspace/install/nav2_common:/home/GTL/asacks/ros_workspace/install/vrep4_helpers:/home/GTL/asacks/ros_workspace/install/floor_plane_regression_base:/home/GTL/asacks/ros_workspace/install/floor_plane_ransac_base:/home/GTL/asacks/ros_workspace/install/floor_plane_hough_base:/opt/ros/kilted/opt/gz_sim_vendor:/opt/ros/kilted/opt/gz_sensors_vendor:/opt/ros/kilted/opt/gz_physics_vendor:/opt/ros/kilted/opt/sdformat_vendor:/opt/ros/kilted/opt/gz_gui_vendor:/opt/ros/kilted/opt/gz_transport_vendor:/opt/ros/kilted/opt/gz_rendering_vendor:/opt/ros/kilted/opt/gz_plugin_vendor:/opt/ros/kilted/opt/gz_fuel_tools_vendor:/opt/ros/kilted/opt/gz_msgs_vendor:/opt/ros/kilted/opt/gz_common_vendor:/opt/ros/kilted/opt/gz_math_vendor:/opt/ros/kilted/opt/gz_utils_vendor:/opt/ros/kilted/opt/gz_tools_vendor:/opt/ros/kilted/opt/gz_ogre_next_vendor:/opt/ros/kilted/opt/gz_dartsim_vendor:/opt/ros/kilted/opt/gz_cmake_vendor:/home/GTL/asacks/ros_workspace/install/model_prediction:/home/GTL/asacks/ros_workspace/install/joy_teleop:/opt/ros/kilted DEBUGINFOD_URLS=https://debuginfod.ubuntu.com PYTHONPATH=/home/GTL/asacks/ros_workspace/install/nav2_common/lib/python3.12/site-packages:${PYTHONPATH} /usr/bin/cmake --build /home/GTL/asacks/ros_workspace/build/nav2_msgs -- -j16 -l16
[12.924s] Level 1:colcon.colcon_core.environment:create_environment_scripts_only(cs7630_msgs)
[12.924s] Level 1:colcon.colcon_core.environment:checking '/home/GTL/asacks/ros_workspace/install/cs7630_msgs' for CMake module files
[12.925s] DEBUG:colcon.colcon_core.event_handler.log_command:Invoked command in '/home/GTL/asacks/ros_workspace/build/cs7630_msgs' returned '0': CMAKE_PREFIX_PATH=${CMAKE_PREFIX_PATH}:/home/GTL/asacks/ros_workspace/install/model_prediction:/home/GTL/asacks/ros_workspace/install/joy_teleop:/opt/ros/kilted DEBUGINFOD_URLS=https://debuginfod.ubuntu.com /usr/bin/cmake --install /home/GTL/asacks/ros_workspace/build/cs7630_msgs
[12.929s] Level 1:colcon.colcon_core.environment:checking '/home/GTL/asacks/ros_workspace/install/cs7630_msgs' for CMake config files
[12.938s] Level 1:colcon.colcon_core.shell:create_environment_hook('cs7630_msgs', 'cmake_prefix_path')
[12.938s] INFO:colcon.colcon_core.shell:Creating environment hook '/home/GTL/asacks/ros_workspace/install/cs7630_msgs/share/cs7630_msgs/hook/cmake_prefix_path.ps1'
[12.941s] INFO:colcon.colcon_core.shell:Creating environment descriptor '/home/GTL/asacks/ros_workspace/install/cs7630_msgs/share/cs7630_msgs/hook/cmake_prefix_path.dsv'
[12.942s] INFO:colcon.colcon_core.shell:Creating environment hook '/home/GTL/asacks/ros_workspace/install/cs7630_msgs/share/cs7630_msgs/hook/cmake_prefix_path.sh'
[12.944s] Level 1:colcon.colcon_core.environment:checking '/home/GTL/asacks/ros_workspace/install/cs7630_msgs/lib'
[12.945s] Level 1:colcon.colcon_core.shell:create_environment_hook('cs7630_msgs', 'ld_library_path_lib')
[12.945s] INFO:colcon.colcon_core.shell:Creating environment hook '/home/GTL/asacks/ros_workspace/install/cs7630_msgs/share/cs7630_msgs/hook/ld_library_path_lib.ps1'
[12.947s] INFO:colcon.colcon_core.shell:Creating environment descriptor '/home/GTL/asacks/ros_workspace/install/cs7630_msgs/share/cs7630_msgs/hook/ld_library_path_lib.dsv'
[12.948s] INFO:colcon.colcon_core.shell:Creating environment hook '/home/GTL/asacks/ros_workspace/install/cs7630_msgs/share/cs7630_msgs/hook/ld_library_path_lib.sh'
[12.950s] Level 1:colcon.colcon_core.environment:checking '/home/GTL/asacks/ros_workspace/install/cs7630_msgs/bin'
[12.950s] Level 1:colcon.colcon_core.environment:checking '/home/GTL/asacks/ros_workspace/install/cs7630_msgs/lib/pkgconfig/cs7630_msgs.pc'
[12.950s] Level 1:colcon.colcon_core.environment:checking '/home/GTL/asacks/ros_workspace/install/cs7630_msgs/lib/python3.12/site-packages'
[12.951s] Level 1:colcon.colcon_core.shell:create_environment_hook('cs7630_msgs', 'pythonpath')
[12.951s] INFO:colcon.colcon_core.shell:Creating environment hook '/home/GTL/asacks/ros_workspace/install/cs7630_msgs/share/cs7630_msgs/hook/pythonpath.ps1'
[12.953s] INFO:colcon.colcon_core.shell:Creating environment descriptor '/home/GTL/asacks/ros_workspace/install/cs7630_msgs/share/cs7630_msgs/hook/pythonpath.dsv'
[12.954s] INFO:colcon.colcon_core.shell:Creating environment hook '/home/GTL/asacks/ros_workspace/install/cs7630_msgs/share/cs7630_msgs/hook/pythonpath.sh'
[12.956s] Level 1:colcon.colcon_core.environment:checking '/home/GTL/asacks/ros_workspace/install/cs7630_msgs/bin'
[12.956s] INFO:colcon.colcon_core.shell:Creating package script '/home/GTL/asacks/ros_workspace/install/cs7630_msgs/share/cs7630_msgs/package.ps1'
[12.958s] INFO:colcon.colcon_core.shell:Creating package descriptor '/home/GTL/asacks/ros_workspace/install/cs7630_msgs/share/cs7630_msgs/package.dsv'
[12.959s] INFO:colcon.colcon_core.shell:Creating package script '/home/GTL/asacks/ros_workspace/install/cs7630_msgs/share/cs7630_msgs/package.sh'
[12.961s] INFO:colcon.colcon_core.shell:Creating package script '/home/GTL/asacks/ros_workspace/install/cs7630_msgs/share/cs7630_msgs/package.bash'
[12.963s] INFO:colcon.colcon_core.shell:Creating package script '/home/GTL/asacks/ros_workspace/install/cs7630_msgs/share/cs7630_msgs/package.zsh'
[12.964s] Level 1:colcon.colcon_core.environment:create_file_with_runtime_dependencies(/home/GTL/asacks/ros_workspace/install/cs7630_msgs/share/colcon-core/packages/cs7630_msgs)
[12.968s] Level 1:colcon.colcon_core.environment:create_environment_scripts_only(cs7630_msgs)
[12.968s] Level 1:colcon.colcon_core.environment:checking '/home/GTL/asacks/ros_workspace/install/cs7630_msgs' for CMake module files
[12.982s] Level 1:colcon.colcon_core.environment:checking '/home/GTL/asacks/ros_workspace/install/cs7630_msgs' for CMake config files
[12.988s] Level 1:colcon.colcon_core.shell:create_environment_hook('cs7630_msgs', 'cmake_prefix_path')
[12.988s] INFO:colcon.colcon_core.shell:Creating environment hook '/home/GTL/asacks/ros_workspace/install/cs7630_msgs/share/cs7630_msgs/hook/cmake_prefix_path.ps1'
[12.990s] INFO:colcon.colcon_core.shell:Creating environment descriptor '/home/GTL/asacks/ros_workspace/install/cs7630_msgs/share/cs7630_msgs/hook/cmake_prefix_path.dsv'
[12.991s] INFO:colcon.colcon_core.shell:Creating environment hook '/home/GTL/asacks/ros_workspace/install/cs7630_msgs/share/cs7630_msgs/hook/cmake_prefix_path.sh'
[12.993s] Level 1:colcon.colcon_core.environment:checking '/home/GTL/asacks/ros_workspace/install/cs7630_msgs/lib'
[12.993s] Level 1:colcon.colcon_core.shell:create_environment_hook('cs7630_msgs', 'ld_library_path_lib')
[12.994s] INFO:colcon.colcon_core.shell:Creating environment hook '/home/GTL/asacks/ros_workspace/install/cs7630_msgs/share/cs7630_msgs/hook/ld_library_path_lib.ps1'
[12.995s] INFO:colcon.colcon_core.shell:Creating environment descriptor '/home/GTL/asacks/ros_workspace/install/cs7630_msgs/share/cs7630_msgs/hook/ld_library_path_lib.dsv'
[12.996s] INFO:colcon.colcon_core.shell:Creating environment hook '/home/GTL/asacks/ros_workspace/install/cs7630_msgs/share/cs7630_msgs/hook/ld_library_path_lib.sh'
[12.998s] Level 1:colcon.colcon_core.environment:checking '/home/GTL/asacks/ros_workspace/install/cs7630_msgs/bin'
[12.998s] Level 1:colcon.colcon_core.environment:checking '/home/GTL/asacks/ros_workspace/install/cs7630_msgs/lib/pkgconfig/cs7630_msgs.pc'
[12.998s] Level 1:colcon.colcon_core.environment:checking '/home/GTL/asacks/ros_workspace/install/cs7630_msgs/lib/python3.12/site-packages'
[12.998s] Level 1:colcon.colcon_core.shell:create_environment_hook('cs7630_msgs', 'pythonpath')
[12.999s] INFO:colcon.colcon_core.shell:Creating environment hook '/home/GTL/asacks/ros_workspace/install/cs7630_msgs/share/cs7630_msgs/hook/pythonpath.ps1'
[13.000s] INFO:colcon.colcon_core.shell:Creating environment descriptor '/home/GTL/asacks/ros_workspace/install/cs7630_msgs/share/cs7630_msgs/hook/pythonpath.dsv'
[13.002s] INFO:colcon.colcon_core.shell:Creating environment hook '/home/GTL/asacks/ros_workspace/install/cs7630_msgs/share/cs7630_msgs/hook/pythonpath.sh'
[13.004s] Level 1:colcon.colcon_core.environment:checking '/home/GTL/asacks/ros_workspace/install/cs7630_msgs/bin'
[13.004s] INFO:colcon.colcon_core.shell:Creating package script '/home/GTL/asacks/ros_workspace/install/cs7630_msgs/share/cs7630_msgs/package.ps1'
[13.006s] INFO:colcon.colcon_core.shell:Creating package descriptor '/home/GTL/asacks/ros_workspace/install/cs7630_msgs/share/cs7630_msgs/package.dsv'
[13.008s] INFO:colcon.colcon_core.shell:Creating package script '/home/GTL/asacks/ros_workspace/install/cs7630_msgs/share/cs7630_msgs/package.sh'
[13.009s] INFO:colcon.colcon_core.shell:Creating package script '/home/GTL/asacks/ros_workspace/install/cs7630_msgs/share/cs7630_msgs/package.bash'
[13.011s] INFO:colcon.colcon_core.shell:Creating package script '/home/GTL/asacks/ros_workspace/install/cs7630_msgs/share/cs7630_msgs/package.zsh'
[13.013s] Level 1:colcon.colcon_core.environment:create_file_with_runtime_dependencies(/home/GTL/asacks/ros_workspace/install/cs7630_msgs/share/colcon-core/packages/cs7630_msgs)
[14.412s] DEBUG:colcon.colcon_core.event_handler.log_command:Invoked command in '/home/GTL/asacks/ros_workspace/build/task_manager_msgs' returned '0': CMAKE_PREFIX_PATH=${CMAKE_PREFIX_PATH}:/home/GTL/asacks/ros_workspace/install/model_prediction:/home/GTL/asacks/ros_workspace/install/joy_teleop:/opt/ros/kilted DEBUGINFOD_URLS=https://debuginfod.ubuntu.com /usr/bin/cmake --build /home/GTL/asacks/ros_workspace/build/task_manager_msgs -- -j16 -l16
[14.414s] DEBUG:colcon.colcon_core.event_handler.log_command:Invoking command in '/home/GTL/asacks/ros_workspace/build/task_manager_msgs': CMAKE_PREFIX_PATH=${CMAKE_PREFIX_PATH}:/home/GTL/asacks/ros_workspace/install/model_prediction:/home/GTL/asacks/ros_workspace/install/joy_teleop:/opt/ros/kilted DEBUGINFOD_URLS=https://debuginfod.ubuntu.com /usr/bin/cmake --install /home/GTL/asacks/ros_workspace/build/task_manager_msgs
[16.544s] Level 1:colcon.colcon_core.environment:create_environment_scripts_only(task_manager_msgs)
[16.544s] Level 1:colcon.colcon_core.environment:checking '/home/GTL/asacks/ros_workspace/install/task_manager_msgs' for CMake module files
[16.544s] DEBUG:colcon.colcon_core.event_handler.log_command:Invoked command in '/home/GTL/asacks/ros_workspace/build/task_manager_msgs' returned '0': CMAKE_PREFIX_PATH=${CMAKE_PREFIX_PATH}:/home/GTL/asacks/ros_workspace/install/model_prediction:/home/GTL/asacks/ros_workspace/install/joy_teleop:/opt/ros/kilted DEBUGINFOD_URLS=https://debuginfod.ubuntu.com /usr/bin/cmake --install /home/GTL/asacks/ros_workspace/build/task_manager_msgs
[16.548s] Level 1:colcon.colcon_core.environment:checking '/home/GTL/asacks/ros_workspace/install/task_manager_msgs' for CMake config files
[16.555s] Level 1:colcon.colcon_core.shell:create_environment_hook('task_manager_msgs', 'cmake_prefix_path')
[16.555s] INFO:colcon.colcon_core.shell:Creating environment hook '/home/GTL/asacks/ros_workspace/install/task_manager_msgs/share/task_manager_msgs/hook/cmake_prefix_path.ps1'
[16.558s] INFO:colcon.colcon_core.shell:Creating environment descriptor '/home/GTL/asacks/ros_workspace/install/task_manager_msgs/share/task_manager_msgs/hook/cmake_prefix_path.dsv'
[16.559s] INFO:colcon.colcon_core.shell:Creating environment hook '/home/GTL/asacks/ros_workspace/install/task_manager_msgs/share/task_manager_msgs/hook/cmake_prefix_path.sh'
[16.561s] Level 1:colcon.colcon_core.environment:checking '/home/GTL/asacks/ros_workspace/install/task_manager_msgs/lib'
[16.561s] Level 1:colcon.colcon_core.shell:create_environment_hook('task_manager_msgs', 'ld_library_path_lib')
[16.561s] INFO:colcon.colcon_core.shell:Creating environment hook '/home/GTL/asacks/ros_workspace/install/task_manager_msgs/share/task_manager_msgs/hook/ld_library_path_lib.ps1'
[16.563s] INFO:colcon.colcon_core.shell:Creating environment descriptor '/home/GTL/asacks/ros_workspace/install/task_manager_msgs/share/task_manager_msgs/hook/ld_library_path_lib.dsv'
[16.564s] INFO:colcon.colcon_core.shell:Creating environment hook '/home/GTL/asacks/ros_workspace/install/task_manager_msgs/share/task_manager_msgs/hook/ld_library_path_lib.sh'
[16.565s] Level 1:colcon.colcon_core.environment:checking '/home/GTL/asacks/ros_workspace/install/task_manager_msgs/bin'
[16.566s] Level 1:colcon.colcon_core.environment:checking '/home/GTL/asacks/ros_workspace/install/task_manager_msgs/lib/pkgconfig/task_manager_msgs.pc'
[16.566s] Level 1:colcon.colcon_core.environment:checking '/home/GTL/asacks/ros_workspace/install/task_manager_msgs/lib/python3.12/site-packages'
[16.566s] Level 1:colcon.colcon_core.shell:create_environment_hook('task_manager_msgs', 'pythonpath')
[16.567s] INFO:colcon.colcon_core.shell:Creating environment hook '/home/GTL/asacks/ros_workspace/install/task_manager_msgs/share/task_manager_msgs/hook/pythonpath.ps1'
[16.568s] INFO:colcon.colcon_core.shell:Creating environment descriptor '/home/GTL/asacks/ros_workspace/install/task_manager_msgs/share/task_manager_msgs/hook/pythonpath.dsv'
[16.570s] INFO:colcon.colcon_core.shell:Creating environment hook '/home/GTL/asacks/ros_workspace/install/task_manager_msgs/share/task_manager_msgs/hook/pythonpath.sh'
[16.571s] Level 1:colcon.colcon_core.environment:checking '/home/GTL/asacks/ros_workspace/install/task_manager_msgs/bin'
[16.572s] INFO:colcon.colcon_core.shell:Creating package script '/home/GTL/asacks/ros_workspace/install/task_manager_msgs/share/task_manager_msgs/package.ps1'
[16.573s] INFO:colcon.colcon_core.shell:Creating package descriptor '/home/GTL/asacks/ros_workspace/install/task_manager_msgs/share/task_manager_msgs/package.dsv'
[16.575s] INFO:colcon.colcon_core.shell:Creating package script '/home/GTL/asacks/ros_workspace/install/task_manager_msgs/share/task_manager_msgs/package.sh'
[16.577s] INFO:colcon.colcon_core.shell:Creating package script '/home/GTL/asacks/ros_workspace/install/task_manager_msgs/share/task_manager_msgs/package.bash'
[16.578s] INFO:colcon.colcon_core.shell:Creating package script '/home/GTL/asacks/ros_workspace/install/task_manager_msgs/share/task_manager_msgs/package.zsh'
[16.579s] Level 1:colcon.colcon_core.environment:create_file_with_runtime_dependencies(/home/GTL/asacks/ros_workspace/install/task_manager_msgs/share/colcon-core/packages/task_manager_msgs)
[16.583s] Level 1:colcon.colcon_core.environment:create_environment_scripts_only(task_manager_msgs)
[16.583s] Level 1:colcon.colcon_core.environment:checking '/home/GTL/asacks/ros_workspace/install/task_manager_msgs' for CMake module files
[16.585s] Level 1:colcon.colcon_core.environment:checking '/home/GTL/asacks/ros_workspace/install/task_manager_msgs' for CMake config files
[16.592s] Level 1:colcon.colcon_core.shell:create_environment_hook('task_manager_msgs', 'cmake_prefix_path')
[16.593s] INFO:colcon.colcon_core.shell:Creating environment hook '/home/GTL/asacks/ros_workspace/install/task_manager_msgs/share/task_manager_msgs/hook/cmake_prefix_path.ps1'
[16.594s] INFO:colcon.colcon_core.shell:Creating environment descriptor '/home/GTL/asacks/ros_workspace/install/task_manager_msgs/share/task_manager_msgs/hook/cmake_prefix_path.dsv'
[16.596s] INFO:colcon.colcon_core.shell:Creating environment hook '/home/GTL/asacks/ros_workspace/install/task_manager_msgs/share/task_manager_msgs/hook/cmake_prefix_path.sh'
[16.597s] Level 1:colcon.colcon_core.environment:checking '/home/GTL/asacks/ros_workspace/install/task_manager_msgs/lib'
[16.598s] Level 1:colcon.colcon_core.shell:create_environment_hook('task_manager_msgs', 'ld_library_path_lib')
[16.598s] INFO:colcon.colcon_core.shell:Creating environment hook '/home/GTL/asacks/ros_workspace/install/task_manager_msgs/share/task_manager_msgs/hook/ld_library_path_lib.ps1'
[16.599s] INFO:colcon.colcon_core.shell:Creating environment descriptor '/home/GTL/asacks/ros_workspace/install/task_manager_msgs/share/task_manager_msgs/hook/ld_library_path_lib.dsv'
[16.601s] INFO:colcon.colcon_core.shell:Creating environment hook '/home/GTL/asacks/ros_workspace/install/task_manager_msgs/share/task_manager_msgs/hook/ld_library_path_lib.sh'
[16.602s] Level 1:colcon.colcon_core.environment:checking '/home/GTL/asacks/ros_workspace/install/task_manager_msgs/bin'
[16.602s] Level 1:colcon.colcon_core.environment:checking '/home/GTL/asacks/ros_workspace/install/task_manager_msgs/lib/pkgconfig/task_manager_msgs.pc'
[16.603s] Level 1:colcon.colcon_core.environment:checking '/home/GTL/asacks/ros_workspace/install/task_manager_msgs/lib/python3.12/site-packages'
[16.603s] Level 1:colcon.colcon_core.shell:create_environment_hook('task_manager_msgs', 'pythonpath')
[16.604s] INFO:colcon.colcon_core.shell:Creating environment hook '/home/GTL/asacks/ros_workspace/install/task_manager_msgs/share/task_manager_msgs/hook/pythonpath.ps1'
[16.605s] INFO:colcon.colcon_core.shell:Creating environment descriptor '/home/GTL/asacks/ros_workspace/install/task_manager_msgs/share/task_manager_msgs/hook/pythonpath.dsv'
[16.607s] INFO:colcon.colcon_core.shell:Creating environment hook '/home/GTL/asacks/ros_workspace/install/task_manager_msgs/share/task_manager_msgs/hook/pythonpath.sh'
[16.609s] Level 1:colcon.colcon_core.environment:checking '/home/GTL/asacks/ros_workspace/install/task_manager_msgs/bin'
[16.609s] INFO:colcon.colcon_core.shell:Creating package script '/home/GTL/asacks/ros_workspace/install/task_manager_msgs/share/task_manager_msgs/package.ps1'
[16.611s] INFO:colcon.colcon_core.shell:Creating package descriptor '/home/GTL/asacks/ros_workspace/install/task_manager_msgs/share/task_manager_msgs/package.dsv'
[16.613s] INFO:colcon.colcon_core.shell:Creating package script '/home/GTL/asacks/ros_workspace/install/task_manager_msgs/share/task_manager_msgs/package.sh'
[16.614s] INFO:colcon.colcon_core.shell:Creating package script '/home/GTL/asacks/ros_workspace/install/task_manager_msgs/share/task_manager_msgs/package.bash'
[16.616s] INFO:colcon.colcon_core.shell:Creating package script '/home/GTL/asacks/ros_workspace/install/task_manager_msgs/share/task_manager_msgs/package.zsh'
[16.617s] Level 1:colcon.colcon_core.environment:create_file_with_runtime_dependencies(/home/GTL/asacks/ros_workspace/install/task_manager_msgs/share/colcon-core/packages/task_manager_msgs)
[16.619s] INFO:colcon.colcon_ros.task.ament_cmake.build:Building ROS package in '/home/GTL/asacks/ros_workspace/src/ros_task_manager/src/task_manager_lib' with build type 'ament_cmake'
[16.619s] INFO:colcon.colcon_cmake.task.cmake.build:Building CMake package in '/home/GTL/asacks/ros_workspace/src/ros_task_manager/src/task_manager_lib'
[16.619s] INFO:colcon.colcon_core.shell:Skip shell extension 'powershell' for command environment: Not usable outside of PowerShell
[16.619s] DEBUG:colcon.colcon_core.shell:Skip shell extension 'dsv' for command environment
[16.627s] INFO:colcon.colcon_ros.task.ament_python.build:Building ROS package in '/home/GTL/asacks/ros_workspace/src/ros_task_manager/src/task_manager_client_py' with build type 'ament_python'
[16.627s] Level 1:colcon.colcon_core.shell:create_environment_hook('task_manager_client_py', 'ament_prefix_path')
[16.628s] INFO:colcon.colcon_core.shell:Creating environment hook '/home/GTL/asacks/ros_workspace/install/task_manager_client_py/share/task_manager_client_py/hook/ament_prefix_path.ps1'
[16.633s] INFO:colcon.colcon_core.shell:Creating environment descriptor '/home/GTL/asacks/ros_workspace/install/task_manager_client_py/share/task_manager_client_py/hook/ament_prefix_path.dsv'
[16.635s] INFO:colcon.colcon_core.shell:Creating environment hook '/home/GTL/asacks/ros_workspace/install/task_manager_client_py/share/task_manager_client_py/hook/ament_prefix_path.sh'
[16.636s] INFO:colcon.colcon_core.shell:Skip shell extension 'powershell' for command environment: Not usable outside of PowerShell
[16.636s] DEBUG:colcon.colcon_core.shell:Skip shell extension 'dsv' for command environment
[16.659s] DEBUG:colcon.colcon_core.event_handler.log_command:Invoking command in '/home/GTL/asacks/ros_workspace/build/task_manager_lib': AMENT_PREFIX_PATH=/home/GTL/asacks/ros_workspace/install/task_manager_msgs:${AMENT_PREFIX_PATH} CMAKE_PREFIX_PATH=/home/GTL/asacks/ros_workspace/install/task_manager_msgs:/home/GTL/asacks/ros_workspace/install/vrep4_helpers:/home/GTL/asacks/ros_workspace/install/floor_plane_regression_base:/home/GTL/asacks/ros_workspace/install/floor_plane_ransac_base:/home/GTL/asacks/ros_workspace/install/floor_plane_hough_base:/opt/ros/kilted/opt/gz_sim_vendor:/opt/ros/kilted/opt/gz_sensors_vendor:/opt/ros/kilted/opt/gz_physics_vendor:/opt/ros/kilted/opt/sdformat_vendor:/opt/ros/kilted/opt/gz_gui_vendor:/opt/ros/kilted/opt/gz_transport_vendor:/opt/ros/kilted/opt/gz_rendering_vendor:/opt/ros/kilted/opt/gz_plugin_vendor:/opt/ros/kilted/opt/gz_fuel_tools_vendor:/opt/ros/kilted/opt/gz_msgs_vendor:/opt/ros/kilted/opt/gz_common_vendor:/opt/ros/kilted/opt/gz_math_vendor:/opt/ros/kilted/opt/gz_utils_vendor:/opt/ros/kilted/opt/gz_tools_vendor:/opt/ros/kilted/opt/gz_ogre_next_vendor:/opt/ros/kilted/opt/gz_dartsim_vendor:/opt/ros/kilted/opt/gz_cmake_vendor:/home/GTL/asacks/ros_workspace/install/model_prediction:/home/GTL/asacks/ros_workspace/install/joy_teleop:/opt/ros/kilted DEBUGINFOD_URLS=https://debuginfod.ubuntu.com LD_LIBRARY_PATH=/home/GTL/asacks/ros_workspace/install/task_manager_msgs/lib:${LD_LIBRARY_PATH} PYTHONPATH=/home/GTL/asacks/ros_workspace/install/task_manager_msgs/lib/python3.12/site-packages:${PYTHONPATH} /usr/bin/cmake /home/GTL/asacks/ros_workspace/src/ros_task_manager/src/task_manager_lib -DAMENT_CMAKE_SYMLINK_INSTALL=1 -DCMAKE_INSTALL_PREFIX=/home/GTL/asacks/ros_workspace/install/task_manager_lib
[16.885s] INFO:colcon.colcon_core.task.python.build:Building Python package in '/home/GTL/asacks/ros_workspace/src/ros_task_manager/src/task_manager_client_py'
[16.885s] INFO:colcon.colcon_core.shell:Skip shell extension 'powershell' for command environment: Not usable outside of PowerShell
[16.885s] DEBUG:colcon.colcon_core.shell:Skip shell extension 'dsv' for command environment
[17.464s] DEBUG:colcon.colcon_core.task.python.build:Available setuptools commands: install_egg_info, upload, bdist_egg, setopt, install, bdist_rpm, install_headers, install_data, develop, extract_messages, bdist, register, install_lib, init_catalog, bdist_dumb, upload_docs, build_py, update_catalog, sdist, rotate, build_ext, symlink_data, alias, clean, dist_info, test, build, saveopts, build_scripts, easy_install, bdist_wheel, egg_info, compile_catalog, check, build_clib, editable_wheel, install_scripts
[17.758s] DEBUG:colcon.colcon_core.task.python.build:Available setuptools 'develop' options: --upgrade, --allow-hosts, --record, --site-dirs, --dry-run, --zip-ok, --local-snapshots-ok, --verbose, --quiet, --find-links, --install-layout, --build-directory, --prefix, --install-dir, --user, --uninstall, --always-copy, --force-installation-into-system-dir, --multi-version, --help, --always-unzip, --no-deps, --index-url, --script-dir, --exclude-scripts, --version, --egg-path, --no-find-links, --no-user-cfg, --optimize, --editable
[17.768s] DEBUG:colcon.colcon_core.event_handler.log_command:Invoking command in '/home/GTL/asacks/ros_workspace/build/task_manager_client_py': AMENT_PREFIX_PATH=/home/GTL/asacks/ros_workspace/install/task_manager_msgs:${AMENT_PREFIX_PATH} CMAKE_PREFIX_PATH=/home/GTL/asacks/ros_workspace/install/task_manager_msgs:${CMAKE_PREFIX_PATH} DEBUGINFOD_URLS=https://debuginfod.ubuntu.com LD_LIBRARY_PATH=/home/GTL/asacks/ros_workspace/install/task_manager_msgs/lib:${LD_LIBRARY_PATH} PYTHONPATH=/home/GTL/asacks/ros_workspace/build/task_manager_client_py/prefix_override:/usr/lib/python3/dist-packages/colcon_core/task/python/colcon_distutils_commands:/home/GTL/asacks/ros_workspace/install/task_manager_client_py/lib/python3.12/site-packages:/home/GTL/asacks/ros_workspace/install/task_manager_msgs/lib/python3.12/site-packages:${PYTHONPATH} /usr/bin/python3 -W ignore:setup.py install is deprecated -W ignore:easy_install command is deprecated setup.py develop --editable --build-directory /home/GTL/asacks/ros_workspace/build/task_manager_client_py/build --no-deps symlink_data
[18.454s] Level 1:colcon.colcon_core.shell:create_environment_hook('task_manager_client_py', 'pythonpath_develop')
[18.454s] INFO:colcon.colcon_core.shell:Creating environment hook '/home/GTL/asacks/ros_workspace/build/task_manager_client_py/share/task_manager_client_py/hook/pythonpath_develop.ps1'
[18.454s] DEBUG:colcon.colcon_core.event_handler.log_command:Invoked command in '/home/GTL/asacks/ros_workspace/build/task_manager_client_py' returned '0': AMENT_PREFIX_PATH=/home/GTL/asacks/ros_workspace/install/task_manager_msgs:${AMENT_PREFIX_PATH} CMAKE_PREFIX_PATH=/home/GTL/asacks/ros_workspace/install/task_manager_msgs:${CMAKE_PREFIX_PATH} DEBUGINFOD_URLS=https://debuginfod.ubuntu.com LD_LIBRARY_PATH=/home/GTL/asacks/ros_workspace/install/task_manager_msgs/lib:${LD_LIBRARY_PATH} PYTHONPATH=/home/GTL/asacks/ros_workspace/build/task_manager_client_py/prefix_override:/usr/lib/python3/dist-packages/colcon_core/task/python/colcon_distutils_commands:/home/GTL/asacks/ros_workspace/install/task_manager_client_py/lib/python3.12/site-packages:/home/GTL/asacks/ros_workspace/install/task_manager_msgs/lib/python3.12/site-packages:${PYTHONPATH} /usr/bin/python3 -W ignore:setup.py install is deprecated -W ignore:easy_install command is deprecated setup.py develop --editable --build-directory /home/GTL/asacks/ros_workspace/build/task_manager_client_py/build --no-deps symlink_data
[18.459s] INFO:colcon.colcon_core.shell:Creating environment descriptor '/home/GTL/asacks/ros_workspace/build/task_manager_client_py/share/task_manager_client_py/hook/pythonpath_develop.dsv'
[18.460s] INFO:colcon.colcon_core.shell:Creating environment hook '/home/GTL/asacks/ros_workspace/build/task_manager_client_py/share/task_manager_client_py/hook/pythonpath_develop.sh'
[18.461s] Level 1:colcon.colcon_core.environment:checking '/home/GTL/asacks/ros_workspace/install/task_manager_client_py' for CMake module files
[18.464s] Level 1:colcon.colcon_core.environment:checking '/home/GTL/asacks/ros_workspace/install/task_manager_client_py' for CMake config files
[18.466s] Level 1:colcon.colcon_core.environment:checking '/home/GTL/asacks/ros_workspace/install/task_manager_client_py/lib'
[18.467s] Level 1:colcon.colcon_core.environment:checking '/home/GTL/asacks/ros_workspace/install/task_manager_client_py/bin'
[18.467s] Level 1:colcon.colcon_core.environment:checking '/home/GTL/asacks/ros_workspace/install/task_manager_client_py/lib/pkgconfig/task_manager_client_py.pc'
[18.467s] Level 1:colcon.colcon_core.environment:checking '/home/GTL/asacks/ros_workspace/install/task_manager_client_py/lib/python3.12/site-packages'
[18.468s] Level 1:colcon.colcon_core.shell:create_environment_hook('task_manager_client_py', 'pythonpath')
[18.468s] INFO:colcon.colcon_core.shell:Creating environment hook '/home/GTL/asacks/ros_workspace/install/task_manager_client_py/share/task_manager_client_py/hook/pythonpath.ps1'
[18.469s] INFO:colcon.colcon_core.shell:Creating environment descriptor '/home/GTL/asacks/ros_workspace/install/task_manager_client_py/share/task_manager_client_py/hook/pythonpath.dsv'
[18.471s] INFO:colcon.colcon_core.shell:Creating environment hook '/home/GTL/asacks/ros_workspace/install/task_manager_client_py/share/task_manager_client_py/hook/pythonpath.sh'
[18.472s] Level 1:colcon.colcon_core.environment:checking '/home/GTL/asacks/ros_workspace/install/task_manager_client_py/bin'
[18.472s] Level 1:colcon.colcon_core.environment:create_environment_scripts_only(task_manager_client_py)
[18.473s] INFO:colcon.colcon_core.shell:Creating package script '/home/GTL/asacks/ros_workspace/install/task_manager_client_py/share/task_manager_client_py/package.ps1'
[18.474s] INFO:colcon.colcon_core.shell:Creating package descriptor '/home/GTL/asacks/ros_workspace/install/task_manager_client_py/share/task_manager_client_py/package.dsv'
[18.476s] INFO:colcon.colcon_core.shell:Creating package script '/home/GTL/asacks/ros_workspace/install/task_manager_client_py/share/task_manager_client_py/package.sh'
[18.478s] INFO:colcon.colcon_core.shell:Creating package script '/home/GTL/asacks/ros_workspace/install/task_manager_client_py/share/task_manager_client_py/package.bash'
[18.480s] INFO:colcon.colcon_core.shell:Creating package script '/home/GTL/asacks/ros_workspace/install/task_manager_client_py/share/task_manager_client_py/package.zsh'
[18.481s] Level 1:colcon.colcon_core.environment:create_file_with_runtime_dependencies(/home/GTL/asacks/ros_workspace/install/task_manager_client_py/share/colcon-core/packages/task_manager_client_py)
[20.095s] DEBUG:colcon.colcon_core.event_handler.log_command:Invoked command in '/home/GTL/asacks/ros_workspace/build/task_manager_lib' returned '0': AMENT_PREFIX_PATH=/home/GTL/asacks/ros_workspace/install/task_manager_msgs:${AMENT_PREFIX_PATH} CMAKE_PREFIX_PATH=/home/GTL/asacks/ros_workspace/install/task_manager_msgs:/home/GTL/asacks/ros_workspace/install/vrep4_helpers:/home/GTL/asacks/ros_workspace/install/floor_plane_regression_base:/home/GTL/asacks/ros_workspace/install/floor_plane_ransac_base:/home/GTL/asacks/ros_workspace/install/floor_plane_hough_base:/opt/ros/kilted/opt/gz_sim_vendor:/opt/ros/kilted/opt/gz_sensors_vendor:/opt/ros/kilted/opt/gz_physics_vendor:/opt/ros/kilted/opt/sdformat_vendor:/opt/ros/kilted/opt/gz_gui_vendor:/opt/ros/kilted/opt/gz_transport_vendor:/opt/ros/kilted/opt/gz_rendering_vendor:/opt/ros/kilted/opt/gz_plugin_vendor:/opt/ros/kilted/opt/gz_fuel_tools_vendor:/opt/ros/kilted/opt/gz_msgs_vendor:/opt/ros/kilted/opt/gz_common_vendor:/opt/ros/kilted/opt/gz_math_vendor:/opt/ros/kilted/opt/gz_utils_vendor:/opt/ros/kilted/opt/gz_tools_vendor:/opt/ros/kilted/opt/gz_ogre_next_vendor:/opt/ros/kilted/opt/gz_dartsim_vendor:/opt/ros/kilted/opt/gz_cmake_vendor:/home/GTL/asacks/ros_workspace/install/model_prediction:/home/GTL/asacks/ros_workspace/install/joy_teleop:/opt/ros/kilted DEBUGINFOD_URLS=https://debuginfod.ubuntu.com LD_LIBRARY_PATH=/home/GTL/asacks/ros_workspace/install/task_manager_msgs/lib:${LD_LIBRARY_PATH} PYTHONPATH=/home/GTL/asacks/ros_workspace/install/task_manager_msgs/lib/python3.12/site-packages:${PYTHONPATH} /usr/bin/cmake /home/GTL/asacks/ros_workspace/src/ros_task_manager/src/task_manager_lib -DAMENT_CMAKE_SYMLINK_INSTALL=1 -DCMAKE_INSTALL_PREFIX=/home/GTL/asacks/ros_workspace/install/task_manager_lib
[20.097s] DEBUG:colcon.colcon_core.event_handler.log_command:Invoking command in '/home/GTL/asacks/ros_workspace/build/task_manager_lib': AMENT_PREFIX_PATH=/home/GTL/asacks/ros_workspace/install/task_manager_msgs:${AMENT_PREFIX_PATH} CMAKE_PREFIX_PATH=/home/GTL/asacks/ros_workspace/install/task_manager_msgs:/home/GTL/asacks/ros_workspace/install/vrep4_helpers:/home/GTL/asacks/ros_workspace/install/floor_plane_regression_base:/home/GTL/asacks/ros_workspace/install/floor_plane_ransac_base:/home/GTL/asacks/ros_workspace/install/floor_plane_hough_base:/opt/ros/kilted/opt/gz_sim_vendor:/opt/ros/kilted/opt/gz_sensors_vendor:/opt/ros/kilted/opt/gz_physics_vendor:/opt/ros/kilted/opt/sdformat_vendor:/opt/ros/kilted/opt/gz_gui_vendor:/opt/ros/kilted/opt/gz_transport_vendor:/opt/ros/kilted/opt/gz_rendering_vendor:/opt/ros/kilted/opt/gz_plugin_vendor:/opt/ros/kilted/opt/gz_fuel_tools_vendor:/opt/ros/kilted/opt/gz_msgs_vendor:/opt/ros/kilted/opt/gz_common_vendor:/opt/ros/kilted/opt/gz_math_vendor:/opt/ros/kilted/opt/gz_utils_vendor:/opt/ros/kilted/opt/gz_tools_vendor:/opt/ros/kilted/opt/gz_ogre_next_vendor:/opt/ros/kilted/opt/gz_dartsim_vendor:/opt/ros/kilted/opt/gz_cmake_vendor:/home/GTL/asacks/ros_workspace/install/model_prediction:/home/GTL/asacks/ros_workspace/install/joy_teleop:/opt/ros/kilted DEBUGINFOD_URLS=https://debuginfod.ubuntu.com LD_LIBRARY_PATH=/home/GTL/asacks/ros_workspace/install/task_manager_msgs/lib:${LD_LIBRARY_PATH} PYTHONPATH=/home/GTL/asacks/ros_workspace/install/task_manager_msgs/lib/python3.12/site-packages:${PYTHONPATH} /usr/bin/cmake --build /home/GTL/asacks/ros_workspace/build/task_manager_lib -- -j16 -l16
[60.598s] DEBUG:colcon.colcon_core.event_handler.log_command:Invoked command in '/home/GTL/asacks/ros_workspace/build/task_manager_lib' returned '0': AMENT_PREFIX_PATH=/home/GTL/asacks/ros_workspace/install/task_manager_msgs:${AMENT_PREFIX_PATH} CMAKE_PREFIX_PATH=/home/GTL/asacks/ros_workspace/install/task_manager_msgs:/home/GTL/asacks/ros_workspace/install/vrep4_helpers:/home/GTL/asacks/ros_workspace/install/floor_plane_regression_base:/home/GTL/asacks/ros_workspace/install/floor_plane_ransac_base:/home/GTL/asacks/ros_workspace/install/floor_plane_hough_base:/opt/ros/kilted/opt/gz_sim_vendor:/opt/ros/kilted/opt/gz_sensors_vendor:/opt/ros/kilted/opt/gz_physics_vendor:/opt/ros/kilted/opt/sdformat_vendor:/opt/ros/kilted/opt/gz_gui_vendor:/opt/ros/kilted/opt/gz_transport_vendor:/opt/ros/kilted/opt/gz_rendering_vendor:/opt/ros/kilted/opt/gz_plugin_vendor:/opt/ros/kilted/opt/gz_fuel_tools_vendor:/opt/ros/kilted/opt/gz_msgs_vendor:/opt/ros/kilted/opt/gz_common_vendor:/opt/ros/kilted/opt/gz_math_vendor:/opt/ros/kilted/opt/gz_utils_vendor:/opt/ros/kilted/opt/gz_tools_vendor:/opt/ros/kilted/opt/gz_ogre_next_vendor:/opt/ros/kilted/opt/gz_dartsim_vendor:/opt/ros/kilted/opt/gz_cmake_vendor:/home/GTL/asacks/ros_workspace/install/model_prediction:/home/GTL/asacks/ros_workspace/install/joy_teleop:/opt/ros/kilted DEBUGINFOD_URLS=https://debuginfod.ubuntu.com LD_LIBRARY_PATH=/home/GTL/asacks/ros_workspace/install/task_manager_msgs/lib:${LD_LIBRARY_PATH} PYTHONPATH=/home/GTL/asacks/ros_workspace/install/task_manager_msgs/lib/python3.12/site-packages:${PYTHONPATH} /usr/bin/cmake --build /home/GTL/asacks/ros_workspace/build/task_manager_lib -- -j16 -l16
[60.600s] DEBUG:colcon.colcon_core.event_handler.log_command:Invoking command in '/home/GTL/asacks/ros_workspace/build/task_manager_lib': AMENT_PREFIX_PATH=/home/GTL/asacks/ros_workspace/install/task_manager_msgs:${AMENT_PREFIX_PATH} CMAKE_PREFIX_PATH=/home/GTL/asacks/ros_workspace/install/task_manager_msgs:/home/GTL/asacks/ros_workspace/install/vrep4_helpers:/home/GTL/asacks/ros_workspace/install/floor_plane_regression_base:/home/GTL/asacks/ros_workspace/install/floor_plane_ransac_base:/home/GTL/asacks/ros_workspace/install/floor_plane_hough_base:/opt/ros/kilted/opt/gz_sim_vendor:/opt/ros/kilted/opt/gz_sensors_vendor:/opt/ros/kilted/opt/gz_physics_vendor:/opt/ros/kilted/opt/sdformat_vendor:/opt/ros/kilted/opt/gz_gui_vendor:/opt/ros/kilted/opt/gz_transport_vendor:/opt/ros/kilted/opt/gz_rendering_vendor:/opt/ros/kilted/opt/gz_plugin_vendor:/opt/ros/kilted/opt/gz_fuel_tools_vendor:/opt/ros/kilted/opt/gz_msgs_vendor:/opt/ros/kilted/opt/gz_common_vendor:/opt/ros/kilted/opt/gz_math_vendor:/opt/ros/kilted/opt/gz_utils_vendor:/opt/ros/kilted/opt/gz_tools_vendor:/opt/ros/kilted/opt/gz_ogre_next_vendor:/opt/ros/kilted/opt/gz_dartsim_vendor:/opt/ros/kilted/opt/gz_cmake_vendor:/home/GTL/asacks/ros_workspace/install/model_prediction:/home/GTL/asacks/ros_workspace/install/joy_teleop:/opt/ros/kilted DEBUGINFOD_URLS=https://debuginfod.ubuntu.com LD_LIBRARY_PATH=/home/GTL/asacks/ros_workspace/install/task_manager_msgs/lib:${LD_LIBRARY_PATH} PYTHONPATH=/home/GTL/asacks/ros_workspace/install/task_manager_msgs/lib/python3.12/site-packages:${PYTHONPATH} /usr/bin/cmake --install /home/GTL/asacks/ros_workspace/build/task_manager_lib
[60.953s] Level 1:colcon.colcon_core.environment:create_environment_scripts_only(task_manager_lib)
[60.954s] Level 1:colcon.colcon_core.environment:checking '/home/GTL/asacks/ros_workspace/install/task_manager_lib' for CMake module files
[60.954s] DEBUG:colcon.colcon_core.event_handler.log_command:Invoked command in '/home/GTL/asacks/ros_workspace/build/task_manager_lib' returned '0': AMENT_PREFIX_PATH=/home/GTL/asacks/ros_workspace/install/task_manager_msgs:${AMENT_PREFIX_PATH} CMAKE_PREFIX_PATH=/home/GTL/asacks/ros_workspace/install/task_manager_msgs:/home/GTL/asacks/ros_workspace/install/vrep4_helpers:/home/GTL/asacks/ros_workspace/install/floor_plane_regression_base:/home/GTL/asacks/ros_workspace/install/floor_plane_ransac_base:/home/GTL/asacks/ros_workspace/install/floor_plane_hough_base:/opt/ros/kilted/opt/gz_sim_vendor:/opt/ros/kilted/opt/gz_sensors_vendor:/opt/ros/kilted/opt/gz_physics_vendor:/opt/ros/kilted/opt/sdformat_vendor:/opt/ros/kilted/opt/gz_gui_vendor:/opt/ros/kilted/opt/gz_transport_vendor:/opt/ros/kilted/opt/gz_rendering_vendor:/opt/ros/kilted/opt/gz_plugin_vendor:/opt/ros/kilted/opt/gz_fuel_tools_vendor:/opt/ros/kilted/opt/gz_msgs_vendor:/opt/ros/kilted/opt/gz_common_vendor:/opt/ros/kilted/opt/gz_math_vendor:/opt/ros/kilted/opt/gz_utils_vendor:/opt/ros/kilted/opt/gz_tools_vendor:/opt/ros/kilted/opt/gz_ogre_next_vendor:/opt/ros/kilted/opt/gz_dartsim_vendor:/opt/ros/kilted/opt/gz_cmake_vendor:/home/GTL/asacks/ros_workspace/install/model_prediction:/home/GTL/asacks/ros_workspace/install/joy_teleop:/opt/ros/kilted DEBUGINFOD_URLS=https://debuginfod.ubuntu.com LD_LIBRARY_PATH=/home/GTL/asacks/ros_workspace/install/task_manager_msgs/lib:${LD_LIBRARY_PATH} PYTHONPATH=/home/GTL/asacks/ros_workspace/install/task_manager_msgs/lib/python3.12/site-packages:${PYTHONPATH} /usr/bin/cmake --install /home/GTL/asacks/ros_workspace/build/task_manager_lib
[60.958s] Level 1:colcon.colcon_core.environment:checking '/home/GTL/asacks/ros_workspace/install/task_manager_lib' for CMake config files
[60.961s] Level 1:colcon.colcon_core.shell:create_environment_hook('task_manager_lib', 'cmake_prefix_path')
[60.961s] INFO:colcon.colcon_core.shell:Creating environment hook '/home/GTL/asacks/ros_workspace/install/task_manager_lib/share/task_manager_lib/hook/cmake_prefix_path.ps1'
[60.964s] INFO:colcon.colcon_core.shell:Creating environment descriptor '/home/GTL/asacks/ros_workspace/install/task_manager_lib/share/task_manager_lib/hook/cmake_prefix_path.dsv'
[60.966s] INFO:colcon.colcon_core.shell:Creating environment hook '/home/GTL/asacks/ros_workspace/install/task_manager_lib/share/task_manager_lib/hook/cmake_prefix_path.sh'
[60.968s] Level 1:colcon.colcon_core.environment:checking '/home/GTL/asacks/ros_workspace/install/task_manager_lib/lib'
[60.968s] Level 1:colcon.colcon_core.shell:create_environment_hook('task_manager_lib', 'ld_library_path_lib')
[60.968s] INFO:colcon.colcon_core.shell:Creating environment hook '/home/GTL/asacks/ros_workspace/install/task_manager_lib/share/task_manager_lib/hook/ld_library_path_lib.ps1'
[60.970s] INFO:colcon.colcon_core.shell:Creating environment descriptor '/home/GTL/asacks/ros_workspace/install/task_manager_lib/share/task_manager_lib/hook/ld_library_path_lib.dsv'
[60.971s] INFO:colcon.colcon_core.shell:Creating environment hook '/home/GTL/asacks/ros_workspace/install/task_manager_lib/share/task_manager_lib/hook/ld_library_path_lib.sh'
[60.973s] Level 1:colcon.colcon_core.environment:checking '/home/GTL/asacks/ros_workspace/install/task_manager_lib/bin'
[60.973s] Level 1:colcon.colcon_core.environment:checking '/home/GTL/asacks/ros_workspace/install/task_manager_lib/lib/pkgconfig/task_manager_lib.pc'
[60.974s] Level 1:colcon.colcon_core.environment:checking '/home/GTL/asacks/ros_workspace/install/task_manager_lib/lib/python3.12/site-packages'
[60.974s] Level 1:colcon.colcon_core.environment:checking '/home/GTL/asacks/ros_workspace/install/task_manager_lib/bin'
[60.974s] INFO:colcon.colcon_core.shell:Creating package script '/home/GTL/asacks/ros_workspace/install/task_manager_lib/share/task_manager_lib/package.ps1'
[60.978s] INFO:colcon.colcon_core.shell:Creating package descriptor '/home/GTL/asacks/ros_workspace/install/task_manager_lib/share/task_manager_lib/package.dsv'
[60.980s] INFO:colcon.colcon_core.shell:Creating package script '/home/GTL/asacks/ros_workspace/install/task_manager_lib/share/task_manager_lib/package.sh'
[60.981s] INFO:colcon.colcon_core.shell:Creating package script '/home/GTL/asacks/ros_workspace/install/task_manager_lib/share/task_manager_lib/package.bash'
[60.983s] INFO:colcon.colcon_core.shell:Creating package script '/home/GTL/asacks/ros_workspace/install/task_manager_lib/share/task_manager_lib/package.zsh'
[60.984s] Level 1:colcon.colcon_core.environment:create_file_with_runtime_dependencies(/home/GTL/asacks/ros_workspace/install/task_manager_lib/share/colcon-core/packages/task_manager_lib)
[60.988s] Level 1:colcon.colcon_core.environment:create_environment_scripts_only(task_manager_lib)
[60.988s] Level 1:colcon.colcon_core.environment:checking '/home/GTL/asacks/ros_workspace/install/task_manager_lib' for CMake module files
[60.990s] Level 1:colcon.colcon_core.environment:checking '/home/GTL/asacks/ros_workspace/install/task_manager_lib' for CMake config files
[60.992s] Level 1:colcon.colcon_core.shell:create_environment_hook('task_manager_lib', 'cmake_prefix_path')
[60.993s] INFO:colcon.colcon_core.shell:Creating environment hook '/home/GTL/asacks/ros_workspace/install/task_manager_lib/share/task_manager_lib/hook/cmake_prefix_path.ps1'
[60.994s] INFO:colcon.colcon_core.shell:Creating environment descriptor '/home/GTL/asacks/ros_workspace/install/task_manager_lib/share/task_manager_lib/hook/cmake_prefix_path.dsv'
[60.996s] INFO:colcon.colcon_core.shell:Creating environment hook '/home/GTL/asacks/ros_workspace/install/task_manager_lib/share/task_manager_lib/hook/cmake_prefix_path.sh'
[60.998s] Level 1:colcon.colcon_core.environment:checking '/home/GTL/asacks/ros_workspace/install/task_manager_lib/lib'
[60.998s] Level 1:colcon.colcon_core.shell:create_environment_hook('task_manager_lib', 'ld_library_path_lib')
[60.998s] INFO:colcon.colcon_core.shell:Creating environment hook '/home/GTL/asacks/ros_workspace/install/task_manager_lib/share/task_manager_lib/hook/ld_library_path_lib.ps1'
[61.000s] INFO:colcon.colcon_core.shell:Creating environment descriptor '/home/GTL/asacks/ros_workspace/install/task_manager_lib/share/task_manager_lib/hook/ld_library_path_lib.dsv'
[61.001s] INFO:colcon.colcon_core.shell:Creating environment hook '/home/GTL/asacks/ros_workspace/install/task_manager_lib/share/task_manager_lib/hook/ld_library_path_lib.sh'
[61.002s] Level 1:colcon.colcon_core.environment:checking '/home/GTL/asacks/ros_workspace/install/task_manager_lib/bin'
[61.003s] Level 1:colcon.colcon_core.environment:checking '/home/GTL/asacks/ros_workspace/install/task_manager_lib/lib/pkgconfig/task_manager_lib.pc'
[61.003s] Level 1:colcon.colcon_core.environment:checking '/home/GTL/asacks/ros_workspace/install/task_manager_lib/lib/python3.12/site-packages'
[61.003s] Level 1:colcon.colcon_core.environment:checking '/home/GTL/asacks/ros_workspace/install/task_manager_lib/bin'
[61.004s] INFO:colcon.colcon_core.shell:Creating package script '/home/GTL/asacks/ros_workspace/install/task_manager_lib/share/task_manager_lib/package.ps1'
[61.005s] INFO:colcon.colcon_core.shell:Creating package descriptor '/home/GTL/asacks/ros_workspace/install/task_manager_lib/share/task_manager_lib/package.dsv'
[61.007s] INFO:colcon.colcon_core.shell:Creating package script '/home/GTL/asacks/ros_workspace/install/task_manager_lib/share/task_manager_lib/package.sh'
[61.008s] INFO:colcon.colcon_core.shell:Creating package script '/home/GTL/asacks/ros_workspace/install/task_manager_lib/share/task_manager_lib/package.bash'
[61.010s] INFO:colcon.colcon_core.shell:Creating package script '/home/GTL/asacks/ros_workspace/install/task_manager_lib/share/task_manager_lib/package.zsh'
[61.011s] Level 1:colcon.colcon_core.environment:create_file_with_runtime_dependencies(/home/GTL/asacks/ros_workspace/install/task_manager_lib/share/colcon-core/packages/task_manager_lib)
[76.040s] DEBUG:colcon.colcon_core.event_handler.log_command:Invoked command in '/home/GTL/asacks/ros_workspace/build/nav2_msgs' returned '0': AMENT_PREFIX_PATH=/home/GTL/asacks/ros_workspace/install/nav2_common:${AMENT_PREFIX_PATH} CMAKE_PREFIX_PATH=/home/GTL/asacks/ros_workspace/install/nav2_common:/home/GTL/asacks/ros_workspace/install/vrep4_helpers:/home/GTL/asacks/ros_workspace/install/floor_plane_regression_base:/home/GTL/asacks/ros_workspace/install/floor_plane_ransac_base:/home/GTL/asacks/ros_workspace/install/floor_plane_hough_base:/opt/ros/kilted/opt/gz_sim_vendor:/opt/ros/kilted/opt/gz_sensors_vendor:/opt/ros/kilted/opt/gz_physics_vendor:/opt/ros/kilted/opt/sdformat_vendor:/opt/ros/kilted/opt/gz_gui_vendor:/opt/ros/kilted/opt/gz_transport_vendor:/opt/ros/kilted/opt/gz_rendering_vendor:/opt/ros/kilted/opt/gz_plugin_vendor:/opt/ros/kilted/opt/gz_fuel_tools_vendor:/opt/ros/kilted/opt/gz_msgs_vendor:/opt/ros/kilted/opt/gz_common_vendor:/opt/ros/kilted/opt/gz_math_vendor:/opt/ros/kilted/opt/gz_utils_vendor:/opt/ros/kilted/opt/gz_tools_vendor:/opt/ros/kilted/opt/gz_ogre_next_vendor:/opt/ros/kilted/opt/gz_dartsim_vendor:/opt/ros/kilted/opt/gz_cmake_vendor:/home/GTL/asacks/ros_workspace/install/model_prediction:/home/GTL/asacks/ros_workspace/install/joy_teleop:/opt/ros/kilted DEBUGINFOD_URLS=https://debuginfod.ubuntu.com PYTHONPATH=/home/GTL/asacks/ros_workspace/install/nav2_common/lib/python3.12/site-packages:${PYTHONPATH} /usr/bin/cmake --build /home/GTL/asacks/ros_workspace/build/nav2_msgs -- -j16 -l16
[76.043s] DEBUG:colcon.colcon_core.event_handler.log_command:Invoking command in '/home/GTL/asacks/ros_workspace/build/nav2_msgs': AMENT_PREFIX_PATH=/home/GTL/asacks/ros_workspace/install/nav2_common:${AMENT_PREFIX_PATH} CMAKE_PREFIX_PATH=/home/GTL/asacks/ros_workspace/install/nav2_common:/home/GTL/asacks/ros_workspace/install/vrep4_helpers:/home/GTL/asacks/ros_workspace/install/floor_plane_regression_base:/home/GTL/asacks/ros_workspace/install/floor_plane_ransac_base:/home/GTL/asacks/ros_workspace/install/floor_plane_hough_base:/opt/ros/kilted/opt/gz_sim_vendor:/opt/ros/kilted/opt/gz_sensors_vendor:/opt/ros/kilted/opt/gz_physics_vendor:/opt/ros/kilted/opt/sdformat_vendor:/opt/ros/kilted/opt/gz_gui_vendor:/opt/ros/kilted/opt/gz_transport_vendor:/opt/ros/kilted/opt/gz_rendering_vendor:/opt/ros/kilted/opt/gz_plugin_vendor:/opt/ros/kilted/opt/gz_fuel_tools_vendor:/opt/ros/kilted/opt/gz_msgs_vendor:/opt/ros/kilted/opt/gz_common_vendor:/opt/ros/kilted/opt/gz_math_vendor:/opt/ros/kilted/opt/gz_utils_vendor:/opt/ros/kilted/opt/gz_tools_vendor:/opt/ros/kilted/opt/gz_ogre_next_vendor:/opt/ros/kilted/opt/gz_dartsim_vendor:/opt/ros/kilted/opt/gz_cmake_vendor:/home/GTL/asacks/ros_workspace/install/model_prediction:/home/GTL/asacks/ros_workspace/install/joy_teleop:/opt/ros/kilted DEBUGINFOD_URLS=https://debuginfod.ubuntu.com PYTHONPATH=/home/GTL/asacks/ros_workspace/install/nav2_common/lib/python3.12/site-packages:${PYTHONPATH} /usr/bin/cmake --install /home/GTL/asacks/ros_workspace/build/nav2_msgs
[84.285s] Level 1:colcon.colcon_core.environment:create_environment_scripts_only(nav2_msgs)
[84.285s] Level 1:colcon.colcon_core.environment:checking '/home/GTL/asacks/ros_workspace/install/nav2_msgs' for CMake module files
[84.286s] DEBUG:colcon.colcon_core.event_handler.log_command:Invoked command in '/home/GTL/asacks/ros_workspace/build/nav2_msgs' returned '0': AMENT_PREFIX_PATH=/home/GTL/asacks/ros_workspace/install/nav2_common:${AMENT_PREFIX_PATH} CMAKE_PREFIX_PATH=/home/GTL/asacks/ros_workspace/install/nav2_common:/home/GTL/asacks/ros_workspace/install/vrep4_helpers:/home/GTL/asacks/ros_workspace/install/floor_plane_regression_base:/home/GTL/asacks/ros_workspace/install/floor_plane_ransac_base:/home/GTL/asacks/ros_workspace/install/floor_plane_hough_base:/opt/ros/kilted/opt/gz_sim_vendor:/opt/ros/kilted/opt/gz_sensors_vendor:/opt/ros/kilted/opt/gz_physics_vendor:/opt/ros/kilted/opt/sdformat_vendor:/opt/ros/kilted/opt/gz_gui_vendor:/opt/ros/kilted/opt/gz_transport_vendor:/opt/ros/kilted/opt/gz_rendering_vendor:/opt/ros/kilted/opt/gz_plugin_vendor:/opt/ros/kilted/opt/gz_fuel_tools_vendor:/opt/ros/kilted/opt/gz_msgs_vendor:/opt/ros/kilted/opt/gz_common_vendor:/opt/ros/kilted/opt/gz_math_vendor:/opt/ros/kilted/opt/gz_utils_vendor:/opt/ros/kilted/opt/gz_tools_vendor:/opt/ros/kilted/opt/gz_ogre_next_vendor:/opt/ros/kilted/opt/gz_dartsim_vendor:/opt/ros/kilted/opt/gz_cmake_vendor:/home/GTL/asacks/ros_workspace/install/model_prediction:/home/GTL/asacks/ros_workspace/install/joy_teleop:/opt/ros/kilted DEBUGINFOD_URLS=https://debuginfod.ubuntu.com PYTHONPATH=/home/GTL/asacks/ros_workspace/install/nav2_common/lib/python3.12/site-packages:${PYTHONPATH} /usr/bin/cmake --install /home/GTL/asacks/ros_workspace/build/nav2_msgs
[84.289s] Level 1:colcon.colcon_core.environment:checking '/home/GTL/asacks/ros_workspace/install/nav2_msgs' for CMake config files
[84.299s] Level 1:colcon.colcon_core.shell:create_environment_hook('nav2_msgs', 'cmake_prefix_path')
[84.299s] INFO:colcon.colcon_core.shell:Creating environment hook '/home/GTL/asacks/ros_workspace/install/nav2_msgs/share/nav2_msgs/hook/cmake_prefix_path.ps1'
[84.302s] INFO:colcon.colcon_core.shell:Creating environment descriptor '/home/GTL/asacks/ros_workspace/install/nav2_msgs/share/nav2_msgs/hook/cmake_prefix_path.dsv'
[84.304s] INFO:colcon.colcon_core.shell:Creating environment hook '/home/GTL/asacks/ros_workspace/install/nav2_msgs/share/nav2_msgs/hook/cmake_prefix_path.sh'
[84.306s] Level 1:colcon.colcon_core.environment:checking '/home/GTL/asacks/ros_workspace/install/nav2_msgs/lib'
[84.306s] Level 1:colcon.colcon_core.shell:create_environment_hook('nav2_msgs', 'ld_library_path_lib')
[84.306s] INFO:colcon.colcon_core.shell:Creating environment hook '/home/GTL/asacks/ros_workspace/install/nav2_msgs/share/nav2_msgs/hook/ld_library_path_lib.ps1'
[84.308s] INFO:colcon.colcon_core.shell:Creating environment descriptor '/home/GTL/asacks/ros_workspace/install/nav2_msgs/share/nav2_msgs/hook/ld_library_path_lib.dsv'
[84.310s] INFO:colcon.colcon_core.shell:Creating environment hook '/home/GTL/asacks/ros_workspace/install/nav2_msgs/share/nav2_msgs/hook/ld_library_path_lib.sh'
[84.311s] Level 1:colcon.colcon_core.environment:checking '/home/GTL/asacks/ros_workspace/install/nav2_msgs/bin'
[84.312s] Level 1:colcon.colcon_core.environment:checking '/home/GTL/asacks/ros_workspace/install/nav2_msgs/lib/pkgconfig/nav2_msgs.pc'
[84.312s] Level 1:colcon.colcon_core.environment:checking '/home/GTL/asacks/ros_workspace/install/nav2_msgs/lib/python3.12/site-packages'
[84.312s] Level 1:colcon.colcon_core.shell:create_environment_hook('nav2_msgs', 'pythonpath')
[84.313s] INFO:colcon.colcon_core.shell:Creating environment hook '/home/GTL/asacks/ros_workspace/install/nav2_msgs/share/nav2_msgs/hook/pythonpath.ps1'
[84.317s] INFO:colcon.colcon_core.shell:Creating environment descriptor '/home/GTL/asacks/ros_workspace/install/nav2_msgs/share/nav2_msgs/hook/pythonpath.dsv'
[84.319s] INFO:colcon.colcon_core.shell:Creating environment hook '/home/GTL/asacks/ros_workspace/install/nav2_msgs/share/nav2_msgs/hook/pythonpath.sh'
[84.321s] Level 1:colcon.colcon_core.environment:checking '/home/GTL/asacks/ros_workspace/install/nav2_msgs/bin'
[84.321s] INFO:colcon.colcon_core.shell:Creating package script '/home/GTL/asacks/ros_workspace/install/nav2_msgs/share/nav2_msgs/package.ps1'
[84.324s] INFO:colcon.colcon_core.shell:Creating package descriptor '/home/GTL/asacks/ros_workspace/install/nav2_msgs/share/nav2_msgs/package.dsv'
[84.326s] INFO:colcon.colcon_core.shell:Creating package script '/home/GTL/asacks/ros_workspace/install/nav2_msgs/share/nav2_msgs/package.sh'
[84.327s] INFO:colcon.colcon_core.shell:Creating package script '/home/GTL/asacks/ros_workspace/install/nav2_msgs/share/nav2_msgs/package.bash'
[84.329s] INFO:colcon.colcon_core.shell:Creating package script '/home/GTL/asacks/ros_workspace/install/nav2_msgs/share/nav2_msgs/package.zsh'
[84.331s] Level 1:colcon.colcon_core.environment:create_file_with_runtime_dependencies(/home/GTL/asacks/ros_workspace/install/nav2_msgs/share/colcon-core/packages/nav2_msgs)
[84.335s] Level 1:colcon.colcon_core.environment:create_environment_scripts_only(nav2_msgs)
[84.336s] Level 1:colcon.colcon_core.environment:checking '/home/GTL/asacks/ros_workspace/install/nav2_msgs' for CMake module files
[84.337s] Level 1:colcon.colcon_core.environment:checking '/home/GTL/asacks/ros_workspace/install/nav2_msgs' for CMake config files
[84.345s] Level 1:colcon.colcon_core.shell:create_environment_hook('nav2_msgs', 'cmake_prefix_path')
[84.345s] INFO:colcon.colcon_core.shell:Creating environment hook '/home/GTL/asacks/ros_workspace/install/nav2_msgs/share/nav2_msgs/hook/cmake_prefix_path.ps1'
[84.347s] INFO:colcon.colcon_core.shell:Creating environment descriptor '/home/GTL/asacks/ros_workspace/install/nav2_msgs/share/nav2_msgs/hook/cmake_prefix_path.dsv'
[84.348s] INFO:colcon.colcon_core.shell:Creating environment hook '/home/GTL/asacks/ros_workspace/install/nav2_msgs/share/nav2_msgs/hook/cmake_prefix_path.sh'
[84.350s] Level 1:colcon.colcon_core.environment:checking '/home/GTL/asacks/ros_workspace/install/nav2_msgs/lib'
[84.351s] Level 1:colcon.colcon_core.shell:create_environment_hook('nav2_msgs', 'ld_library_path_lib')
[84.351s] INFO:colcon.colcon_core.shell:Creating environment hook '/home/GTL/asacks/ros_workspace/install/nav2_msgs/share/nav2_msgs/hook/ld_library_path_lib.ps1'
[84.352s] INFO:colcon.colcon_core.shell:Creating environment descriptor '/home/GTL/asacks/ros_workspace/install/nav2_msgs/share/nav2_msgs/hook/ld_library_path_lib.dsv'
[84.354s] INFO:colcon.colcon_core.shell:Creating environment hook '/home/GTL/asacks/ros_workspace/install/nav2_msgs/share/nav2_msgs/hook/ld_library_path_lib.sh'
[84.355s] Level 1:colcon.colcon_core.environment:checking '/home/GTL/asacks/ros_workspace/install/nav2_msgs/bin'
[84.355s] Level 1:colcon.colcon_core.environment:checking '/home/GTL/asacks/ros_workspace/install/nav2_msgs/lib/pkgconfig/nav2_msgs.pc'
[84.356s] Level 1:colcon.colcon_core.environment:checking '/home/GTL/asacks/ros_workspace/install/nav2_msgs/lib/python3.12/site-packages'
[84.356s] Level 1:colcon.colcon_core.shell:create_environment_hook('nav2_msgs', 'pythonpath')
[84.356s] INFO:colcon.colcon_core.shell:Creating environment hook '/home/GTL/asacks/ros_workspace/install/nav2_msgs/share/nav2_msgs/hook/pythonpath.ps1'
[84.358s] INFO:colcon.colcon_core.shell:Creating environment descriptor '/home/GTL/asacks/ros_workspace/install/nav2_msgs/share/nav2_msgs/hook/pythonpath.dsv'
[84.359s] INFO:colcon.colcon_core.shell:Creating environment hook '/home/GTL/asacks/ros_workspace/install/nav2_msgs/share/nav2_msgs/hook/pythonpath.sh'
[84.361s] Level 1:colcon.colcon_core.environment:checking '/home/GTL/asacks/ros_workspace/install/nav2_msgs/bin'
[84.361s] INFO:colcon.colcon_core.shell:Creating package script '/home/GTL/asacks/ros_workspace/install/nav2_msgs/share/nav2_msgs/package.ps1'
[84.363s] INFO:colcon.colcon_core.shell:Creating package descriptor '/home/GTL/asacks/ros_workspace/install/nav2_msgs/share/nav2_msgs/package.dsv'
[84.365s] INFO:colcon.colcon_core.shell:Creating package script '/home/GTL/asacks/ros_workspace/install/nav2_msgs/share/nav2_msgs/package.sh'
[84.367s] INFO:colcon.colcon_core.shell:Creating package script '/home/GTL/asacks/ros_workspace/install/nav2_msgs/share/nav2_msgs/package.bash'
[84.368s] INFO:colcon.colcon_core.shell:Creating package script '/home/GTL/asacks/ros_workspace/install/nav2_msgs/share/nav2_msgs/package.zsh'
[84.370s] Level 1:colcon.colcon_core.environment:create_file_with_runtime_dependencies(/home/GTL/asacks/ros_workspace/install/nav2_msgs/share/colcon-core/packages/nav2_msgs)
[84.371s] INFO:colcon.colcon_ros.task.ament_cmake.build:Building ROS package in '/home/GTL/asacks/ros_workspace/src/ros_task_manager/src/task_manager_nav2' with build type 'ament_cmake'
[84.372s] INFO:colcon.colcon_cmake.task.cmake.build:Building CMake package in '/home/GTL/asacks/ros_workspace/src/ros_task_manager/src/task_manager_nav2'
[84.372s] INFO:colcon.colcon_core.shell:Skip shell extension 'powershell' for command environment: Not usable outside of PowerShell
[84.372s] DEBUG:colcon.colcon_core.shell:Skip shell extension 'dsv' for command environment
[84.412s] DEBUG:colcon.colcon_core.event_handler.log_command:Invoking command in '/home/GTL/asacks/ros_workspace/build/task_manager_nav2': AMENT_PREFIX_PATH=/home/GTL/asacks/ros_workspace/install/task_manager_lib:/home/GTL/asacks/ros_workspace/install/nav2_msgs:/home/GTL/asacks/ros_workspace/install/task_manager_msgs:/home/GTL/asacks/ros_workspace/install/nav2_common:${AMENT_PREFIX_PATH} CMAKE_PREFIX_PATH=/home/GTL/asacks/ros_workspace/install/task_manager_lib:/home/GTL/asacks/ros_workspace/install/nav2_msgs:/home/GTL/asacks/ros_workspace/install/task_manager_msgs:/home/GTL/asacks/ros_workspace/install/nav2_common:/home/GTL/asacks/ros_workspace/install/vrep4_helpers:/home/GTL/asacks/ros_workspace/install/floor_plane_regression_base:/home/GTL/asacks/ros_workspace/install/floor_plane_ransac_base:/home/GTL/asacks/ros_workspace/install/floor_plane_hough_base:/opt/ros/kilted/opt/gz_sim_vendor:/opt/ros/kilted/opt/gz_sensors_vendor:/opt/ros/kilted/opt/gz_physics_vendor:/opt/ros/kilted/opt/sdformat_vendor:/opt/ros/kilted/opt/gz_gui_vendor:/opt/ros/kilted/opt/gz_transport_vendor:/opt/ros/kilted/opt/gz_rendering_vendor:/opt/ros/kilted/opt/gz_plugin_vendor:/opt/ros/kilted/opt/gz_fuel_tools_vendor:/opt/ros/kilted/opt/gz_msgs_vendor:/opt/ros/kilted/opt/gz_common_vendor:/opt/ros/kilted/opt/gz_math_vendor:/opt/ros/kilted/opt/gz_utils_vendor:/opt/ros/kilted/opt/gz_tools_vendor:/opt/ros/kilted/opt/gz_ogre_next_vendor:/opt/ros/kilted/opt/gz_dartsim_vendor:/opt/ros/kilted/opt/gz_cmake_vendor:/home/GTL/asacks/ros_workspace/install/model_prediction:/home/GTL/asacks/ros_workspace/install/joy_teleop:/opt/ros/kilted DEBUGINFOD_URLS=https://debuginfod.ubuntu.com LD_LIBRARY_PATH=/home/GTL/asacks/ros_workspace/install/task_manager_lib/lib:/home/GTL/asacks/ros_workspace/install/nav2_msgs/lib:/home/GTL/asacks/ros_workspace/install/task_manager_msgs/lib:${LD_LIBRARY_PATH} PYTHONPATH=/home/GTL/asacks/ros_workspace/install/nav2_msgs/lib/python3.12/site-packages:/home/GTL/asacks/ros_workspace/install/task_manager_msgs/lib/python3.12/site-packages:/home/GTL/asacks/ros_workspace/install/nav2_common/lib/python3.12/site-packages:${PYTHONPATH} /usr/bin/cmake /home/GTL/asacks/ros_workspace/src/ros_task_manager/src/task_manager_nav2 -DAMENT_CMAKE_SYMLINK_INSTALL=1 -DCMAKE_INSTALL_PREFIX=/home/GTL/asacks/ros_workspace/install/task_manager_nav2
[88.712s] DEBUG:colcon.colcon_core.event_handler.log_command:Invoked command in '/home/GTL/asacks/ros_workspace/build/task_manager_nav2' returned '0': AMENT_PREFIX_PATH=/home/GTL/asacks/ros_workspace/install/task_manager_lib:/home/GTL/asacks/ros_workspace/install/nav2_msgs:/home/GTL/asacks/ros_workspace/install/task_manager_msgs:/home/GTL/asacks/ros_workspace/install/nav2_common:${AMENT_PREFIX_PATH} CMAKE_PREFIX_PATH=/home/GTL/asacks/ros_workspace/install/task_manager_lib:/home/GTL/asacks/ros_workspace/install/nav2_msgs:/home/GTL/asacks/ros_workspace/install/task_manager_msgs:/home/GTL/asacks/ros_workspace/install/nav2_common:/home/GTL/asacks/ros_workspace/install/vrep4_helpers:/home/GTL/asacks/ros_workspace/install/floor_plane_regression_base:/home/GTL/asacks/ros_workspace/install/floor_plane_ransac_base:/home/GTL/asacks/ros_workspace/install/floor_plane_hough_base:/opt/ros/kilted/opt/gz_sim_vendor:/opt/ros/kilted/opt/gz_sensors_vendor:/opt/ros/kilted/opt/gz_physics_vendor:/opt/ros/kilted/opt/sdformat_vendor:/opt/ros/kilted/opt/gz_gui_vendor:/opt/ros/kilted/opt/gz_transport_vendor:/opt/ros/kilted/opt/gz_rendering_vendor:/opt/ros/kilted/opt/gz_plugin_vendor:/opt/ros/kilted/opt/gz_fuel_tools_vendor:/opt/ros/kilted/opt/gz_msgs_vendor:/opt/ros/kilted/opt/gz_common_vendor:/opt/ros/kilted/opt/gz_math_vendor:/opt/ros/kilted/opt/gz_utils_vendor:/opt/ros/kilted/opt/gz_tools_vendor:/opt/ros/kilted/opt/gz_ogre_next_vendor:/opt/ros/kilted/opt/gz_dartsim_vendor:/opt/ros/kilted/opt/gz_cmake_vendor:/home/GTL/asacks/ros_workspace/install/model_prediction:/home/GTL/asacks/ros_workspace/install/joy_teleop:/opt/ros/kilted DEBUGINFOD_URLS=https://debuginfod.ubuntu.com LD_LIBRARY_PATH=/home/GTL/asacks/ros_workspace/install/task_manager_lib/lib:/home/GTL/asacks/ros_workspace/install/nav2_msgs/lib:/home/GTL/asacks/ros_workspace/install/task_manager_msgs/lib:${LD_LIBRARY_PATH} PYTHONPATH=/home/GTL/asacks/ros_workspace/install/nav2_msgs/lib/python3.12/site-packages:/home/GTL/asacks/ros_workspace/install/task_manager_msgs/lib/python3.12/site-packages:/home/GTL/asacks/ros_workspace/install/nav2_common/lib/python3.12/site-packages:${PYTHONPATH} /usr/bin/cmake /home/GTL/asacks/ros_workspace/src/ros_task_manager/src/task_manager_nav2 -DAMENT_CMAKE_SYMLINK_INSTALL=1 -DCMAKE_INSTALL_PREFIX=/home/GTL/asacks/ros_workspace/install/task_manager_nav2
[88.713s] DEBUG:colcon.colcon_core.event_handler.log_command:Invoking command in '/home/GTL/asacks/ros_workspace/build/task_manager_nav2': AMENT_PREFIX_PATH=/home/GTL/asacks/ros_workspace/install/task_manager_lib:/home/GTL/asacks/ros_workspace/install/nav2_msgs:/home/GTL/asacks/ros_workspace/install/task_manager_msgs:/home/GTL/asacks/ros_workspace/install/nav2_common:${AMENT_PREFIX_PATH} CMAKE_PREFIX_PATH=/home/GTL/asacks/ros_workspace/install/task_manager_lib:/home/GTL/asacks/ros_workspace/install/nav2_msgs:/home/GTL/asacks/ros_workspace/install/task_manager_msgs:/home/GTL/asacks/ros_workspace/install/nav2_common:/home/GTL/asacks/ros_workspace/install/vrep4_helpers:/home/GTL/asacks/ros_workspace/install/floor_plane_regression_base:/home/GTL/asacks/ros_workspace/install/floor_plane_ransac_base:/home/GTL/asacks/ros_workspace/install/floor_plane_hough_base:/opt/ros/kilted/opt/gz_sim_vendor:/opt/ros/kilted/opt/gz_sensors_vendor:/opt/ros/kilted/opt/gz_physics_vendor:/opt/ros/kilted/opt/sdformat_vendor:/opt/ros/kilted/opt/gz_gui_vendor:/opt/ros/kilted/opt/gz_transport_vendor:/opt/ros/kilted/opt/gz_rendering_vendor:/opt/ros/kilted/opt/gz_plugin_vendor:/opt/ros/kilted/opt/gz_fuel_tools_vendor:/opt/ros/kilted/opt/gz_msgs_vendor:/opt/ros/kilted/opt/gz_common_vendor:/opt/ros/kilted/opt/gz_math_vendor:/opt/ros/kilted/opt/gz_utils_vendor:/opt/ros/kilted/opt/gz_tools_vendor:/opt/ros/kilted/opt/gz_ogre_next_vendor:/opt/ros/kilted/opt/gz_dartsim_vendor:/opt/ros/kilted/opt/gz_cmake_vendor:/home/GTL/asacks/ros_workspace/install/model_prediction:/home/GTL/asacks/ros_workspace/install/joy_teleop:/opt/ros/kilted DEBUGINFOD_URLS=https://debuginfod.ubuntu.com LD_LIBRARY_PATH=/home/GTL/asacks/ros_workspace/install/task_manager_lib/lib:/home/GTL/asacks/ros_workspace/install/nav2_msgs/lib:/home/GTL/asacks/ros_workspace/install/task_manager_msgs/lib:${LD_LIBRARY_PATH} PYTHONPATH=/home/GTL/asacks/ros_workspace/install/nav2_msgs/lib/python3.12/site-packages:/home/GTL/asacks/ros_workspace/install/task_manager_msgs/lib/python3.12/site-packages:/home/GTL/asacks/ros_workspace/install/nav2_common/lib/python3.12/site-packages:${PYTHONPATH} /usr/bin/cmake --build /home/GTL/asacks/ros_workspace/build/task_manager_nav2 -- -j16 -l16
[88.746s] DEBUG:colcon.colcon_core.event_handler.log_command:Invoked command in '/home/GTL/asacks/ros_workspace/build/task_manager_nav2' returned '0': AMENT_PREFIX_PATH=/home/GTL/asacks/ros_workspace/install/task_manager_lib:/home/GTL/asacks/ros_workspace/install/nav2_msgs:/home/GTL/asacks/ros_workspace/install/task_manager_msgs:/home/GTL/asacks/ros_workspace/install/nav2_common:${AMENT_PREFIX_PATH} CMAKE_PREFIX_PATH=/home/GTL/asacks/ros_workspace/install/task_manager_lib:/home/GTL/asacks/ros_workspace/install/nav2_msgs:/home/GTL/asacks/ros_workspace/install/task_manager_msgs:/home/GTL/asacks/ros_workspace/install/nav2_common:/home/GTL/asacks/ros_workspace/install/vrep4_helpers:/home/GTL/asacks/ros_workspace/install/floor_plane_regression_base:/home/GTL/asacks/ros_workspace/install/floor_plane_ransac_base:/home/GTL/asacks/ros_workspace/install/floor_plane_hough_base:/opt/ros/kilted/opt/gz_sim_vendor:/opt/ros/kilted/opt/gz_sensors_vendor:/opt/ros/kilted/opt/gz_physics_vendor:/opt/ros/kilted/opt/sdformat_vendor:/opt/ros/kilted/opt/gz_gui_vendor:/opt/ros/kilted/opt/gz_transport_vendor:/opt/ros/kilted/opt/gz_rendering_vendor:/opt/ros/kilted/opt/gz_plugin_vendor:/opt/ros/kilted/opt/gz_fuel_tools_vendor:/opt/ros/kilted/opt/gz_msgs_vendor:/opt/ros/kilted/opt/gz_common_vendor:/opt/ros/kilted/opt/gz_math_vendor:/opt/ros/kilted/opt/gz_utils_vendor:/opt/ros/kilted/opt/gz_tools_vendor:/opt/ros/kilted/opt/gz_ogre_next_vendor:/opt/ros/kilted/opt/gz_dartsim_vendor:/opt/ros/kilted/opt/gz_cmake_vendor:/home/GTL/asacks/ros_workspace/install/model_prediction:/home/GTL/asacks/ros_workspace/install/joy_teleop:/opt/ros/kilted DEBUGINFOD_URLS=https://debuginfod.ubuntu.com LD_LIBRARY_PATH=/home/GTL/asacks/ros_workspace/install/task_manager_lib/lib:/home/GTL/asacks/ros_workspace/install/nav2_msgs/lib:/home/GTL/asacks/ros_workspace/install/task_manager_msgs/lib:${LD_LIBRARY_PATH} PYTHONPATH=/home/GTL/asacks/ros_workspace/install/nav2_msgs/lib/python3.12/site-packages:/home/GTL/asacks/ros_workspace/install/task_manager_msgs/lib/python3.12/site-packages:/home/GTL/asacks/ros_workspace/install/nav2_common/lib/python3.12/site-packages:${PYTHONPATH} /usr/bin/cmake --build /home/GTL/asacks/ros_workspace/build/task_manager_nav2 -- -j16 -l16
[88.748s] DEBUG:colcon.colcon_core.event_handler.log_command:Invoking command in '/home/GTL/asacks/ros_workspace/build/task_manager_nav2': AMENT_PREFIX_PATH=/home/GTL/asacks/ros_workspace/install/task_manager_lib:/home/GTL/asacks/ros_workspace/install/nav2_msgs:/home/GTL/asacks/ros_workspace/install/task_manager_msgs:/home/GTL/asacks/ros_workspace/install/nav2_common:${AMENT_PREFIX_PATH} CMAKE_PREFIX_PATH=/home/GTL/asacks/ros_workspace/install/task_manager_lib:/home/GTL/asacks/ros_workspace/install/nav2_msgs:/home/GTL/asacks/ros_workspace/install/task_manager_msgs:/home/GTL/asacks/ros_workspace/install/nav2_common:/home/GTL/asacks/ros_workspace/install/vrep4_helpers:/home/GTL/asacks/ros_workspace/install/floor_plane_regression_base:/home/GTL/asacks/ros_workspace/install/floor_plane_ransac_base:/home/GTL/asacks/ros_workspace/install/floor_plane_hough_base:/opt/ros/kilted/opt/gz_sim_vendor:/opt/ros/kilted/opt/gz_sensors_vendor:/opt/ros/kilted/opt/gz_physics_vendor:/opt/ros/kilted/opt/sdformat_vendor:/opt/ros/kilted/opt/gz_gui_vendor:/opt/ros/kilted/opt/gz_transport_vendor:/opt/ros/kilted/opt/gz_rendering_vendor:/opt/ros/kilted/opt/gz_plugin_vendor:/opt/ros/kilted/opt/gz_fuel_tools_vendor:/opt/ros/kilted/opt/gz_msgs_vendor:/opt/ros/kilted/opt/gz_common_vendor:/opt/ros/kilted/opt/gz_math_vendor:/opt/ros/kilted/opt/gz_utils_vendor:/opt/ros/kilted/opt/gz_tools_vendor:/opt/ros/kilted/opt/gz_ogre_next_vendor:/opt/ros/kilted/opt/gz_dartsim_vendor:/opt/ros/kilted/opt/gz_cmake_vendor:/home/GTL/asacks/ros_workspace/install/model_prediction:/home/GTL/asacks/ros_workspace/install/joy_teleop:/opt/ros/kilted DEBUGINFOD_URLS=https://debuginfod.ubuntu.com LD_LIBRARY_PATH=/home/GTL/asacks/ros_workspace/install/task_manager_lib/lib:/home/GTL/asacks/ros_workspace/install/nav2_msgs/lib:/home/GTL/asacks/ros_workspace/install/task_manager_msgs/lib:${LD_LIBRARY_PATH} PYTHONPATH=/home/GTL/asacks/ros_workspace/install/nav2_msgs/lib/python3.12/site-packages:/home/GTL/asacks/ros_workspace/install/task_manager_msgs/lib/python3.12/site-packages:/home/GTL/asacks/ros_workspace/install/nav2_common/lib/python3.12/site-packages:${PYTHONPATH} /usr/bin/cmake --install /home/GTL/asacks/ros_workspace/build/task_manager_nav2
[88.939s] Level 1:colcon.colcon_core.environment:create_environment_scripts_only(task_manager_nav2)
[88.940s] Level 1:colcon.colcon_core.environment:checking '/home/GTL/asacks/ros_workspace/install/task_manager_nav2' for CMake module files
[88.940s] DEBUG:colcon.colcon_core.event_handler.log_command:Invoked command in '/home/GTL/asacks/ros_workspace/build/task_manager_nav2' returned '0': AMENT_PREFIX_PATH=/home/GTL/asacks/ros_workspace/install/task_manager_lib:/home/GTL/asacks/ros_workspace/install/nav2_msgs:/home/GTL/asacks/ros_workspace/install/task_manager_msgs:/home/GTL/asacks/ros_workspace/install/nav2_common:${AMENT_PREFIX_PATH} CMAKE_PREFIX_PATH=/home/GTL/asacks/ros_workspace/install/task_manager_lib:/home/GTL/asacks/ros_workspace/install/nav2_msgs:/home/GTL/asacks/ros_workspace/install/task_manager_msgs:/home/GTL/asacks/ros_workspace/install/nav2_common:/home/GTL/asacks/ros_workspace/install/vrep4_helpers:/home/GTL/asacks/ros_workspace/install/floor_plane_regression_base:/home/GTL/asacks/ros_workspace/install/floor_plane_ransac_base:/home/GTL/asacks/ros_workspace/install/floor_plane_hough_base:/opt/ros/kilted/opt/gz_sim_vendor:/opt/ros/kilted/opt/gz_sensors_vendor:/opt/ros/kilted/opt/gz_physics_vendor:/opt/ros/kilted/opt/sdformat_vendor:/opt/ros/kilted/opt/gz_gui_vendor:/opt/ros/kilted/opt/gz_transport_vendor:/opt/ros/kilted/opt/gz_rendering_vendor:/opt/ros/kilted/opt/gz_plugin_vendor:/opt/ros/kilted/opt/gz_fuel_tools_vendor:/opt/ros/kilted/opt/gz_msgs_vendor:/opt/ros/kilted/opt/gz_common_vendor:/opt/ros/kilted/opt/gz_math_vendor:/opt/ros/kilted/opt/gz_utils_vendor:/opt/ros/kilted/opt/gz_tools_vendor:/opt/ros/kilted/opt/gz_ogre_next_vendor:/opt/ros/kilted/opt/gz_dartsim_vendor:/opt/ros/kilted/opt/gz_cmake_vendor:/home/GTL/asacks/ros_workspace/install/model_prediction:/home/GTL/asacks/ros_workspace/install/joy_teleop:/opt/ros/kilted DEBUGINFOD_URLS=https://debuginfod.ubuntu.com LD_LIBRARY_PATH=/home/GTL/asacks/ros_workspace/install/task_manager_lib/lib:/home/GTL/asacks/ros_workspace/install/nav2_msgs/lib:/home/GTL/asacks/ros_workspace/install/task_manager_msgs/lib:${LD_LIBRARY_PATH} PYTHONPATH=/home/GTL/asacks/ros_workspace/install/nav2_msgs/lib/python3.12/site-packages:/home/GTL/asacks/ros_workspace/install/task_manager_msgs/lib/python3.12/site-packages:/home/GTL/asacks/ros_workspace/install/nav2_common/lib/python3.12/site-packages:${PYTHONPATH} /usr/bin/cmake --install /home/GTL/asacks/ros_workspace/build/task_manager_nav2
[88.944s] Level 1:colcon.colcon_core.environment:checking '/home/GTL/asacks/ros_workspace/install/task_manager_nav2' for CMake config files
[88.946s] Level 1:colcon.colcon_core.shell:create_environment_hook('task_manager_nav2', 'cmake_prefix_path')
[88.946s] INFO:colcon.colcon_core.shell:Creating environment hook '/home/GTL/asacks/ros_workspace/install/task_manager_nav2/share/task_manager_nav2/hook/cmake_prefix_path.ps1'
[88.949s] INFO:colcon.colcon_core.shell:Creating environment descriptor '/home/GTL/asacks/ros_workspace/install/task_manager_nav2/share/task_manager_nav2/hook/cmake_prefix_path.dsv'
[88.951s] INFO:colcon.colcon_core.shell:Creating environment hook '/home/GTL/asacks/ros_workspace/install/task_manager_nav2/share/task_manager_nav2/hook/cmake_prefix_path.sh'
[88.953s] Level 1:colcon.colcon_core.environment:checking '/home/GTL/asacks/ros_workspace/install/task_manager_nav2/bin'
[88.953s] Level 1:colcon.colcon_core.environment:checking '/home/GTL/asacks/ros_workspace/install/task_manager_nav2/lib/pkgconfig/task_manager_nav2.pc'
[88.953s] Level 1:colcon.colcon_core.environment:checking '/home/GTL/asacks/ros_workspace/install/task_manager_nav2/lib/python3.12/site-packages'
[88.954s] Level 1:colcon.colcon_core.environment:checking '/home/GTL/asacks/ros_workspace/install/task_manager_nav2/bin'
[88.954s] INFO:colcon.colcon_core.shell:Creating package script '/home/GTL/asacks/ros_workspace/install/task_manager_nav2/share/task_manager_nav2/package.ps1'
[88.956s] INFO:colcon.colcon_core.shell:Creating package descriptor '/home/GTL/asacks/ros_workspace/install/task_manager_nav2/share/task_manager_nav2/package.dsv'
[88.957s] INFO:colcon.colcon_core.shell:Creating package script '/home/GTL/asacks/ros_workspace/install/task_manager_nav2/share/task_manager_nav2/package.sh'
[88.959s] INFO:colcon.colcon_core.shell:Creating package script '/home/GTL/asacks/ros_workspace/install/task_manager_nav2/share/task_manager_nav2/package.bash'
[88.960s] INFO:colcon.colcon_core.shell:Creating package script '/home/GTL/asacks/ros_workspace/install/task_manager_nav2/share/task_manager_nav2/package.zsh'
[88.962s] Level 1:colcon.colcon_core.environment:create_file_with_runtime_dependencies(/home/GTL/asacks/ros_workspace/install/task_manager_nav2/share/colcon-core/packages/task_manager_nav2)
[88.966s] Level 1:colcon.colcon_core.environment:create_environment_scripts_only(task_manager_nav2)
[88.966s] Level 1:colcon.colcon_core.environment:checking '/home/GTL/asacks/ros_workspace/install/task_manager_nav2' for CMake module files
[88.968s] Level 1:colcon.colcon_core.environment:checking '/home/GTL/asacks/ros_workspace/install/task_manager_nav2' for CMake config files
[88.971s] Level 1:colcon.colcon_core.shell:create_environment_hook('task_manager_nav2', 'cmake_prefix_path')
[88.971s] INFO:colcon.colcon_core.shell:Creating environment hook '/home/GTL/asacks/ros_workspace/install/task_manager_nav2/share/task_manager_nav2/hook/cmake_prefix_path.ps1'
[88.972s] INFO:colcon.colcon_core.shell:Creating environment descriptor '/home/GTL/asacks/ros_workspace/install/task_manager_nav2/share/task_manager_nav2/hook/cmake_prefix_path.dsv'
[88.974s] INFO:colcon.colcon_core.shell:Creating environment hook '/home/GTL/asacks/ros_workspace/install/task_manager_nav2/share/task_manager_nav2/hook/cmake_prefix_path.sh'
[88.976s] Level 1:colcon.colcon_core.environment:checking '/home/GTL/asacks/ros_workspace/install/task_manager_nav2/bin'
[88.976s] Level 1:colcon.colcon_core.environment:checking '/home/GTL/asacks/ros_workspace/install/task_manager_nav2/lib/pkgconfig/task_manager_nav2.pc'
[88.976s] Level 1:colcon.colcon_core.environment:checking '/home/GTL/asacks/ros_workspace/install/task_manager_nav2/lib/python3.12/site-packages'
[88.977s] Level 1:colcon.colcon_core.environment:checking '/home/GTL/asacks/ros_workspace/install/task_manager_nav2/bin'
[88.977s] INFO:colcon.colcon_core.shell:Creating package script '/home/GTL/asacks/ros_workspace/install/task_manager_nav2/share/task_manager_nav2/package.ps1'
[88.979s] INFO:colcon.colcon_core.shell:Creating package descriptor '/home/GTL/asacks/ros_workspace/install/task_manager_nav2/share/task_manager_nav2/package.dsv'
[88.981s] INFO:colcon.colcon_core.shell:Creating package script '/home/GTL/asacks/ros_workspace/install/task_manager_nav2/share/task_manager_nav2/package.sh'
[88.983s] INFO:colcon.colcon_core.shell:Creating package script '/home/GTL/asacks/ros_workspace/install/task_manager_nav2/share/task_manager_nav2/package.bash'
[88.984s] INFO:colcon.colcon_core.shell:Creating package script '/home/GTL/asacks/ros_workspace/install/task_manager_nav2/share/task_manager_nav2/package.zsh'
[88.986s] Level 1:colcon.colcon_core.environment:create_file_with_runtime_dependencies(/home/GTL/asacks/ros_workspace/install/task_manager_nav2/share/colcon-core/packages/task_manager_nav2)
[88.987s] INFO:colcon.colcon_ros.task.ament_cmake.build:Building ROS package in '/home/GTL/asacks/ros_workspace/src/floor_nav' with build type 'ament_cmake'
[88.987s] INFO:colcon.colcon_cmake.task.cmake.build:Building CMake package in '/home/GTL/asacks/ros_workspace/src/floor_nav'
[88.988s] INFO:colcon.colcon_core.shell:Skip shell extension 'powershell' for command environment: Not usable outside of PowerShell
[88.988s] DEBUG:colcon.colcon_core.shell:Skip shell extension 'dsv' for command environment
[89.037s] DEBUG:colcon.colcon_core.event_handler.log_command:Invoking command in '/home/GTL/asacks/ros_workspace/build/floor_nav': AMENT_PREFIX_PATH=/home/GTL/asacks/ros_workspace/install/task_manager_nav2:/home/GTL/asacks/ros_workspace/install/task_manager_lib:/home/GTL/asacks/ros_workspace/install/nav2_msgs:/home/GTL/asacks/ros_workspace/install/task_manager_msgs:/home/GTL/asacks/ros_workspace/install/nav2_common:/home/GTL/asacks/ros_workspace/install/cs7630_msgs:${AMENT_PREFIX_PATH} CMAKE_PREFIX_PATH=/home/GTL/asacks/ros_workspace/install/task_manager_nav2:/home/GTL/asacks/ros_workspace/install/task_manager_lib:/home/GTL/asacks/ros_workspace/install/nav2_msgs:/home/GTL/asacks/ros_workspace/install/task_manager_msgs:/home/GTL/asacks/ros_workspace/install/nav2_common:/home/GTL/asacks/ros_workspace/install/cs7630_msgs:/home/GTL/asacks/ros_workspace/install/vrep4_helpers:/home/GTL/asacks/ros_workspace/install/floor_plane_regression_base:/home/GTL/asacks/ros_workspace/install/floor_plane_ransac_base:/home/GTL/asacks/ros_workspace/install/floor_plane_hough_base:/opt/ros/kilted/opt/gz_sim_vendor:/opt/ros/kilted/opt/gz_sensors_vendor:/opt/ros/kilted/opt/gz_physics_vendor:/opt/ros/kilted/opt/sdformat_vendor:/opt/ros/kilted/opt/gz_gui_vendor:/opt/ros/kilted/opt/gz_transport_vendor:/opt/ros/kilted/opt/gz_rendering_vendor:/opt/ros/kilted/opt/gz_plugin_vendor:/opt/ros/kilted/opt/gz_fuel_tools_vendor:/opt/ros/kilted/opt/gz_msgs_vendor:/opt/ros/kilted/opt/gz_common_vendor:/opt/ros/kilted/opt/gz_math_vendor:/opt/ros/kilted/opt/gz_utils_vendor:/opt/ros/kilted/opt/gz_tools_vendor:/opt/ros/kilted/opt/gz_ogre_next_vendor:/opt/ros/kilted/opt/gz_dartsim_vendor:/opt/ros/kilted/opt/gz_cmake_vendor:/home/GTL/asacks/ros_workspace/install/model_prediction:/home/GTL/asacks/ros_workspace/install/joy_teleop:/opt/ros/kilted DEBUGINFOD_URLS=https://debuginfod.ubuntu.com LD_LIBRARY_PATH=/home/GTL/asacks/ros_workspace/install/task_manager_lib/lib:/home/GTL/asacks/ros_workspace/install/nav2_msgs/lib:/home/GTL/asacks/ros_workspace/install/task_manager_msgs/lib:/home/GTL/asacks/ros_workspace/install/cs7630_msgs/lib:${LD_LIBRARY_PATH} PYTHONPATH=/home/GTL/asacks/ros_workspace/install/nav2_msgs/lib/python3.12/site-packages:/home/GTL/asacks/ros_workspace/install/task_manager_msgs/lib/python3.12/site-packages:/home/GTL/asacks/ros_workspace/install/nav2_common/lib/python3.12/site-packages:/home/GTL/asacks/ros_workspace/install/cs7630_msgs/lib/python3.12/site-packages:${PYTHONPATH} /usr/bin/cmake /home/GTL/asacks/ros_workspace/src/floor_nav -DAMENT_CMAKE_SYMLINK_INSTALL=1 -DCMAKE_INSTALL_PREFIX=/home/GTL/asacks/ros_workspace/install/floor_nav
[108.051s] DEBUG:colcon.colcon_core.event_handler.log_command:Invoked command in '/home/GTL/asacks/ros_workspace/build/floor_nav' returned '0': AMENT_PREFIX_PATH=/home/GTL/asacks/ros_workspace/install/task_manager_nav2:/home/GTL/asacks/ros_workspace/install/task_manager_lib:/home/GTL/asacks/ros_workspace/install/nav2_msgs:/home/GTL/asacks/ros_workspace/install/task_manager_msgs:/home/GTL/asacks/ros_workspace/install/nav2_common:/home/GTL/asacks/ros_workspace/install/cs7630_msgs:${AMENT_PREFIX_PATH} CMAKE_PREFIX_PATH=/home/GTL/asacks/ros_workspace/install/task_manager_nav2:/home/GTL/asacks/ros_workspace/install/task_manager_lib:/home/GTL/asacks/ros_workspace/install/nav2_msgs:/home/GTL/asacks/ros_workspace/install/task_manager_msgs:/home/GTL/asacks/ros_workspace/install/nav2_common:/home/GTL/asacks/ros_workspace/install/cs7630_msgs:/home/GTL/asacks/ros_workspace/install/vrep4_helpers:/home/GTL/asacks/ros_workspace/install/floor_plane_regression_base:/home/GTL/asacks/ros_workspace/install/floor_plane_ransac_base:/home/GTL/asacks/ros_workspace/install/floor_plane_hough_base:/opt/ros/kilted/opt/gz_sim_vendor:/opt/ros/kilted/opt/gz_sensors_vendor:/opt/ros/kilted/opt/gz_physics_vendor:/opt/ros/kilted/opt/sdformat_vendor:/opt/ros/kilted/opt/gz_gui_vendor:/opt/ros/kilted/opt/gz_transport_vendor:/opt/ros/kilted/opt/gz_rendering_vendor:/opt/ros/kilted/opt/gz_plugin_vendor:/opt/ros/kilted/opt/gz_fuel_tools_vendor:/opt/ros/kilted/opt/gz_msgs_vendor:/opt/ros/kilted/opt/gz_common_vendor:/opt/ros/kilted/opt/gz_math_vendor:/opt/ros/kilted/opt/gz_utils_vendor:/opt/ros/kilted/opt/gz_tools_vendor:/opt/ros/kilted/opt/gz_ogre_next_vendor:/opt/ros/kilted/opt/gz_dartsim_vendor:/opt/ros/kilted/opt/gz_cmake_vendor:/home/GTL/asacks/ros_workspace/install/model_prediction:/home/GTL/asacks/ros_workspace/install/joy_teleop:/opt/ros/kilted DEBUGINFOD_URLS=https://debuginfod.ubuntu.com LD_LIBRARY_PATH=/home/GTL/asacks/ros_workspace/install/task_manager_lib/lib:/home/GTL/asacks/ros_workspace/install/nav2_msgs/lib:/home/GTL/asacks/ros_workspace/install/task_manager_msgs/lib:/home/GTL/asacks/ros_workspace/install/cs7630_msgs/lib:${LD_LIBRARY_PATH} PYTHONPATH=/home/GTL/asacks/ros_workspace/install/nav2_msgs/lib/python3.12/site-packages:/home/GTL/asacks/ros_workspace/install/task_manager_msgs/lib/python3.12/site-packages:/home/GTL/asacks/ros_workspace/install/nav2_common/lib/python3.12/site-packages:/home/GTL/asacks/ros_workspace/install/cs7630_msgs/lib/python3.12/site-packages:${PYTHONPATH} /usr/bin/cmake /home/GTL/asacks/ros_workspace/src/floor_nav -DAMENT_CMAKE_SYMLINK_INSTALL=1 -DCMAKE_INSTALL_PREFIX=/home/GTL/asacks/ros_workspace/install/floor_nav
[108.071s] DEBUG:colcon.colcon_core.event_handler.log_command:Invoking command in '/home/GTL/asacks/ros_workspace/build/floor_nav': AMENT_PREFIX_PATH=/home/GTL/asacks/ros_workspace/install/task_manager_nav2:/home/GTL/asacks/ros_workspace/install/task_manager_lib:/home/GTL/asacks/ros_workspace/install/nav2_msgs:/home/GTL/asacks/ros_workspace/install/task_manager_msgs:/home/GTL/asacks/ros_workspace/install/nav2_common:/home/GTL/asacks/ros_workspace/install/cs7630_msgs:${AMENT_PREFIX_PATH} CMAKE_PREFIX_PATH=/home/GTL/asacks/ros_workspace/install/task_manager_nav2:/home/GTL/asacks/ros_workspace/install/task_manager_lib:/home/GTL/asacks/ros_workspace/install/nav2_msgs:/home/GTL/asacks/ros_workspace/install/task_manager_msgs:/home/GTL/asacks/ros_workspace/install/nav2_common:/home/GTL/asacks/ros_workspace/install/cs7630_msgs:/home/GTL/asacks/ros_workspace/install/vrep4_helpers:/home/GTL/asacks/ros_workspace/install/floor_plane_regression_base:/home/GTL/asacks/ros_workspace/install/floor_plane_ransac_base:/home/GTL/asacks/ros_workspace/install/floor_plane_hough_base:/opt/ros/kilted/opt/gz_sim_vendor:/opt/ros/kilted/opt/gz_sensors_vendor:/opt/ros/kilted/opt/gz_physics_vendor:/opt/ros/kilted/opt/sdformat_vendor:/opt/ros/kilted/opt/gz_gui_vendor:/opt/ros/kilted/opt/gz_transport_vendor:/opt/ros/kilted/opt/gz_rendering_vendor:/opt/ros/kilted/opt/gz_plugin_vendor:/opt/ros/kilted/opt/gz_fuel_tools_vendor:/opt/ros/kilted/opt/gz_msgs_vendor:/opt/ros/kilted/opt/gz_common_vendor:/opt/ros/kilted/opt/gz_math_vendor:/opt/ros/kilted/opt/gz_utils_vendor:/opt/ros/kilted/opt/gz_tools_vendor:/opt/ros/kilted/opt/gz_ogre_next_vendor:/opt/ros/kilted/opt/gz_dartsim_vendor:/opt/ros/kilted/opt/gz_cmake_vendor:/home/GTL/asacks/ros_workspace/install/model_prediction:/home/GTL/asacks/ros_workspace/install/joy_teleop:/opt/ros/kilted DEBUGINFOD_URLS=https://debuginfod.ubuntu.com LD_LIBRARY_PATH=/home/GTL/asacks/ros_workspace/install/task_manager_lib/lib:/home/GTL/asacks/ros_workspace/install/nav2_msgs/lib:/home/GTL/asacks/ros_workspace/install/task_manager_msgs/lib:/home/GTL/asacks/ros_workspace/install/cs7630_msgs/lib:${LD_LIBRARY_PATH} PYTHONPATH=/home/GTL/asacks/ros_workspace/install/nav2_msgs/lib/python3.12/site-packages:/home/GTL/asacks/ros_workspace/install/task_manager_msgs/lib/python3.12/site-packages:/home/GTL/asacks/ros_workspace/install/nav2_common/lib/python3.12/site-packages:/home/GTL/asacks/ros_workspace/install/cs7630_msgs/lib/python3.12/site-packages:${PYTHONPATH} /usr/bin/cmake --build /home/GTL/asacks/ros_workspace/build/floor_nav -- -j16 -l16
[247.509s] DEBUG:colcon.colcon_core.event_handler.log_command:Invoked command in '/home/GTL/asacks/ros_workspace/build/floor_nav' returned '0': AMENT_PREFIX_PATH=/home/GTL/asacks/ros_workspace/install/task_manager_nav2:/home/GTL/asacks/ros_workspace/install/task_manager_lib:/home/GTL/asacks/ros_workspace/install/nav2_msgs:/home/GTL/asacks/ros_workspace/install/task_manager_msgs:/home/GTL/asacks/ros_workspace/install/nav2_common:/home/GTL/asacks/ros_workspace/install/cs7630_msgs:${AMENT_PREFIX_PATH} CMAKE_PREFIX_PATH=/home/GTL/asacks/ros_workspace/install/task_manager_nav2:/home/GTL/asacks/ros_workspace/install/task_manager_lib:/home/GTL/asacks/ros_workspace/install/nav2_msgs:/home/GTL/asacks/ros_workspace/install/task_manager_msgs:/home/GTL/asacks/ros_workspace/install/nav2_common:/home/GTL/asacks/ros_workspace/install/cs7630_msgs:/home/GTL/asacks/ros_workspace/install/vrep4_helpers:/home/GTL/asacks/ros_workspace/install/floor_plane_regression_base:/home/GTL/asacks/ros_workspace/install/floor_plane_ransac_base:/home/GTL/asacks/ros_workspace/install/floor_plane_hough_base:/opt/ros/kilted/opt/gz_sim_vendor:/opt/ros/kilted/opt/gz_sensors_vendor:/opt/ros/kilted/opt/gz_physics_vendor:/opt/ros/kilted/opt/sdformat_vendor:/opt/ros/kilted/opt/gz_gui_vendor:/opt/ros/kilted/opt/gz_transport_vendor:/opt/ros/kilted/opt/gz_rendering_vendor:/opt/ros/kilted/opt/gz_plugin_vendor:/opt/ros/kilted/opt/gz_fuel_tools_vendor:/opt/ros/kilted/opt/gz_msgs_vendor:/opt/ros/kilted/opt/gz_common_vendor:/opt/ros/kilted/opt/gz_math_vendor:/opt/ros/kilted/opt/gz_utils_vendor:/opt/ros/kilted/opt/gz_tools_vendor:/opt/ros/kilted/opt/gz_ogre_next_vendor:/opt/ros/kilted/opt/gz_dartsim_vendor:/opt/ros/kilted/opt/gz_cmake_vendor:/home/GTL/asacks/ros_workspace/install/model_prediction:/home/GTL/asacks/ros_workspace/install/joy_teleop:/opt/ros/kilted DEBUGINFOD_URLS=https://debuginfod.ubuntu.com LD_LIBRARY_PATH=/home/GTL/asacks/ros_workspace/install/task_manager_lib/lib:/home/GTL/asacks/ros_workspace/install/nav2_msgs/lib:/home/GTL/asacks/ros_workspace/install/task_manager_msgs/lib:/home/GTL/asacks/ros_workspace/install/cs7630_msgs/lib:${LD_LIBRARY_PATH} PYTHONPATH=/home/GTL/asacks/ros_workspace/install/nav2_msgs/lib/python3.12/site-packages:/home/GTL/asacks/ros_workspace/install/task_manager_msgs/lib/python3.12/site-packages:/home/GTL/asacks/ros_workspace/install/nav2_common/lib/python3.12/site-packages:/home/GTL/asacks/ros_workspace/install/cs7630_msgs/lib/python3.12/site-packages:${PYTHONPATH} /usr/bin/cmake --build /home/GTL/asacks/ros_workspace/build/floor_nav -- -j16 -l16
[247.521s] DEBUG:colcon.colcon_core.event_handler.log_command:Invoking command in '/home/GTL/asacks/ros_workspace/build/floor_nav': AMENT_PREFIX_PATH=/home/GTL/asacks/ros_workspace/install/task_manager_nav2:/home/GTL/asacks/ros_workspace/install/task_manager_lib:/home/GTL/asacks/ros_workspace/install/nav2_msgs:/home/GTL/asacks/ros_workspace/install/task_manager_msgs:/home/GTL/asacks/ros_workspace/install/nav2_common:/home/GTL/asacks/ros_workspace/install/cs7630_msgs:${AMENT_PREFIX_PATH} CMAKE_PREFIX_PATH=/home/GTL/asacks/ros_workspace/install/task_manager_nav2:/home/GTL/asacks/ros_workspace/install/task_manager_lib:/home/GTL/asacks/ros_workspace/install/nav2_msgs:/home/GTL/asacks/ros_workspace/install/task_manager_msgs:/home/GTL/asacks/ros_workspace/install/nav2_common:/home/GTL/asacks/ros_workspace/install/cs7630_msgs:/home/GTL/asacks/ros_workspace/install/vrep4_helpers:/home/GTL/asacks/ros_workspace/install/floor_plane_regression_base:/home/GTL/asacks/ros_workspace/install/floor_plane_ransac_base:/home/GTL/asacks/ros_workspace/install/floor_plane_hough_base:/opt/ros/kilted/opt/gz_sim_vendor:/opt/ros/kilted/opt/gz_sensors_vendor:/opt/ros/kilted/opt/gz_physics_vendor:/opt/ros/kilted/opt/sdformat_vendor:/opt/ros/kilted/opt/gz_gui_vendor:/opt/ros/kilted/opt/gz_transport_vendor:/opt/ros/kilted/opt/gz_rendering_vendor:/opt/ros/kilted/opt/gz_plugin_vendor:/opt/ros/kilted/opt/gz_fuel_tools_vendor:/opt/ros/kilted/opt/gz_msgs_vendor:/opt/ros/kilted/opt/gz_common_vendor:/opt/ros/kilted/opt/gz_math_vendor:/opt/ros/kilted/opt/gz_utils_vendor:/opt/ros/kilted/opt/gz_tools_vendor:/opt/ros/kilted/opt/gz_ogre_next_vendor:/opt/ros/kilted/opt/gz_dartsim_vendor:/opt/ros/kilted/opt/gz_cmake_vendor:/home/GTL/asacks/ros_workspace/install/model_prediction:/home/GTL/asacks/ros_workspace/install/joy_teleop:/opt/ros/kilted DEBUGINFOD_URLS=https://debuginfod.ubuntu.com LD_LIBRARY_PATH=/home/GTL/asacks/ros_workspace/install/task_manager_lib/lib:/home/GTL/asacks/ros_workspace/install/nav2_msgs/lib:/home/GTL/asacks/ros_workspace/install/task_manager_msgs/lib:/home/GTL/asacks/ros_workspace/install/cs7630_msgs/lib:${LD_LIBRARY_PATH} PYTHONPATH=/home/GTL/asacks/ros_workspace/install/nav2_msgs/lib/python3.12/site-packages:/home/GTL/asacks/ros_workspace/install/task_manager_msgs/lib/python3.12/site-packages:/home/GTL/asacks/ros_workspace/install/nav2_common/lib/python3.12/site-packages:/home/GTL/asacks/ros_workspace/install/cs7630_msgs/lib/python3.12/site-packages:${PYTHONPATH} /usr/bin/cmake --install /home/GTL/asacks/ros_workspace/build/floor_nav
[247.818s] Level 1:colcon.colcon_core.environment:create_environment_scripts_only(floor_nav)
[247.818s] Level 1:colcon.colcon_core.environment:checking '/home/GTL/asacks/ros_workspace/install/floor_nav' for CMake module files
[247.819s] DEBUG:colcon.colcon_core.event_handler.log_command:Invoked command in '/home/GTL/asacks/ros_workspace/build/floor_nav' returned '0': AMENT_PREFIX_PATH=/home/GTL/asacks/ros_workspace/install/task_manager_nav2:/home/GTL/asacks/ros_workspace/install/task_manager_lib:/home/GTL/asacks/ros_workspace/install/nav2_msgs:/home/GTL/asacks/ros_workspace/install/task_manager_msgs:/home/GTL/asacks/ros_workspace/install/nav2_common:/home/GTL/asacks/ros_workspace/install/cs7630_msgs:${AMENT_PREFIX_PATH} CMAKE_PREFIX_PATH=/home/GTL/asacks/ros_workspace/install/task_manager_nav2:/home/GTL/asacks/ros_workspace/install/task_manager_lib:/home/GTL/asacks/ros_workspace/install/nav2_msgs:/home/GTL/asacks/ros_workspace/install/task_manager_msgs:/home/GTL/asacks/ros_workspace/install/nav2_common:/home/GTL/asacks/ros_workspace/install/cs7630_msgs:/home/GTL/asacks/ros_workspace/install/vrep4_helpers:/home/GTL/asacks/ros_workspace/install/floor_plane_regression_base:/home/GTL/asacks/ros_workspace/install/floor_plane_ransac_base:/home/GTL/asacks/ros_workspace/install/floor_plane_hough_base:/opt/ros/kilted/opt/gz_sim_vendor:/opt/ros/kilted/opt/gz_sensors_vendor:/opt/ros/kilted/opt/gz_physics_vendor:/opt/ros/kilted/opt/sdformat_vendor:/opt/ros/kilted/opt/gz_gui_vendor:/opt/ros/kilted/opt/gz_transport_vendor:/opt/ros/kilted/opt/gz_rendering_vendor:/opt/ros/kilted/opt/gz_plugin_vendor:/opt/ros/kilted/opt/gz_fuel_tools_vendor:/opt/ros/kilted/opt/gz_msgs_vendor:/opt/ros/kilted/opt/gz_common_vendor:/opt/ros/kilted/opt/gz_math_vendor:/opt/ros/kilted/opt/gz_utils_vendor:/opt/ros/kilted/opt/gz_tools_vendor:/opt/ros/kilted/opt/gz_ogre_next_vendor:/opt/ros/kilted/opt/gz_dartsim_vendor:/opt/ros/kilted/opt/gz_cmake_vendor:/home/GTL/asacks/ros_workspace/install/model_prediction:/home/GTL/asacks/ros_workspace/install/joy_teleop:/opt/ros/kilted DEBUGINFOD_URLS=https://debuginfod.ubuntu.com LD_LIBRARY_PATH=/home/GTL/asacks/ros_workspace/install/task_manager_lib/lib:/home/GTL/asacks/ros_workspace/install/nav2_msgs/lib:/home/GTL/asacks/ros_workspace/install/task_manager_msgs/lib:/home/GTL/asacks/ros_workspace/install/cs7630_msgs/lib:${LD_LIBRARY_PATH} PYTHONPATH=/home/GTL/asacks/ros_workspace/install/nav2_msgs/lib/python3.12/site-packages:/home/GTL/asacks/ros_workspace/install/task_manager_msgs/lib/python3.12/site-packages:/home/GTL/asacks/ros_workspace/install/nav2_common/lib/python3.12/site-packages:/home/GTL/asacks/ros_workspace/install/cs7630_msgs/lib/python3.12/site-packages:${PYTHONPATH} /usr/bin/cmake --install /home/GTL/asacks/ros_workspace/build/floor_nav
[247.824s] Level 1:colcon.colcon_core.environment:checking '/home/GTL/asacks/ros_workspace/install/floor_nav' for CMake config files
[247.827s] Level 1:colcon.colcon_core.shell:create_environment_hook('floor_nav', 'cmake_prefix_path')
[247.827s] INFO:colcon.colcon_core.shell:Creating environment hook '/home/GTL/asacks/ros_workspace/install/floor_nav/share/floor_nav/hook/cmake_prefix_path.ps1'
[247.830s] INFO:colcon.colcon_core.shell:Creating environment descriptor '/home/GTL/asacks/ros_workspace/install/floor_nav/share/floor_nav/hook/cmake_prefix_path.dsv'
[247.831s] INFO:colcon.colcon_core.shell:Creating environment hook '/home/GTL/asacks/ros_workspace/install/floor_nav/share/floor_nav/hook/cmake_prefix_path.sh'
[247.833s] Level 1:colcon.colcon_core.environment:checking '/home/GTL/asacks/ros_workspace/install/floor_nav/lib'
[247.834s] Level 1:colcon.colcon_core.environment:checking '/home/GTL/asacks/ros_workspace/install/floor_nav/bin'
[247.834s] Level 1:colcon.colcon_core.environment:checking '/home/GTL/asacks/ros_workspace/install/floor_nav/lib/pkgconfig/floor_nav.pc'
[247.834s] Level 1:colcon.colcon_core.environment:checking '/home/GTL/asacks/ros_workspace/install/floor_nav/lib/python3.12/site-packages'
[247.835s] Level 1:colcon.colcon_core.environment:checking '/home/GTL/asacks/ros_workspace/install/floor_nav/bin'
[247.835s] INFO:colcon.colcon_core.shell:Creating package script '/home/GTL/asacks/ros_workspace/install/floor_nav/share/floor_nav/package.ps1'
[247.837s] INFO:colcon.colcon_core.shell:Creating package descriptor '/home/GTL/asacks/ros_workspace/install/floor_nav/share/floor_nav/package.dsv'
[247.839s] INFO:colcon.colcon_core.shell:Creating package script '/home/GTL/asacks/ros_workspace/install/floor_nav/share/floor_nav/package.sh'
[247.840s] INFO:colcon.colcon_core.shell:Creating package script '/home/GTL/asacks/ros_workspace/install/floor_nav/share/floor_nav/package.bash'
[247.842s] INFO:colcon.colcon_core.shell:Creating package script '/home/GTL/asacks/ros_workspace/install/floor_nav/share/floor_nav/package.zsh'
[247.844s] Level 1:colcon.colcon_core.environment:create_file_with_runtime_dependencies(/home/GTL/asacks/ros_workspace/install/floor_nav/share/colcon-core/packages/floor_nav)
[247.848s] Level 1:colcon.colcon_core.environment:create_environment_scripts_only(floor_nav)
[247.848s] Level 1:colcon.colcon_core.environment:checking '/home/GTL/asacks/ros_workspace/install/floor_nav' for CMake module files
[247.850s] Level 1:colcon.colcon_core.environment:checking '/home/GTL/asacks/ros_workspace/install/floor_nav' for CMake config files
[247.853s] Level 1:colcon.colcon_core.shell:create_environment_hook('floor_nav', 'cmake_prefix_path')
[247.853s] INFO:colcon.colcon_core.shell:Creating environment hook '/home/GTL/asacks/ros_workspace/install/floor_nav/share/floor_nav/hook/cmake_prefix_path.ps1'
[247.855s] INFO:colcon.colcon_core.shell:Creating environment descriptor '/home/GTL/asacks/ros_workspace/install/floor_nav/share/floor_nav/hook/cmake_prefix_path.dsv'
[247.857s] INFO:colcon.colcon_core.shell:Creating environment hook '/home/GTL/asacks/ros_workspace/install/floor_nav/share/floor_nav/hook/cmake_prefix_path.sh'
[247.858s] Level 1:colcon.colcon_core.environment:checking '/home/GTL/asacks/ros_workspace/install/floor_nav/lib'
[247.859s] Level 1:colcon.colcon_core.environment:checking '/home/GTL/asacks/ros_workspace/install/floor_nav/bin'
[247.859s] Level 1:colcon.colcon_core.environment:checking '/home/GTL/asacks/ros_workspace/install/floor_nav/lib/pkgconfig/floor_nav.pc'
[247.859s] Level 1:colcon.colcon_core.environment:checking '/home/GTL/asacks/ros_workspace/install/floor_nav/lib/python3.12/site-packages'
[247.860s] Level 1:colcon.colcon_core.environment:checking '/home/GTL/asacks/ros_workspace/install/floor_nav/bin'
[247.860s] INFO:colcon.colcon_core.shell:Creating package script '/home/GTL/asacks/ros_workspace/install/floor_nav/share/floor_nav/package.ps1'
[247.862s] INFO:colcon.colcon_core.shell:Creating package descriptor '/home/GTL/asacks/ros_workspace/install/floor_nav/share/floor_nav/package.dsv'
[247.863s] INFO:colcon.colcon_core.shell:Creating package script '/home/GTL/asacks/ros_workspace/install/floor_nav/share/floor_nav/package.sh'
[247.865s] INFO:colcon.colcon_core.shell:Creating package script '/home/GTL/asacks/ros_workspace/install/floor_nav/share/floor_nav/package.bash'
[247.866s] INFO:colcon.colcon_core.shell:Creating package script '/home/GTL/asacks/ros_workspace/install/floor_nav/share/floor_nav/package.zsh'
[247.868s] Level 1:colcon.colcon_core.environment:create_file_with_runtime_dependencies(/home/GTL/asacks/ros_workspace/install/floor_nav/share/colcon-core/packages/floor_nav)
[247.869s] DEBUG:colcon.colcon_parallel_executor.executor.parallel:closing loop
[247.869s] DEBUG:colcon.colcon_parallel_executor.executor.parallel:loop closed
[247.869s] DEBUG:colcon.colcon_parallel_executor.executor.parallel:run_until_complete finished with '0'
[247.869s] DEBUG:colcon.colcon_core.event_reactor:joining thread
[247.883s] INFO:colcon.colcon_core.plugin_system:Skipping extension 'colcon_notification.desktop_notification.terminal_notifier': Not used on non-Darwin systems
[247.883s] INFO:colcon.colcon_core.plugin_system:Skipping extension 'colcon_notification.desktop_notification.win32': Not used on non-Windows systems
[247.883s] INFO:colcon.colcon_notification.desktop_notification:Sending desktop notification using 'notify2'
[247.929s] DEBUG:colcon.colcon_core.event_reactor:joined thread
[247.929s] INFO:colcon.colcon_core.shell:Creating prefix script '/home/GTL/asacks/ros_workspace/install/local_setup.ps1'
[247.934s] INFO:colcon.colcon_core.shell:Creating prefix util module '/home/GTL/asacks/ros_workspace/install/_local_setup_util_ps1.py'
[247.938s] INFO:colcon.colcon_core.shell:Creating prefix chain script '/home/GTL/asacks/ros_workspace/install/setup.ps1'
[247.945s] INFO:colcon.colcon_core.shell:Creating prefix script '/home/GTL/asacks/ros_workspace/install/local_setup.sh'
[247.947s] INFO:colcon.colcon_core.shell:Creating prefix util module '/home/GTL/asacks/ros_workspace/install/_local_setup_util_sh.py'
[247.949s] INFO:colcon.colcon_core.shell:Creating prefix chain script '/home/GTL/asacks/ros_workspace/install/setup.sh'
[247.954s] INFO:colcon.colcon_core.shell:Creating prefix script '/home/GTL/asacks/ros_workspace/install/local_setup.bash'
[247.956s] INFO:colcon.colcon_core.shell:Creating prefix chain script '/home/GTL/asacks/ros_workspace/install/setup.bash'
[247.961s] INFO:colcon.colcon_core.shell:Creating prefix script '/home/GTL/asacks/ros_workspace/install/local_setup.zsh'
[247.963s] INFO:colcon.colcon_core.shell:Creating prefix chain script '/home/GTL/asacks/ros_workspace/install/setup.zsh'
